RecordID,carat,cut,color,clarity,depth,table,x,y,z,price
4,1.32,Very Good,G,SI2,62.9,57,6.94,6.98,4.38,6294
5,0.31,Very Good,H,VS2,63.2,58,4.33,4.31,2.73,628
6,0.33,Ideal,G,VVS1,62.3,55,4.43,4.46,2.77,868
8,0.32,Ideal,G,VS2,61.8,55,4.4,4.43,2.73,564
11,0.43,Premium,E,SI2,61,60,4.94,4.87,2.99,903
13,0.3,Premium,E,IF,60.1,60,4.32,4.3,2.59,1097
14,1.41,Good,H,VS2,63.8,60,7.12,7.04,4.52,9254
15,1.5,Very Good,G,SI1,61.5,59,7.31,7.39,4.52,9645
16,0.32,Ideal,E,VS1,61.7,56,4.42,4.39,2.72,972
19,0.54,Ideal,E,VS2,60.5,56,5.26,5.28,3.19,1754
23,0.31,Ideal,D,VS2,61.2,55,4.42,4.37,2.69,942
26,0.9,Very Good,F,SI2,60.3,63,6.28,6.21,3.77,3630
29,1.01,Very Good,E,VS2,61.7,56,6.41,6.45,3.97,5777
30,1.09,Ideal,F,VS2,60.9,54,6.73,6.66,4.08,7520
32,1.03,Premium,H,SI1,61.8,58,6.47,6.41,3.98,3945
33,0.32,Premium,F,SI1,62.3,55,4.44,4.39,2.75,684
34,1.03,Ideal,F,VVS2,62,56,6.45,6.48,4.01,9245
35,0.36,Premium,F,SI1,61.9,59,4.54,4.51,2.8,770
36,1,Premium,D,SI2,61.6,58,6.45,6.37,3.95,4626
38,0.3,Good,H,VVS2,63.7,55,4.24,4.27,2.71,605
41,0.51,Ideal,E,SI1,59.6,57,5.2,5.24,3.11,1438
46,0.6,Premium,E,VS2,62.7,58,5.37,5.34,3.36,1915
48,2.24,Ideal,I,SI2,62.1,53.6,8.38,8.41,5.21,15730
49,1.21,Premium,J,VVS2,61.7,60,6.85,6.82,4.22,5531
55,1.86,Very Good,H,VVS2,58.6,62,8.07,8.14,4.75,17267
56,0.72,Premium,F,VS2,62.1,57,5.73,5.71,3.55,2724
57,1.01,Very Good,D,SI1,59.8,56,6.57,6.6,3.94,5394
58,1.24,Ideal,G,VS2,62.3,57,6.95,6.89,4.31,8799
64,0.5,Very Good,D,VVS2,61.7,59,5.02,5.09,3.12,2115
65,0.32,Good,E,SI1,63.1,56,4.36,4.39,2.76,561
66,0.43,Ideal,D,VS1,61.6,56,4.85,4.86,2.99,1207
71,0.4,Very Good,G,SI1,61.9,55,4.71,4.75,2.93,682
73,0.53,Ideal,G,VVS1,61.6,57,5.2,5.22,3.21,2153
74,0.31,Ideal,E,VS2,62,55,4.33,4.35,2.69,680
77,1.15,Premium,G,SI1,62.2,56,6.76,6.68,4.18,5851
81,0.3,Premium,I,VS1,59.8,60,4.36,4.34,2.6,608
82,1,Fair,G,SI1,64.4,57,6.32,6.28,4.06,4295
86,1.29,Ideal,H,SI1,62.6,56,6.96,6.93,4.35,6424
91,1.44,Very Good,E,I1,61.1,62,7.15,7.23,4.39,5068
97,0.33,Very Good,G,VS2,62.1,56,4.41,4.44,2.75,579
100,1.39,Premium,F,SI1,62.4,59,7.14,7.09,4.44,8925
103,0.57,Ideal,D,VS2,61.7,56,5.3,5.37,3.29,2099
105,0.33,Premium,J,VS1,61.5,61,4.46,4.39,2.72,557
106,0.3,Ideal,G,VVS1,60.4,58,4.36,4.38,2.64,747
113,1.3,Very Good,J,VS2,63.3,57,6.98,6.96,4.41,4106
116,0.74,Ideal,I,VVS2,61.3,57,5.82,5.85,3.57,3130
117,0.31,Premium,G,SI1,61.5,59,4.38,4.34,2.68,593
119,0.42,Good,G,VVS2,57.7,59.8,4.95,4.96,2.86,1076
121,0.3,Premium,E,VS2,61.9,61,4.32,4.28,2.66,844
127,0.7,Good,F,SI1,,65,5.71,5.66,3.5,2401
128,0.52,Very Good,D,VS2,63.4,56,5.16,5.09,3.25,1828
133,0.92,Premium,F,SI2,62.1,60,6.21,6.26,3.87,3083
134,2,Good,J,I1,63.6,62,7.97,7.8,5.02,6521
136,0.39,Ideal,E,VS1,60.8,56,4.74,4.77,2.89,914
138,2.13,Ideal,H,SI1,62.2,55,8.2,8.27,5.12,18275
142,0.51,Premium,E,SI1,58.2,61,5.27,5.22,3.05,1340
143,0.81,Ideal,I,SI1,62.2,57,5.95,5.98,3.71,2323
145,1.71,Fair,I,SI2,65.1,60,7.5,7.46,4.87,8800
146,0.32,Premium,E,VVS2,61.1,58,4.42,4.45,2.71,842
147,1.03,Premium,E,SI2,61.4,58,6.49,6.45,3.97,4328
148,0.36,Very Good,E,SI1,63.5,58,4.46,4.49,2.84,593
149,0.71,Very Good,F,VVS2,62,56,5.71,5.74,3.55,3612
150,1.01,Premium,H,SI1,62.4,60,6.36,6.33,3.96,4836
153,2.08,Premium,I,SI1,60.3,59,8.26,8.22,4.97,15065
154,1.04,Very Good,I,SI1,63.2,54,6.49,6.42,4.08,4193
157,0.37,Premium,G,SI1,62.1,60,4.54,4.61,2.84,551
158,0.21,Premium,D,VS2,61.6,59,3.82,3.78,2.34,386
169,0.5,Fair,G,VS1,65.7,63,4.97,4.87,3.23,1257
170,0.53,Ideal,G,VVS1,61.4,57,5.21,5.18,3.19,2106
175,0.3,Good,G,VS1,63.3,56,4.28,4.31,2.72,565
178,2.26,Very Good,D,SI2,61.6,61,8.47,8.38,5.19,18028
180,1,Very Good,E,VS1,63,58,6.29,6.38,3.99,7676
181,0.9,Very Good,G,SI1,63.6,57,6.07,6.13,3.88,3718
184,0.7,Very Good,H,VS2,61.4,54,5.77,5.66,3.51,2138
186,0.9,Ideal,H,VVS2,62,57,6.15,6.2,3.83,4924
187,0.7,Premium,D,SI2,59.3,59,5.79,5.74,3.42,2562
188,1.01,Premium,G,SI2,63,59,6.38,6.32,4,3923
189,0.71,Ideal,G,SI1,59.7,60,5.79,5.81,3.46,2522
191,0.3,Premium,G,VVS1,61.3,58,4.33,4.29,2.64,945
192,1.5,Good,G,VS1,63.6,57,7.23,7.14,4.57,10036
197,0.72,Very Good,J,VS2,63.2,60,5.77,5.7,3.63,1814
201,0.38,Ideal,E,SI1,61.9,55,4.64,4.7,2.89,700
205,0.7,Very Good,E,VS1,63.4,57,5.63,5.67,3.58,3095
206,0.23,Very Good,G,VVS2,62.9,55,3.88,3.92,2.45,431
209,1.11,Ideal,H,SI2,61.3,55,6.65,6.73,4.1,4578
211,0.92,Very Good,J,VS2,60.9,62,6.26,6.31,3.83,3146
213,0.71,Ideal,F,VS1,62.1,55,5.82,5.68,3.57,2839
215,1.27,Ideal,F,IF,61.3,55,6.98,7.02,4.29,15377
220,1.04,Premium,I,SI2,62,57,6.53,6.47,4.03,3774
222,0.74,Ideal,G,VS2,61.3,55,5.82,5.89,3.59,2604
224,0.26,Ideal,H,VS1,61.8,56,4.12,4.14,2.55,448
230,0.4,Very Good,F,VVS1,61.9,59,4.71,4.75,2.93,1111
231,1.21,Ideal,H,VS2,62.4,59,6.81,6.79,4.24,7236
232,0.35,Ideal,D,SI1,61.6,56,4.53,4.49,2.78,827
233,0.53,Ideal,F,IF,61.9,54,5.22,5.25,3.24,2802
234,0.7,Very Good,G,SI1,62.8,56,5.64,5.66,3.55,2304
238,0.32,Ideal,G,VS2,61.8,57,4.4,4.37,2.71,720
239,0.74,Ideal,F,VVS2,61.5,55,5.85,5.82,3.59,3879
240,2.03,Ideal,F,SI2,61.4,58,8.12,8.16,5,18535
241,1.24,Premium,F,VS2,62.2,58,6.89,6.84,4.27,9411
243,0.34,Ideal,D,VS2,62.9,56,4.5,4.44,2.81,1033
246,0.51,Ideal,E,VS2,60.9,56,5.15,5.2,3.15,1656
252,0.32,Premium,G,VVS2,61.7,59,4.37,4.41,2.71,730
256,2.01,Premium,I,SI1,60.9,60,8.1,8.06,4.92,15528
266,0.63,Ideal,G,VS2,60.9,56,5.57,5.6,3.4,2357
269,1.27,Good,I,VS2,63.3,63,6.82,6.87,4.33,5923
275,0.25,Very Good,F,VVS2,61.6,57,4.05,4.08,2.5,633
278,0.91,Ideal,E,SI2,62.7,57,6.19,6.26,3.9,3756
279,1.04,Ideal,G,VS1,62.3,56,6.45,6.49,4.03,7457
280,0.4,Very Good,H,VS1,61.3,59,4.79,4.74,2.92,818
281,0.7,Very Good,E,IF,60.3,59,5.72,5.76,3.46,4679
283,0.56,Ideal,H,VS1,61.8,55,5.29,5.33,3.28,1770
287,2.01,Ideal,I,VS1,61.4,59,8.06,8.13,4.97,17227
289,0.41,Ideal,E,VS1,61.7,57,4.8,4.76,2.95,1153
295,1.71,Very Good,H,VS2,62.6,59,7.54,7.58,4.73,13445
297,0.91,Very Good,E,VS2,62.8,59,6.15,6.17,3.87,4823
300,0.39,Very Good,F,VVS1,62.7,57,4.64,4.68,2.92,1232
311,1,Very Good,G,SI2,63.3,56,6.38,6.29,4.01,3920
312,0.54,Very Good,F,VS1,60,59,5.26,5.32,3.17,1653
313,1.06,Premium,F,VS2,61.8,60,6.58,6.53,4.05,6673
314,0.41,Ideal,G,VVS2,61.7,55,4.81,4.85,2.98,1199
317,0.51,Premium,F,SI1,59.4,60,5.19,5.21,3.09,1308
318,1.41,Premium,G,SI1,62.1,59,7.23,7.13,4.46,8572
319,0.79,Very Good,G,SI1,60.6,57,5.98,6.06,3.65,2793
323,0.31,Ideal,F,VS2,61.1,56,4.35,4.39,2.67,640
325,1.27,Premium,I,SI1,60.9,59,6.94,6.99,4.24,5588
328,0.34,Ideal,G,IF,61.6,54,4.49,4.53,2.78,974
329,0.55,Premium,E,SI1,62.4,57.6,5.23,5.28,3.27,1630
330,1.08,Good,E,SI1,58.4,60,6.71,6.74,3.93,5575
332,0.27,Very Good,E,VS2,58.6,57,4.3,4.33,2.53,449
334,0.9,Good,D,SI2,64,59,6.04,6.09,3.88,4078
337,1.3,Ideal,G,VS1,62,55,6.98,7.02,4.34,10038
338,1.17,Fair,I,I1,65.4,62,6.68,6.57,4.33,2935
339,0.57,Ideal,G,VS1,62.5,54.2,5.29,5.31,3.31,1943
341,0.38,Premium,F,VS2,60.9,56,4.72,4.67,2.86,1026
342,1.05,Good,D,SI2,60,63,6.59,6.64,3.97,4560
344,1.06,Ideal,G,VS2,62.2,56,6.51,6.54,4.06,6660
348,0.79,Ideal,E,SI1,62.1,54,5.92,5.96,3.69,3107
350,1.15,Very Good,H,SI1,62.4,57,6.68,6.71,4.18,5270
352,0.32,Ideal,G,IF,61.7,56,4.39,4.42,2.72,918
356,0.4,Ideal,H,VS2,61.4,55,4.76,4.78,2.93,725
362,1.21,Very Good,G,SI2,62.7,59,6.66,6.74,4.2,5308
364,1,Very Good,F,VS2,62.8,57,6.29,6.35,3.97,6957
367,0.91,Very Good,H,VS1,59.4,63,6.32,6.28,3.74,4670
370,1.5,Ideal,H,SI1,62,55,7.34,7.29,4.54,11189
371,0.41,Very Good,J,IF,63.5,54,4.75,4.7,3,1061
372,0.4,Ideal,H,VVS2,62.4,57,4.73,4.69,2.94,1125
378,1.29,Very Good,I,SI1,63.6,57,6.88,6.92,4.39,5771
380,0.54,Ideal,F,SI1,61.2,56,5.23,5.29,3.22,1307
382,0.41,Very Good,H,VS1,61.5,55,4.8,4.82,2.96,788
383,1.11,Ideal,H,VVS2,61.4,57,6.67,6.63,4.08,6962
389,0.31,Premium,F,VS2,59.7,60,4.42,4.39,2.63,802
390,1.01,Very Good,G,VS1,63.6,57,6.34,6.36,4.04,7021
392,0.3,Ideal,F,VS1,62.6,57,4.29,4.34,2.7,570
395,0.9,Premium,I,SI2,60.6,60,6.28,6.23,3.79,2948
396,0.51,Ideal,H,IF,60.3,58,5.15,5.17,3.11,1899
400,1.02,Premium,E,VS2,58.4,57,6.64,6.59,3.86,6854
402,2.06,Premium,H,SI1,62.4,59,8.11,8.07,5.05,14863
403,1.15,Ideal,F,VVS2,62.1,55,6.74,6.69,4.17,8903
405,0.31,Premium,H,VS1,62.4,58,4.32,4.36,2.71,544
408,0.31,Very Good,H,VS2,60.5,63,4.33,4.37,2.63,489
409,0.33,Premium,E,VVS1,59.7,58,4.49,4.52,2.69,984
410,1.17,Very Good,H,SI2,62.7,56,6.68,6.74,4.21,4826
412,0.81,Ideal,F,SI1,61.9,57,5.98,6.01,3.71,2977
413,1.1,Ideal,I,SI2,61.7,56,6.65,6.6,4.09,3216
414,0.43,Ideal,G,VS1,61.9,55,4.84,4.86,3,943
415,0.83,Premium,E,SI1,60.7,58,6.06,6.09,3.69,3482
416,1.22,Premium,F,VS2,,58,6.89,6.86,4.26,8733
417,1.02,Premium,G,SI1,61.7,58,6.47,6.37,3.96,5169
419,0.7,Very Good,D,SI1,61.1,57,5.74,5.66,3.48,2677
420,0.91,Fair,D,SI1,,60,6.08,6.04,3.9,3855
424,1.01,Very Good,D,SI1,62.2,58,6.36,6.4,3.97,5122
425,0.77,Ideal,I,VS1,61.4,56,5.86,5.9,3.61,2635
426,1.23,Premium,I,VS1,61.6,58,6.9,6.84,4.23,5632
431,0.79,Ideal,E,VS2,61.8,56,5.91,5.94,3.66,3605
433,1.62,Ideal,G,VS2,61.7,54,7.57,7.58,4.68,15318
434,2.07,Ideal,I,SI2,62,55,8.22,8.12,5.07,16337
435,0.71,Very Good,H,VS1,62.7,57,5.66,5.72,3.57,2559
437,1,Good,H,SI1,63.4,56,6.34,6.37,4.03,4389
438,1.51,Premium,F,SI1,61.4,58,7.43,7.35,4.54,11817
440,0.58,Ideal,F,VVS2,62.2,56,5.32,5.35,3.32,2509
442,0.9,Fair,D,SI2,64.7,59,6.09,5.99,3.91,3205
443,0.52,Ideal,G,VVS1,60.7,55,5.19,5.29,3.18,2065
444,2,Premium,G,SI2,60.4,61,8.21,8.12,4.93,17136
447,0.27,Ideal,H,VS1,61.6,56,4.16,4.19,2.57,480
451,0.47,Ideal,E,VVS2,61.6,56,4.97,5.01,3.07,2113
452,0.89,Very Good,I,VS2,63.1,55,6.09,6.17,3.87,3238
453,1,Premium,G,VS2,59.3,60,6.55,6.51,3.87,6048
454,0.32,Ideal,H,VS2,,55,4.42,4.38,2.75,648
455,1.62,Premium,G,VS2,62.3,58,7.49,7.54,4.68,13578
457,0.44,Good,D,SI1,58.8,62,4.97,5,2.93,777
458,1.05,Premium,G,SI2,60.1,60,6.66,6.58,3.98,3898
459,0.4,Ideal,D,SI1,61.3,57,4.74,4.79,2.92,726
460,0.7,Premium,H,VS1,61.9,56,5.7,5.67,3.52,2367
461,0.7,Very Good,I,VS2,62.2,59,5.64,5.71,3.53,1666
462,1.44,Very Good,D,VS2,,56,7.15,7.12,4.5,10967
464,1.01,Premium,H,SI1,61.8,59,6.38,6.33,3.93,5204
466,1.2,Ideal,G,SI1,62.2,58,6.77,6.84,4.23,6741
469,2.05,Premium,J,VS1,62.5,60,8.14,8.09,5.07,15109
474,0.5,Good,E,SI1,64.2,59,5.03,4.97,3.21,1090
475,0.3,Premium,G,VVS2,61.8,59,4.26,4.22,2.62,878
477,1.01,Premium,F,VS2,61.7,58,6.47,6.43,3.98,7240
482,1.58,Ideal,I,SI1,62.3,55,7.42,7.49,4.64,9457
486,1.02,Premium,E,VVS1,61.5,59,6.41,6.46,3.96,11062
491,0.96,Fair,F,SI2,65.2,58,6.14,6.12,3.99,3688
495,0.31,Premium,E,SI1,59.1,59,4.44,4.42,2.62,698
496,0.52,Ideal,E,VS2,61.3,55,5.18,5.2,3.18,1712
498,0.32,Ideal,D,VS2,62.6,55,4.39,4.37,2.74,972
502,0.73,Premium,G,VS2,60.7,58,5.87,5.82,3.55,2770
503,0.9,Ideal,F,VS2,62.3,57,6.18,6.21,3.86,5160
505,0.25,Premium,E,VVS1,62.9,58,4.03,4.01,2.53,740
506,1.76,Ideal,I,VS1,62,57,7.74,7.71,4.79,11722
511,1.57,Ideal,J,VVS2,61.4,57,7.5,7.45,4.59,9516
514,1.46,Premium,G,SI2,62.8,52,7.31,7.27,4.58,5421
517,1.01,Good,G,VS2,63.9,54,6.37,6.31,4.05,5701
518,1.5,Premium,G,VS1,62.4,60,7.29,7.22,4.53,13009
522,0.71,Premium,I,VS1,62.5,61,5.68,5.64,3.54,2202
525,0.71,Good,E,SI1,65.9,57,5.51,5.57,3.65,2631
528,0.3,Good,D,SI1,63.2,56,4.24,4.27,2.69,552
531,0.31,Ideal,F,VVS1,60.4,59,4.35,4.43,2.65,779
532,0.3,Good,G,VVS2,63.3,57,4.23,4.27,2.69,684
533,0.31,Ideal,D,VS2,62.8,54,4.32,4.34,2.72,692
535,0.36,Very Good,E,SI1,62.9,56,4.52,4.57,2.86,631
538,1,Ideal,G,VS1,62.2,56,6.35,6.41,3.97,6349
539,0.77,Ideal,H,VS2,61.3,56,5.91,5.94,3.63,3996
542,1.5,Very Good,F,VS2,62.6,59,7.22,7.31,4.55,12870
543,2.03,Premium,J,SI2,62.7,59,8.08,8.02,5.05,12380
544,0.71,Ideal,J,VS2,62.4,54,5.72,5.76,3.58,1899
547,1.2,Very Good,E,SI2,61.4,58,6.81,6.88,4.2,6130
549,1.01,Very Good,F,SI2,62.8,60,6.33,6.4,4,4416
553,0.5,Ideal,E,VS2,62.5,57,5.1,5.04,3.17,1629
555,1.12,Ideal,F,VS2,61.9,55,6.68,6.73,4.15,7589
556,1.01,Good,F,SI1,63.7,57,6.4,6.35,4.06,4989
559,1,Ideal,I,SI2,,56,6.38,6.35,3.98,3276
561,1.02,Ideal,H,SI2,58.8,57,6.61,6.55,3.87,3142
562,1.07,Ideal,E,VVS2,61.7,57,6.55,6.61,4.06,10104
564,0.31,Ideal,E,VS2,59.8,57,4.43,4.46,2.65,695
568,1.2,Good,G,SI2,,54,6.75,6.71,4.28,5141
569,1.31,Very Good,I,SI2,59.6,60,7.09,7.17,4.25,5187
571,0.33,Ideal,D,VVS1,60.5,56,4.5,4.53,2.73,1257
572,1.02,Premium,D,VS2,59.8,61,6.61,6.54,3.93,6909
578,0.32,Premium,E,SI2,61.7,60,4.41,4.38,2.71,576
581,1.51,Ideal,J,VS2,,56,7.37,7.4,4.54,8203
583,0.41,Premium,D,VVS2,61.2,62,4.82,4.78,2.94,1356
584,0.41,Premium,D,VS1,60.6,59,4.84,4.8,2.92,1082
585,1.51,Ideal,G,VS2,62.3,54,7.35,7.33,4.57,13828
588,1.5,Fair,E,VS1,65.4,57,7.14,7.07,4.65,15584
594,0.4,Ideal,G,IF,62,56,4.73,4.76,2.94,1229
595,1.06,Very Good,G,I1,60.7,63,6.59,6.56,3.99,2080
599,1.41,Premium,H,SI2,59.1,57,7.41,7.34,4.36,7106
600,1.11,Premium,H,SI2,61.6,60,6.6,6.67,4.09,4578
601,1,Premium,H,SI1,59,60,6.52,6.56,3.86,4389
605,1.06,Ideal,H,SI1,61.7,56,6.58,6.55,4.05,5188
614,0.34,Good,I,VVS2,63.1,56,4.43,4.47,2.81,596
617,0.35,Ideal,F,VS2,61.4,54,4.58,4.54,2.8,906
618,0.59,Ideal,D,SI2,59.1,57,5.52,5.48,3.25,1425
621,0.5,Ideal,D,VS1,61.6,57,5.09,5.13,3.15,1923
622,0.4,Premium,G,VS2,61.9,58,4.74,4.76,2.94,753
623,1.04,Very Good,G,SI2,62.6,58,6.42,6.49,4.04,4375
625,1.01,Good,G,SI1,63.7,60,6.28,6.32,4.01,5021
627,0.32,Good,D,SI1,63.6,56,4.34,4.37,2.77,589
632,1,Ideal,F,VS2,62,55,6.43,6.48,4,5844
633,0.27,Very Good,G,VVS1,60.1,58,4.21,4.23,2.53,566
634,1,Premium,I,SI1,62.2,62,6.39,6.33,3.96,3360
635,0.36,Premium,D,VS2,59.1,58,4.63,4.68,2.75,852
639,1.5,Very Good,I,VS1,62.2,59,7.27,7.3,4.53,10164
641,1.01,Ideal,I,VS2,62.6,54,6.4,6.45,4.02,4239
642,0.31,Ideal,F,VS1,61.1,57,4.34,4.36,2.66,729
643,1.5,Fair,F,VVS2,64.7,53,7.22,7.15,4.65,16364
645,0.7,Very Good,F,VS2,61.4,57,5.73,5.76,3.53,2400
646,0.78,Premium,F,SI1,60.8,60,5.97,5.94,3.62,2826
649,1.04,Premium,F,SI1,62.2,60,6.48,6.44,4.02,5300
651,0.4,Ideal,E,VVS2,61.7,56,4.77,4.73,2.93,1238
653,0.4,Very Good,G,SI2,62.9,57,4.68,4.7,2.95,630
657,0.33,Premium,G,VVS1,61.2,60,4.44,4.42,2.71,1114
659,0.58,Fair,G,VS1,64.7,60,5.23,5.28,3.41,1701
662,1.01,Very Good,F,SI2,63.4,60,6.33,6.26,3.99,3563
663,0.56,Ideal,G,VVS2,60.7,56,5.33,5.32,3.23,2167
664,0.39,Ideal,F,VS1,61.9,55.2,4.66,4.7,2.89,939
665,1.14,Ideal,G,SI1,61.7,56,6.71,6.75,4.15,6741
667,0.36,Premium,H,SI1,63,55,4.54,4.51,2.85,648
668,0.33,Ideal,G,IF,61.6,55,4.51,4.48,2.77,1052
669,0.41,Ideal,E,SI2,60.7,57,4.85,4.81,2.93,876
671,1.36,Premium,H,SI2,60.1,56,7.23,7.18,4.38,5103
672,0.53,Ideal,E,VVS1,62.1,55,5.18,5.23,3.23,2604
673,0.43,Ideal,D,SI2,61,57,4.81,4.86,2.95,716
676,0.7,Premium,E,VS2,60.8,58,5.7,5.74,3.48,2673
677,1.04,Premium,G,VS2,62.5,58,6.47,6.43,4.03,6290
681,0.28,Very Good,F,VVS2,61.6,56,4.2,4.23,2.59,707
682,0.39,Very Good,E,VS2,62.7,59,4.64,4.68,2.92,794
683,0.41,Ideal,F,VVS1,62.3,57,4.73,4.77,2.96,1295
686,2.04,Very Good,J,VS2,63,58,7.99,8.02,5.04,13609
690,0.51,Premium,E,SI1,62.4,59,5.07,5.12,3.18,1381
691,1.21,Premium,I,SI1,61.7,56,6.87,6.82,4.22,6098
692,0.71,Good,F,SI1,63.7,58,5.65,5.62,3.59,2308
693,0.92,Premium,F,SI2,58.1,58,6.46,6.41,3.74,3282
696,1.21,Premium,I,SI1,61.6,58,6.89,6.84,4.23,5353
697,2,Very Good,I,VS2,,62,8.17,8.2,4.8,15923
700,1.52,Premium,H,SI2,62,58,7.37,7.34,4.56,7906
702,0.35,Premium,E,VS2,60.9,59,4.54,4.56,2.77,767
705,0.32,Premium,G,VS2,61.5,60,4.4,4.42,2.71,561
709,1.57,Very Good,J,VS2,62.6,60,7.34,7.41,4.62,7813
710,0.3,Ideal,F,VS1,61.9,55.1,4.31,4.34,2.68,652
714,1.2,Ideal,E,VVS1,61.8,56,6.78,6.87,4.22,16256
715,0.33,Premium,I,IF,62.1,58,4.43,4.39,2.74,891
720,1.36,Ideal,J,VVS2,61.9,56,7.16,7.13,4.42,6973
721,0.55,Ideal,E,SI1,,56,5.23,5.26,3.27,1551
722,1.01,Good,H,VS2,64.4,58,6.18,6.24,4,5331
723,0.54,Premium,D,SI1,62,55,5.24,5.21,3.24,1786
727,0.38,Premium,F,SI1,60.4,58,4.72,4.68,2.84,898
728,1.33,Premium,G,SI2,60.3,58,7.16,7.19,4.33,6565
729,1.03,Very Good,F,IF,62.8,57,6.4,6.47,4.04,10032
736,1.29,Ideal,F,VS1,62.3,54.4,6.93,7,4.34,10727
742,2.35,Very Good,I,SI2,58.5,57,8.72,8.77,5.12,15122
745,2.01,Very Good,H,SI1,,60,8.25,8.2,4.94,17476
746,0.3,Premium,E,VS2,61.6,58,4.33,4.31,2.66,844
747,0.44,Very Good,G,SI2,60.6,55,4.94,4.96,3,1016
749,2.21,Premium,H,SI2,61.3,60,8.35,8.33,5.11,14032
753,0.74,Ideal,H,SI2,,56,5.78,5.84,3.57,2289
754,0.25,Very Good,E,VVS2,63.4,58,3.97,4.01,2.53,575
764,0.96,Very Good,G,SI1,60.3,57,6.35,6.38,3.84,4265
765,0.4,Ideal,D,VS1,62.3,56,4.74,4.77,2.96,1059
766,0.44,Very Good,E,VVS2,59.6,59,4.98,4.99,2.97,1337
768,0.74,Very Good,E,SI2,61,57,5.83,5.88,3.57,2574
772,0.42,Premium,I,SI2,61.5,59,4.84,4.78,2.96,709
774,1.11,Ideal,E,SI2,61.2,57,6.7,6.74,4.11,4969
775,2.18,Ideal,J,VS2,60.3,57,8.41,8.45,5.08,16427
777,0.53,Very Good,G,VS2,60.1,59,5.22,5.26,3.15,1449
779,0.73,Good,F,VVS2,59.5,61,5.8,5.83,3.46,3616
780,1.5,Very Good,J,VVS1,62.3,62,7.16,7.23,4.48,8415
782,1,Good,J,SI1,61.7,62,6.37,6.4,3.94,3690
783,0.43,Very Good,E,SI1,,56,4.82,4.8,3.05,894
784,0.47,Very Good,G,SI1,62.8,56,4.96,4.93,3.11,1133
786,1.52,Fair,H,VS2,62.1,66,7.33,7.13,4.5,8674
788,1.23,Very Good,D,SI1,62.3,57,6.8,6.87,4.26,8079
789,0.5,Ideal,H,VS2,60.8,56,5.17,5.19,3.14,1446
791,1.01,Premium,H,SI1,58.2,62,6.54,6.48,3.78,4191
792,0.33,Ideal,E,VVS1,62.2,55,4.42,4.46,2.76,986
793,1.01,Ideal,F,VS1,62.5,54,6.46,6.43,4.03,7602
795,0.51,Ideal,F,VS2,62.8,57,5.1,5.06,3.19,1619
798,1.02,Premium,G,VS1,61,58,6.55,6.49,3.98,6683
799,1.15,Ideal,E,SI1,62.7,56,6.73,6.7,4.21,5526
801,1.5,Ideal,F,VS2,62.4,55,7.31,7.25,4.54,14199
802,1.18,Premium,G,VVS2,58.2,62,6.92,6.89,4.02,9188
803,0.57,Premium,G,VS1,60.2,57,5.42,5.37,3.25,1819
804,0.75,Very Good,G,SI1,62.3,59,5.77,5.81,3.61,2462
806,1.21,Ideal,H,VVS2,60.4,57,6.9,6.93,4.18,7954
807,0.56,Ideal,E,VS2,61.7,54,5.28,5.35,3.28,1819
813,0.3,Premium,D,IF,62.1,59,4.27,4.29,2.66,1130
815,1.02,Ideal,F,VS1,62.2,57,6.39,6.43,3.99,7836
817,0.32,Premium,E,SI1,61.9,59,4.36,4.39,2.71,561
818,0.54,Premium,E,SI1,60.2,58,5.27,5.3,3.18,1361
822,0.93,Premium,J,VS2,61.1,59,6.34,6.32,3.87,3125
823,0.43,Ideal,I,VS1,62.4,56,4.81,4.84,3.01,1218
830,1.61,Premium,F,VS2,62.3,59,7.53,7.47,4.67,15426
831,0.31,Very Good,E,SI1,63.5,57,4.32,4.28,2.73,698
833,0.33,Premium,H,IF,62,58,4.39,4.42,2.73,868
835,1.51,Good,I,VS1,64,60,7.1,7.19,4.57,8975
836,1.08,Very Good,H,VS2,62.9,59,6.47,6.56,4.1,5515
837,1.02,Premium,H,VS2,62.4,58,6.39,6.43,4,5356
838,1.2,Premium,E,SI1,62.5,56,6.75,6.71,4.21,6742
840,0.32,Good,H,VS2,63.1,55,4.33,4.36,2.74,505
842,1.31,Premium,H,VS2,62.5,58,6.97,6.94,4.35,7277
843,0.7,Very Good,E,SI1,61.2,57,5.68,5.73,3.49,2753
844,1.16,Ideal,I,VS2,61.5,57,6.78,6.75,4.16,5302
845,1.61,Premium,G,SI1,62.6,58,7.48,7.45,4.67,11303
847,1.21,Premium,G,SI2,,58,6.9,6.96,4.18,5430
851,1.02,Premium,I,SI1,60.2,60,6.45,6.39,3.87,3713
853,0.7,Ideal,E,SI1,60.2,57,5.78,5.82,3.49,2575
855,0.7,Ideal,H,VS1,61.8,56,5.69,5.72,3.53,2691
857,0.73,Ideal,E,SI2,60.4,56,5.81,5.89,3.54,2434
861,0.3,Very Good,H,VS2,63.5,54,4.3,4.27,2.72,608
863,0.32,Ideal,E,VS2,62.3,56,4.41,4.38,2.74,900
864,0.57,Premium,G,VS2,61.1,59,5.39,5.32,3.27,1571
867,0.44,Premium,G,VS2,60.6,58,4.96,4.9,2.99,1063
869,0.34,Ideal,D,IF,62.1,57,4.52,4.46,2.79,2346
871,1.16,Ideal,G,VVS1,60.5,57,6.78,6.83,4.12,9075
872,0.44,Ideal,H,SI1,61.6,56,4.87,4.93,3.02,911
873,0.56,Ideal,D,VS1,60.4,56,5.33,5.36,3.23,1924
875,2.28,Ideal,I,SI2,62.9,57,8.41,8.34,5.27,16187
876,0.33,Ideal,H,VS1,61.5,56,4.47,4.44,2.74,743
878,0.31,Premium,G,VVS1,60.5,60,4.4,4.33,2.64,1046
884,1.22,Premium,I,SI2,61.5,61,6.89,6.83,4.22,4735
887,0.44,Very Good,I,VS1,61.9,57,4.86,4.89,3.01,813
888,0.7,Good,I,I1,63.9,62,5.62,5.57,3.58,1111
891,2.08,Ideal,H,SI1,61.7,58,8.13,8.21,5.04,17469
895,0.7,Premium,I,VVS1,62.9,58,5.67,5.65,3.56,2536
896,0.31,Premium,E,VS1,61.9,58,4.31,4.32,2.67,734
898,0.7,Ideal,I,SI1,62.8,56,5.64,5.67,3.55,2287
900,2.02,Premium,F,SI2,61.7,58,8.15,8.11,5.02,18487
902,1.64,Ideal,F,SI1,61.8,55,7.6,7.58,4.69,13289
906,2.03,Premium,H,I1,59.4,59,8.31,8.22,4.91,7421
914,0.38,Very Good,J,VS2,60.5,60,4.64,4.68,2.82,566
919,2.51,Very Good,H,SI2,63.6,58,8.51,8.59,5.44,18029
921,0.71,Very Good,F,SI1,62.3,60,5.65,5.68,3.53,2436
924,1.61,Ideal,G,SI1,61.2,55,7.57,7.62,4.65,11192
929,1.78,Premium,J,SI2,62.6,58,7.78,7.72,4.85,8889
933,0.42,Premium,H,VS2,62.1,57,4.8,4.76,2.97,992
934,0.9,Ideal,G,VS1,61.8,56,6.19,6.24,3.84,4931
935,1.07,Premium,H,SI1,61.5,57,6.63,6.55,4.05,5123
938,1.23,Ideal,I,VS1,,57,6.88,6.9,4.21,7881
939,0.59,Ideal,H,VVS1,62.1,55,5.38,5.41,3.35,2193
941,1.19,Premium,E,VS1,59.8,58,7.01,6.94,4.17,9263
942,1.03,Very Good,D,SI2,63.7,56,6.32,6.39,4.05,4580
947,0.73,Ideal,H,SI1,62.8,57,5.77,5.72,3.61,2330
948,0.33,Ideal,E,SI1,62.4,56,4.41,4.43,2.76,579
951,0.4,Ideal,E,SI2,61,58,4.76,4.78,2.91,629
953,1.04,Very Good,F,SI2,60,61,6.5,6.57,3.92,4427
956,1.01,Good,H,SI1,63.7,60,6.3,6.35,4.03,4749
957,1.56,Ideal,H,SI1,62.2,55,7.41,7.45,4.62,12082
959,0.7,Ideal,F,SI1,61.8,54,5.71,5.75,3.54,2635
962,1,Very Good,D,SI2,59.5,62,6.49,6.52,3.87,4543
964,0.8,Ideal,F,SI1,60.1,60,5.98,6.03,3.61,3293
970,0.41,Very Good,F,VS2,63.2,57,4.76,4.74,3,1107
976,0.33,Very Good,F,SI2,63,58,4.4,4.42,2.78,434
980,0.54,Ideal,H,IF,60.3,55,5.29,5.33,3.2,2210
982,0.36,Ideal,D,SI1,60.3,56,4.65,4.61,2.79,851
983,1.5,Good,H,VS1,64.2,56,7.3,7.09,4.62,8749
985,1.17,Premium,D,VS1,61.7,59,6.72,6.77,4.16,9934
986,0.7,Very Good,E,SI2,63.1,54,5.73,5.65,3.59,2066
987,1.04,Ideal,I,VS1,63,56,6.44,6.41,4.05,4696
988,0.26,Very Good,F,VVS1,61.2,60,4.13,4.14,2.53,591
991,0.71,Ideal,D,SI1,61.8,56,5.72,5.76,3.54,3502
994,0.72,Very Good,E,VS2,62.9,57,5.68,5.73,3.59,2990
995,0.41,Very Good,F,SI1,63.1,56,4.73,4.69,2.97,878
997,1.01,Very Good,E,VVS1,62.3,56,6.41,6.47,4.01,10704
999,0.72,Ideal,G,VS1,61.3,56,5.77,5.82,3.55,3102
1004,0.31,Premium,H,VS1,61.8,61,4.36,4.32,2.68,698
1010,0.41,Premium,G,VS2,59.8,58,4.84,4.8,2.88,1061
1011,1.06,Ideal,I,SI1,62.8,56,6.52,6.47,4.08,4333
1014,0.52,Ideal,H,VS1,62.4,55,5.19,5.17,3.23,1577
1016,0.41,Very Good,F,VS1,61.2,57,4.77,4.8,2.93,1007
1022,0.81,Ideal,E,SI1,62.4,57,5.92,5.97,3.71,3109
1023,0.31,Very Good,H,VS1,63.1,57,4.34,4.31,2.73,698
1025,0.52,Ideal,H,VS1,62,55.4,5.16,5.21,3.21,1575
1026,0.74,Ideal,F,VVS2,61.7,57,5.79,5.84,3.59,4157
1027,0.31,Premium,G,VS1,62.4,58,4.31,4.34,2.7,625
1032,0.56,Ideal,E,VS2,60.9,56,5.32,5.35,3.25,1819
1033,0.8,Ideal,D,VVS2,61.9,56,5.91,5.95,3.67,6004
1039,1.1,Ideal,G,SI2,62.6,56,6.64,6.58,4.14,5535
1041,0.54,Ideal,E,VS2,62.2,55,5.24,5.21,3.25,1847
1046,0.55,Ideal,H,VS2,61.8,54,5.28,5.3,3.27,1402
1050,0.3,Ideal,F,VVS1,62.1,55,4.32,4.31,2.68,1114
1051,0.32,Ideal,I,VVS2,63,57,4.37,4.33,2.74,720
1055,1.01,Very Good,E,VS1,60.9,55,6.48,6.58,3.98,7094
1059,0.5,Premium,F,VVS2,60.9,58,5.13,5.09,3.11,2016
1064,0.3,Very Good,F,VS2,62.9,57,4.26,4.29,2.69,605
1066,1.53,Premium,G,VVS2,62.5,60,7.31,7.34,4.58,15365
1067,0.32,Very Good,H,VVS1,62.9,57,4.33,4.38,2.74,730
1070,0.73,Premium,I,VVS2,61.5,58,5.78,5.73,3.54,2351
1071,0.4,Premium,G,SI1,62,59,4.72,4.7,2.92,900
1074,0.36,Premium,F,SI1,61.6,60,4.61,4.54,2.82,770
1075,1.01,Ideal,G,SI1,61.4,57,6.44,6.5,3.97,4653
1076,1.13,Ideal,G,VS2,62.1,53,6.69,6.74,4.17,7140
1079,0.7,Very Good,H,SI1,60.4,61,5.68,5.77,3.46,2296
1080,0.72,Premium,J,VS2,61.4,58,5.76,5.74,3.53,1944
1082,0.4,Good,D,SI2,63.8,54,4.73,4.7,3.01,798
1086,0.37,Ideal,D,VS2,61.3,56,4.64,4.6,2.83,1124
1088,1,Ideal,G,VS2,62.1,57,6.42,6.37,3.97,6612
1089,1,Fair,H,SI1,67.6,59,6.03,5.95,4.05,4665
1090,0.9,Very Good,H,SI2,59.5,63,6.26,6.31,3.74,3160
1092,1.52,Premium,D,SI1,59.5,61,7.5,7.43,4.44,12823
1093,0.32,Premium,J,SI1,62.2,59,4.37,4.41,2.73,365
1094,1.81,Very Good,I,VS2,62.7,58,7.68,7.77,4.84,12822
1095,0.65,Premium,G,SI1,61.9,58,5.54,5.51,3.42,1612
1098,0.53,Premium,E,SI1,61.8,60,5.21,5.18,3.21,2099
1099,0.57,Ideal,H,SI1,61.6,60,5.33,5.35,3.29,1304
1102,1.05,Very Good,E,SI1,62.2,56,6.49,6.56,4.06,5494
1103,1.1,Premium,I,SI2,62.9,59,6.6,6.53,4.13,3604
1104,0.35,Good,D,SI1,57.7,60,4.69,4.64,2.69,739
1111,1.7,Premium,G,SI2,62.5,58,7.53,7.6,4.73,10574
1112,1.12,Very Good,G,SI1,61.1,59,6.69,6.73,4.1,5361
1118,0.52,Very Good,E,VS1,59.8,61,5.19,5.22,3.11,1840
1119,0.56,Very Good,D,SI1,63,58,5.21,5.24,3.29,1746
1120,0.93,Good,D,SI2,64.5,58,6.11,6.14,3.95,3839
1123,1.55,Ideal,J,VS1,60.4,57,7.52,7.54,4.55,8548
1125,0.91,Premium,I,VS1,61.9,57,6.24,6.19,3.85,3669
1126,1.02,Very Good,F,VS2,63.2,57,6.34,6.41,4.03,6659
1130,1.01,Premium,F,SI1,62.8,59,6.4,6.36,4.01,3920
1133,1.51,Premium,G,VS2,60.4,58,7.38,7.43,4.47,11480
1134,0.58,Ideal,E,VS2,61.9,56,5.38,5.35,3.32,1984
1135,1.68,Premium,F,SI1,60.7,62,7.72,7.66,4.67,12681
1138,0.91,Very Good,G,SI2,60,57,6.27,6.32,3.78,3531
1142,0.41,Ideal,H,VS1,61.1,56,4.83,4.86,2.96,1269
1143,1.21,Fair,E,SI2,65.6,59,6.62,6.56,4.32,4926
1145,0.54,Ideal,G,SI1,61.7,55,5.24,5.27,3.24,1187
1147,0.71,Ideal,I,VS2,,57,5.72,5.64,3.53,2270
1151,0.57,Premium,F,VS1,61.3,54,5.41,5.35,3.3,1815
1152,1.51,Very Good,J,VS2,60.2,59,7.35,7.36,4.43,7418
1153,0.53,Premium,E,VVS2,62.4,56,5.19,5.17,3.23,2331
1154,1.24,Ideal,D,SI1,60.4,57,6.95,7.02,4.22,8457
1155,1.14,Premium,F,SI1,61.1,59,6.7,6.75,4.11,5925
1159,0.82,Good,G,SI2,63.8,60,5.89,5.84,3.74,2512
1160,0.3,Ideal,F,SI1,62.5,57,4.3,4.31,2.69,475
1161,0.42,Ideal,G,VS1,61.9,56,4.77,4.82,2.97,921
1162,0.54,Ideal,J,SI2,61.3,58,5.24,5.27,3.22,978
1165,1.01,Good,F,SI2,64.9,60,6.2,6.25,4.04,4140
1169,0.35,Ideal,G,IF,60.7,57,4.59,4.61,2.79,959
1174,1.09,Ideal,F,VS1,61.6,55,6.62,6.67,4.09,9786
1178,1.36,Very Good,D,SI1,59.5,61,7.21,7.24,4.3,9874
1183,0.27,Ideal,D,VS2,60.2,57,4.19,4.21,2.53,470
1187,1.14,Ideal,G,VS2,60.5,60,6.77,6.75,4.09,7099
1190,0.82,Ideal,G,SI2,61.6,56,5.98,6.04,3.7,2692
1196,1.01,Very Good,H,SI2,58.8,58,6.57,6.62,3.88,4166
1197,1.09,Very Good,G,SI1,60.2,60,6.66,6.7,4.02,5305
1200,0.32,Premium,F,VVS2,61.8,60,4.41,4.36,2.71,1008
1203,1.23,Good,H,SI1,63.9,56,6.81,6.77,4.34,5889
1210,0.42,Premium,E,SI2,58.8,60,4.9,4.86,2.87,838
1211,0.72,Ideal,E,VS2,60.6,57,5.85,5.83,3.54,3145
1212,0.56,Ideal,D,SI1,62.5,56,5.24,5.28,3.29,1608
1213,1.72,Premium,H,VS2,61.3,59,7.69,7.72,4.72,13486
1216,0.84,Fair,G,SI1,55.1,67,6.39,6.2,3.47,2782
1219,0.7,Very Good,G,SI1,62.5,57,5.63,5.7,3.54,2106
1222,0.73,Ideal,D,VVS2,62.2,56,5.79,5.73,3.58,4252
1223,0.72,Very Good,F,SI1,63.1,56,5.68,5.67,3.58,2670
1224,1.59,Ideal,D,SI2,61.6,55,7.48,7.45,4.6,8975
1225,0.81,Ideal,G,SI2,,56,5.97,6.01,3.69,2789
1228,0.56,Ideal,H,IF,61.3,56,5.32,5.35,3.27,2135
1229,0.3,Ideal,G,VS1,62.3,56,4.32,4.29,2.68,776
1233,0.28,Very Good,G,VVS2,62.5,53,4.18,4.21,2.62,522
1234,1,Premium,G,SI1,60,62,6.48,6.45,3.88,4189
1235,0.52,Ideal,G,VVS2,61.6,57,5.16,5.2,3.19,1897
1237,0.4,Ideal,G,VS2,61.2,57,4.73,4.78,2.91,807
1238,0.52,Very Good,G,VS1,63.3,55,5.12,5.09,3.23,1815
1245,1.01,Fair,G,I1,64.5,56,6.32,6.26,4.06,2287
1248,1.04,Ideal,G,SI1,61.9,56,6.46,6.5,4.01,5311
1250,1.2,Good,E,SI1,59.9,64,6.84,6.79,4.08,6653
1252,0.32,Ideal,D,SI1,60.8,57,4.41,4.44,2.69,589
1255,0.5,Ideal,E,SI2,61.4,57,5.09,5.14,3.14,1154
1259,0.3,Ideal,G,SI1,62.3,56,4.29,4.32,2.68,432
1262,0.39,Ideal,G,VVS1,58.8,62,4.77,4.79,2.81,1004
1263,0.35,Fair,D,VVS2,53.2,62,4.87,4.8,2.57,1011
1264,1.01,Premium,J,SI2,59.3,56,6.51,6.45,3.84,2683
1265,0.32,Premium,H,VS1,62.3,58,4.34,4.39,2.72,561
1271,1,Very Good,E,I1,62.3,58,6.33,6.38,3.96,3080
1272,1.2,Ideal,H,SI1,,56,6.8,6.77,4.23,6471
1273,0.5,Very Good,F,SI1,61.6,60,5.07,5.1,3.13,1214
1277,0.43,Ideal,G,SI1,62,55,4.84,4.87,3.01,795
1286,1.51,Very Good,F,VVS2,61.3,61,7.33,7.36,4.5,17203
1287,1.01,Premium,H,SI2,61.5,60,6.4,6.34,3.92,4242
1290,0.77,Premium,E,SI1,60.9,58,5.94,5.88,3.6,2896
1291,1.37,Premium,H,VS1,60.9,59,7.24,7.17,4.39,8577
1292,0.57,Very Good,E,SI1,60.3,57,5.34,5.4,3.24,1608
1296,1.02,Premium,F,VS1,,58,6.5,6.45,4.01,7485
1298,0.7,Ideal,H,VS1,61.2,55,5.71,5.76,3.51,3185
1303,0.5,Very Good,D,SI1,63.5,57,5.09,5.05,3.22,1257
1304,1.04,Ideal,H,SI2,62.1,56,6.5,6.48,4.03,4484
1305,1.24,Ideal,J,VS2,61.8,58,6.88,6.84,4.24,5361
1307,0.72,Premium,I,VS2,60.9,60,5.8,5.76,3.52,2333
1308,1.12,Ideal,I,VS2,61.2,54,6.74,6.77,4.13,5392
1312,0.31,Premium,E,VS2,60.3,58,4.42,4.37,2.65,872
1313,0.38,Ideal,F,VS2,62,54,4.64,4.69,2.89,796
1316,1.34,Ideal,H,VS2,60.8,55,7.18,7.12,4.35,7999
1318,0.51,Ideal,H,VS1,61.6,55,5.17,5.19,3.19,1668
1325,1.46,Very Good,I,SI1,62.5,57,7.15,7.19,4.48,7146
1328,0.4,Very Good,D,SI1,60,56,4.82,4.85,2.9,708
1329,0.31,Very Good,H,VVS2,62.6,56,4.33,4.36,2.72,578
1330,2.53,Ideal,I,SI1,62.4,57,8.68,8.59,5.39,16709
1332,1,Premium,D,SI2,62,60,6.38,6.3,3.93,3634
1338,0.58,Ideal,F,VS2,62.1,56,5.33,5.37,3.32,1666
1339,0.32,Ideal,G,VS1,60.7,56,4.46,4.43,2.7,773
1341,0.53,Ideal,H,IF,62,54,5.22,5.27,3.25,1949
1345,0.4,Ideal,D,VVS2,61.9,56,4.74,4.76,2.94,1263
1347,0.55,Ideal,G,VS1,61.3,57,5.25,5.28,3.23,1667
1348,0.74,Very Good,E,SI2,59.1,60,5.88,5.93,3.49,2728
1351,0.32,Ideal,G,SI1,61.8,55,4.4,4.43,2.73,449
1354,0.53,Ideal,I,IF,62.1,55,5.18,5.22,3.23,1654
1358,0.78,Premium,E,VS1,62.5,57,5.94,5.9,3.7,3444
1359,0.37,Fair,D,IF,61.2,57,4.68,4.73,2.88,1440
1360,1.02,Fair,G,SI1,64.5,56,6.3,6.23,4.04,4044
1361,0.92,Good,H,VS2,63.4,57,6.11,6.17,3.89,4247
1362,0.31,Ideal,E,VS2,60.9,57,4.36,4.38,2.66,745
1366,1.05,Ideal,G,VS1,62.2,57,6.49,6.51,4.04,7357
1369,1.02,Premium,I,VS2,61.1,59,6.4,6.37,3.9,3713
1371,1.51,Good,F,SI1,59.5,58,7.35,7.44,4.4,14148
1372,1.31,Premium,G,VS2,60.3,59,7.12,7.08,4.28,8979
1374,1.5,Premium,G,SI2,60.1,59,7.38,7.36,4.43,8820
1376,1.01,Good,G,VS1,63.2,61,6.33,6.35,4.01,6412
1377,0.7,Very Good,D,VS2,63.2,60,5.61,5.56,3.53,3033
1378,0.5,Ideal,H,VS2,61.2,56,5.18,5.14,3.16,1332
1382,0.7,Good,I,SI1,63.6,55,5.62,5.58,3.56,1995
1385,0.7,Ideal,H,SI2,61.6,56,5.77,5.72,3.53,2326
1388,0.36,Ideal,E,SI1,60.9,57,4.58,4.62,2.8,597
1389,0.32,Ideal,G,VVS1,61.1,55,4.45,4.48,2.73,814
1390,0.34,Very Good,G,VS2,62.9,55,4.45,4.52,2.82,596
1394,1.56,Very Good,H,VS1,63.9,57,7.3,7.37,4.69,11804
1395,0.31,Premium,G,VS1,61.2,59,4.35,4.37,2.67,625
1396,0.52,Ideal,H,VVS2,61,57,5.16,5.2,3.16,1749
1397,1.21,Ideal,F,SI1,61.2,59,6.8,6.85,4.18,7349
1401,0.5,Fair,E,SI1,61.7,68,5.09,5.03,3.12,1238
1406,0.35,Premium,F,VS2,61.8,58,4.48,4.52,2.78,706
1407,1.3,Ideal,H,VS2,62.9,56,7,6.96,4.39,5387
1408,2.28,Premium,H,SI1,59.3,58,8.6,8.56,5.09,13919
1409,0.32,Good,E,SI1,63.1,54,4.37,4.41,2.77,524
1411,0.33,Ideal,D,SI2,61.3,56,4.45,4.49,2.74,492
1417,0.32,Ideal,I,VVS1,61.4,56,4.42,4.44,2.72,575
1420,0.7,Very Good,E,VS1,62.2,55,5.65,5.67,3.52,3154
1424,0.31,Ideal,G,IF,61,56,4.37,4.38,2.67,924
1426,0.42,Ideal,G,VVS1,61.2,57,4.78,4.82,2.94,1179
1432,0.3,Ideal,F,VS2,62.1,55,4.26,4.31,2.66,605
1433,0.5,Premium,G,VS1,62.5,60,5.13,5.08,3.19,1583
1434,0.73,Ideal,G,VVS1,61.6,56,5.76,5.79,3.56,3913
1439,1.71,Premium,G,SI2,60.9,58,7.72,7.68,4.69,11351
1443,1.55,Fair,F,SI1,59.7,66,7.59,7.47,4.49,10217
1444,1.09,Ideal,F,VS2,60.9,54,6.66,6.73,4.08,7385
1445,0.51,Ideal,G,VVS2,,57,5.18,5.13,3.17,1974
1446,0.38,Ideal,I,VVS2,62,55,4.64,4.69,2.89,721
1448,1.5,Premium,H,VS2,61.8,59,7.3,7.35,4.53,11360
1452,0.51,Ideal,J,SI2,62.1,56,5.1,5.14,3.18,885
1458,1.4,Very Good,I,SI1,61.3,59,7.19,7.23,4.42,7644
1459,0.7,Good,F,SI1,58.7,64,5.77,5.78,3.39,2573
1461,0.31,Premium,I,VS2,61.1,58,4.38,4.36,2.67,558
1464,0.91,Fair,H,SI1,65.3,62,6.11,6.01,3.96,3278
1467,1.22,Ideal,I,SI1,61.7,57,6.85,6.82,4.22,6012
1476,0.3,Ideal,G,VS1,61.8,55,4.33,4.31,2.67,776
1479,1,Very Good,D,SI2,63.2,57,6.24,6.32,3.97,4628
1481,1.13,Premium,H,VS1,58.9,58,6.81,6.78,4,6005
1482,1.01,Premium,G,SI1,62.2,58,6.42,6.4,3.99,5006
1486,0.53,Ideal,F,VS2,61.6,56,5.26,5.23,3.23,2290
1487,0.4,Very Good,J,VS1,63.4,58,4.64,4.61,2.93,810
1490,0.59,Good,I,VS2,63.4,56,5.33,5.37,3.39,1294
1492,1.4,Ideal,H,SI1,62.4,56,7.11,7.18,4.46,8075
1493,0.7,Very Good,F,SI1,61.1,57,5.7,5.73,3.49,2409
1495,0.71,Very Good,E,VS1,61.5,57,5.74,5.77,3.54,3192
1498,1,Premium,E,VVS2,61.6,59,6.42,6.46,3.97,8888
1502,0.72,Ideal,D,VS2,60.5,57,5.81,5.83,3.52,3275
1503,2.02,Very Good,G,SI2,63.1,57,8.01,7.97,5.04,12094
1508,1.24,Very Good,I,VS1,61.4,63,6.89,6.88,4.23,5444
1509,1.01,Good,E,VS2,63.7,56,6.29,6.27,4,6335
1510,0.91,Good,I,SI2,60.2,59,6.24,6.29,3.77,3034
1511,0.34,Ideal,H,VS2,62.2,56,4.53,4.48,2.8,689
1513,0.72,Ideal,I,VS1,61.4,58,5.73,5.77,3.53,2498
1514,0.7,Fair,E,I1,66.1,58,5.61,5.51,3.67,1273
1515,0.34,Very Good,F,SI2,63.3,54,4.48,4.46,2.83,574
1518,1.75,Premium,F,VS2,61.4,58,7.76,7.72,4.75,17172
1520,1.1,Very Good,F,VS2,,59,6.56,6.6,4.08,6708
1521,1.51,Fair,G,VS1,60.8,66,7.35,7.25,4.44,12948
1523,0.9,Very Good,H,VS1,62.5,56,6.13,6.19,3.85,4021
1525,1.2,Premium,H,SI2,62.3,58,6.76,6.81,4.23,5280
1527,1.5,Very Good,H,SI2,61.3,59,7.38,7.41,4.53,7774
1529,0.82,Ideal,I,SI2,61.1,57,6.05,6.09,3.71,2075
1530,1.05,Very Good,G,VS2,63,57,6.48,6.51,4.09,5987
1531,0.71,Ideal,G,SI1,62.5,57,5.67,5.69,3.55,2604
1533,1.03,Ideal,F,I1,61.1,55,6.54,6.51,3.99,3507
1534,0.4,Premium,G,VVS2,61.1,58,4.76,4.74,2.9,1050
1535,0.32,Ideal,D,VS2,62.7,54,4.38,4.36,2.74,972
1537,0.5,Ideal,G,VVS2,62.3,56,5.09,5.05,3.16,1935
1538,0.51,Ideal,G,VVS2,62,57,5.13,5.1,3.17,1842
1543,0.46,Very Good,E,VS2,62.1,57,4.89,4.93,3.05,1194
1544,1.33,Ideal,J,VS1,62.5,58,6.99,7.03,4.38,6449
1545,0.39,Very Good,F,VVS2,63.5,58,4.65,4.61,2.94,1058
1547,0.51,Ideal,G,VVS2,61.6,56,5.12,5.14,3.16,1750
1550,0.32,Ideal,G,VVS1,61.9,56,4.4,4.39,2.72,1080
1554,0.34,Ideal,G,VS2,61.5,56,4.47,4.5,2.76,596
1555,2.02,Very Good,H,SI1,59.3,60,8.14,8.21,4.85,18236
1556,0.5,Very Good,E,VS2,62.8,60,5.02,5.08,3.17,1559
1558,1.35,Ideal,J,VS2,61.8,54,7.1,7.14,4.4,6754
1564,0.32,Ideal,G,VVS2,61.6,55,4.4,4.43,2.72,708
1567,0.37,Ideal,G,SI1,61.9,55,4.62,4.66,2.87,586
1568,0.38,Ideal,E,VVS2,61.9,57,4.65,4.63,2.87,1176
1571,0.59,Ideal,D,SI1,61,57,5.43,5.46,3.32,1816
1573,1,Very Good,G,SI2,,60,6.31,6.36,3.95,4142
1574,0.31,Ideal,G,VVS1,62.3,56,4.34,4.37,2.71,772
1579,0.85,Ideal,G,VS1,61.6,54,6.08,6.12,3.76,4164
1580,1.33,Very Good,G,SI2,62,59,7.1,7.04,4.38,6603
1581,0.9,Very Good,G,VS1,62.7,56,6.1,6.14,3.84,4780
1583,1.37,Very Good,H,VS1,62,59,7.08,7.12,4.4,9046
1589,0.7,Ideal,G,VS1,61.4,55,5.74,5.69,3.51,2573
1592,0.4,Ideal,G,SI2,61.9,54,4.75,4.8,2.94,622
1594,1.23,Ideal,H,SI1,61,56,6.96,6.92,4.23,6439
1601,0.35,Ideal,J,VS1,62.6,53.7,4.51,4.54,2.83,483
1607,1.05,Very Good,E,SI2,60.5,58,6.55,6.6,3.98,4797
1609,0.31,Ideal,H,VS2,62.6,57,4.38,4.34,2.73,628
1610,0.55,Ideal,I,VVS1,61.7,56,5.29,5.24,3.25,1712
1611,1.52,Fair,D,SI2,56.3,61,7.7,7.62,4.31,7702
1612,0.55,Ideal,G,VVS1,62.6,56,5.24,5.27,3.29,2116
1619,1,Good,D,SI2,63.9,56,6.32,6.27,4.02,3634
1620,2.04,Premium,I,SI1,62.2,57,8.14,8.07,5.04,16942
1621,0.51,Ideal,G,VS1,62.1,55,5.14,5.17,3.2,1656
1622,0.7,Very Good,F,VS2,62.3,58,5.64,5.72,3.54,2812
1623,1.09,Premium,H,VS2,62.3,57,6.63,6.53,4.1,5993
1625,0.55,Ideal,E,VS2,62.5,56,5.26,5.23,3.28,2030
1627,1.05,Very Good,E,VS1,63.1,59,6.49,6.45,4.08,7969
1630,0.53,Ideal,G,VVS2,60.6,56,5.25,5.28,3.19,1932
1632,0.32,Ideal,H,VS2,63,57,4.38,4.35,2.75,648
1633,0.32,Ideal,H,VVS1,61.9,55,4.37,4.38,2.71,730
1636,1.03,Ideal,G,VS1,62,57,6.45,6.48,4,7119
1637,0.4,Ideal,D,VVS2,61.9,56,4.76,4.74,2.94,1323
1640,1.51,Premium,H,SI2,60.2,59,7.43,7.33,4.44,8598
1651,0.43,Ideal,D,SI1,61.5,56,4.82,4.87,2.98,830
1652,0.37,Ideal,E,SI1,62.7,54,4.55,4.6,2.87,649
1653,0.6,Premium,E,VS2,59.3,60,5.51,5.46,3.25,2124
1654,0.8,Very Good,H,SI1,63,57,5.89,5.95,3.73,3005
1656,0.73,Premium,F,I1,59.3,61,5.88,5.75,3.46,1207
1659,0.58,Fair,F,I1,66.3,55,5.18,5.1,3.41,893
1662,0.78,Premium,F,SI1,62.3,57,5.86,5.85,3.65,2469
1664,0.37,Ideal,E,VS2,61,56,4.64,4.67,2.84,762
1665,0.59,Very Good,E,VS1,60,56,5.46,5.5,3.29,2021
1668,1.02,Ideal,E,SI1,62.2,57,6.41,6.45,4,5553
1669,0.43,Ideal,G,VS1,62.3,56,4.82,4.85,3.01,943
1670,0.51,Ideal,I,VS2,,58,5.15,5.2,3.13,1268
1671,0.5,Premium,G,VS1,59.8,58,5.19,5.15,3.09,1746
1673,0.9,Very Good,J,SI1,63.4,54,6.17,6.14,3.9,2834
1679,0.31,Ideal,H,VS2,62.2,55,4.35,4.39,2.72,489
1686,0.3,Very Good,G,VS2,62.2,60,4.24,4.25,2.64,526
1688,0.71,Very Good,E,VS1,63.3,59,5.64,5.68,3.58,3064
1689,0.42,Ideal,G,VVS1,60,57,4.86,4.84,2.91,1235
1691,1.22,Ideal,I,SI1,61.7,55.2,6.84,6.9,4.24,6062
1696,1.01,Very Good,I,SI2,63.7,57,6.32,6.36,4.04,3998
1697,0.3,Ideal,H,IF,62.3,54,4.34,4.36,2.71,764
1698,0.31,Very Good,F,SI1,63.1,57,4.31,4.28,2.71,663
1699,1.03,Ideal,F,VS1,62.3,57,6.45,6.52,4.04,8133
1700,1.03,Premium,E,SI2,61,60,6.53,6.46,3.96,4522
1701,0.93,Premium,D,SI1,60.8,59,6.27,6.24,3.8,4448
1703,1.24,Ideal,H,SI2,62,56,6.87,6.9,4.27,5797
1704,0.32,Ideal,E,VS1,62.3,54,4.37,4.4,2.73,825
1707,1.21,Premium,E,VS1,60.3,58,6.95,6.91,4.18,10137
1708,0.53,Ideal,D,SI1,61.2,57,5.19,5.24,3.19,1587
1709,0.9,Good,H,SI1,62.8,62,6.05,6.09,3.81,3447
1710,0.72,Very Good,G,VS2,62.5,59,5.69,5.71,3.56,2728
1711,1.52,Good,G,SI2,63.1,58,7.21,7.3,4.58,7933
1716,0.32,Very Good,H,VS1,63,57,4.32,4.35,2.73,561
1720,1.33,Premium,H,VS2,62.6,58,7.07,7.01,4.41,7943
1721,0.31,Ideal,D,SI1,61.7,57,4.34,4.38,2.69,571
1723,0.42,Ideal,G,IF,62.2,54,4.81,4.84,3,1289
1728,0.25,Very Good,E,VVS2,63,55,4,4.03,2.53,575
1729,0.38,Ideal,G,SI2,62.8,57,4.58,4.59,2.88,566
1735,0.32,Ideal,E,VS2,62.3,54,4.4,4.37,2.73,900
1737,0.4,Very Good,E,SI2,63.1,57,4.72,4.7,2.97,798
1738,1.1,Very Good,F,VVS1,59.8,54,6.74,6.77,4.04,10701
1739,0.54,Premium,D,SI1,58.3,61,5.38,5.32,3.12,1770
1741,0.9,Very Good,F,SI1,61.6,56,6.14,6.2,3.8,3724
1747,1,Good,J,VS1,,64,6.63,6.51,3.82,3920
1749,1.12,Ideal,G,VS2,60.9,56,6.7,6.74,4.09,8189
1752,0.74,Ideal,H,VS1,,56,5.81,5.82,3.58,2797
1753,0.72,Ideal,F,VS2,62.2,56,5.75,5.73,3.57,2956
1754,1.52,Ideal,G,VVS1,62.4,55,7.3,7.39,4.58,15959
1755,0.3,Very Good,D,SI1,61,60,4.3,4.35,2.64,552
1756,0.8,Premium,E,SI1,61.5,58,5.93,5.97,3.66,3356
1758,0.7,Very Good,G,I1,61.5,63,5.73,5.65,3.5,1047
1760,1.74,Ideal,D,SI2,59.7,55,7.9,7.84,4.7,9880
1761,0.5,Very Good,D,SI1,61.9,61,5.09,5.12,3.16,1436
1763,0.31,Very Good,H,SI1,61.7,59,4.36,4.39,2.7,435
1764,0.4,Very Good,F,VVS2,60.5,57,4.76,4.79,2.89,982
1765,1.52,Ideal,I,SI1,61.2,55.4,7.38,7.45,4.54,9067
1767,0.95,Premium,G,SI2,58.8,60,6.35,6.31,3.72,2937
1768,0.51,Very Good,H,VS1,62.3,57,5.1,5.12,3.18,1628
1770,0.42,Premium,E,VS2,61,60,4.82,4.85,2.95,958
1774,0.7,Very Good,E,SI1,60.9,59,5.67,5.76,3.48,2537
1775,0.48,Ideal,I,VVS2,62.1,56,5.01,5.04,3.12,1061
1778,2.01,Very Good,E,SI2,63.3,61,7.86,7.8,4.96,15618
1783,0.3,Premium,D,VS2,61.1,59,4.26,4.31,2.62,710
1789,0.54,Ideal,H,VS2,60.1,57,5.33,5.28,3.19,1439
1791,0.9,Good,G,SI1,60,61,6.19,6.22,3.72,3752
1792,1.07,Premium,F,VS2,62.4,57,6.55,6.5,4.07,6274
1794,0.27,Ideal,E,VS1,60.5,56,4.21,4.22,2.55,577
1798,0.93,Good,H,VS1,59.1,64,6.36,6.27,3.73,3500
1800,0.9,Very Good,G,VS1,61.4,57,6.2,6.24,3.82,5135
1802,0.58,Very Good,G,SI2,59.5,59,5.41,5.45,3.23,1197
1804,1.06,Ideal,F,IF,61,57,6.64,6.55,4.02,11195
1807,0.7,Very Good,I,VVS2,60.1,63,5.81,5.74,3.47,2415
1809,0.77,Ideal,H,SI1,61.3,56,5.87,5.91,3.61,3089
1812,1.02,Very Good,D,VS2,62.9,60,6.37,6.42,4.02,7257
1814,0.83,Ideal,I,SI2,61.2,59,6.03,6.06,3.7,2444
1818,0.53,Ideal,F,VS1,61.8,56,5.22,5.2,3.22,1908
1819,0.35,Premium,D,SI1,61.5,58,4.55,4.53,2.79,772
1821,1.54,Very Good,G,SI1,61.3,59,7.38,7.41,4.53,10036
1822,0.9,Premium,G,SI1,62.2,60,6.1,6.16,3.81,3734
1824,1.67,Ideal,I,VS1,61.2,57,7.69,7.66,4.7,10802
1825,0.31,Premium,F,VS2,62,58,4.31,4.37,2.69,625
1826,1.5,Premium,F,VS2,61.5,58,7.32,7.34,4.51,14586
1827,0.42,Premium,E,VS2,61,60,4.85,4.82,2.95,1024
1828,0.37,Ideal,E,VS2,61.9,53,4.62,4.65,2.87,811
1829,1,Fair,H,VVS2,65.1,57,6.27,6.23,4.07,4312
1832,0.51,Very Good,D,SI1,59.4,59,5.18,5.22,3.09,1420
1835,2.11,Very Good,D,SI2,60.9,60,8.21,8.28,5.02,18407
1843,0.27,Ideal,E,VVS1,62.3,56,4.17,4.15,2.59,799
1846,0.9,Good,G,SI2,63.7,62,6.07,6.01,3.85,3014
1849,1.02,Premium,E,SI1,61.5,58,6.51,6.46,3.99,5278
1853,0.62,Ideal,H,IF,61.9,55,5.5,5.52,3.41,2469
1857,0.71,Premium,E,VVS1,61.8,56,5.71,5.68,3.52,3936
1858,0.5,Ideal,H,VVS1,60.6,55,5.13,5.17,3.12,1710
1860,1,Ideal,F,SI2,61.2,57,6.39,6.48,3.94,4372
1869,0.5,Premium,F,VVS1,61.1,55,5.15,5.13,3.14,2081
1870,1.18,Ideal,G,VS2,62.7,55,6.77,6.74,4.23,8564
1871,0.44,Ideal,E,VS2,61.5,56,4.9,4.92,3.02,1003
1875,0.35,Very Good,D,SI2,62.4,57,4.47,4.5,2.8,487
1876,0.7,Good,J,SI1,64.3,56,5.62,5.57,3.6,1442
1877,0.3,Very Good,D,VS2,62.9,55,4.31,4.34,2.72,610
1879,0.44,Premium,G,SI1,61,60,4.93,4.88,2.99,990
1881,1.15,Very Good,H,VS1,62.5,56,6.65,6.72,4.18,7040
1882,0.73,Very Good,E,SI1,63.2,58,5.76,5.7,3.62,2821
1888,1.52,Ideal,G,VS2,62.8,54,7.3,7.36,4.61,13809
1894,1.01,Premium,I,SI2,60.5,60,6.52,6.5,3.94,4072
1898,0.7,Premium,F,SI2,58.8,58,5.82,5.77,3.41,2234
1905,0.35,Premium,E,VS2,60.9,59,4.56,4.54,2.77,984
1906,1.38,Fair,G,SI2,61.2,59,7.19,7.13,4.38,4730
1907,0.53,Premium,G,VS2,61.2,57,5.26,5.19,3.2,1607
1912,0.7,Very Good,G,SI1,62.7,55,5.63,5.66,3.54,2281
1913,1.5,Very Good,E,VS2,62.9,56,7.31,7.22,4.57,13892
1914,1.5,Fair,H,I1,65.5,58,7.02,6.96,4.58,5645
1918,0.3,Ideal,D,VS2,61.1,56,4.36,4.32,2.65,911
1923,1.02,Ideal,G,SI1,62.1,55,6.46,6.49,4.02,5426
1925,1.18,Ideal,E,VS1,62.4,54,6.79,6.74,4.22,9886
1926,0.3,Good,H,VVS2,63.6,56,4.26,4.29,2.72,605
1927,0.46,Good,F,IF,56.2,61,5.16,5.24,2.92,1806
1928,1.52,Good,E,I1,57.3,58,7.53,7.42,4.28,3105
1933,0.56,Ideal,E,VS2,61.1,57,5.37,5.33,3.27,2066
1934,0.51,Ideal,D,SI1,,57,5.11,5.15,3.2,1548
1937,1.22,Ideal,F,VS2,60.7,57,6.89,6.94,4.2,9568
1938,0.33,Very Good,F,VS2,61.2,58,4.45,4.5,2.74,666
1940,1.03,Premium,J,SI1,61.1,61,6.49,6.44,3.95,3749
1941,1.53,Ideal,I,SI1,61.9,54,7.43,7.5,1.53,8971
1948,1.23,Premium,H,VVS2,62.8,56,6.9,6.82,4.31,8004
1952,0.78,Ideal,J,SI1,61.1,56,5.95,5.97,3.64,2169
1955,0.84,Premium,E,VS1,59.7,59,6.16,6.13,3.67,4318
1956,0.4,Ideal,I,IF,,54,4.73,4.75,2.96,917
1960,0.41,Ideal,G,VS2,62.4,55,4.73,4.76,2.96,827
1961,0.34,Ideal,G,VVS2,62.4,53,4.49,4.52,2.81,751
1963,0.9,Good,I,SI1,63.8,57,6.06,6.13,3.89,2823
1966,0.7,Good,F,VVS2,63.1,58,5.6,5.66,3.55,2721
1973,0.51,Very Good,D,VS2,60.5,60,5.16,5.19,3.13,1787
1974,0.5,Premium,F,VVS2,62.3,58,5.11,5.06,3.17,2160
1978,0.58,Fair,F,SI2,64.7,56,5.31,5.24,3.41,1088
1983,0.34,Good,H,VS1,64,58,4.49,4.45,2.86,689
1987,1.03,Ideal,G,VS2,59.6,57,6.65,6.6,3.95,6146
1988,2.19,Very Good,I,SI2,60.3,60,8.29,8.33,5.01,15907
2001,0.7,Premium,J,VS2,61.2,60,5.7,5.73,3.5,1843
2004,0.9,Premium,H,VS2,60.4,59,6.27,6.24,3.78,4246
2008,0.31,Ideal,E,VS2,61.3,56,4.37,4.34,2.67,872
2010,0.9,Good,G,VS2,63.9,61,5.97,6.01,3.83,3859
2012,0.34,Premium,E,SI1,60.7,60,4.51,4.48,2.73,765
2014,0.7,Good,H,VS2,59.7,57,5.75,5.8,3.45,2347
2022,0.32,Ideal,G,IF,61.3,56,4.4,4.44,2.71,918
2023,0.33,Good,F,VVS1,60.2,64,4.47,4.5,2.7,724
2025,0.31,Premium,G,VS2,61,56,4.37,4.35,2.66,698
2028,1.5,Premium,H,SI1,61.6,58,7.33,7.38,4.53,8669
2029,0.7,Premium,G,IF,60,59,5.75,5.79,3.46,3447
2032,2,Good,H,VS2,63.8,59,7.88,8.01,5.07,18023
2033,0.33,Ideal,H,IF,61.4,54,4.47,4.49,2.75,838
2034,0.64,Very Good,H,VVS2,60,59,5.59,5.65,3.37,2060
2043,0.3,Ideal,G,VS2,62.5,53,4.27,4.3,2.68,526
2045,0.72,Ideal,H,VVS2,61.6,56,5.75,5.77,3.55,3334
2046,1.06,Very Good,G,VVS2,62.9,56,6.56,6.6,4.14,7695
2049,0.34,Premium,D,SI1,62.7,59,4.42,4.45,2.78,626
2050,0.32,Ideal,D,VVS1,61.3,57,4.42,4.39,2.7,1140
2052,0.9,Fair,D,SI1,66.1,55,5.98,5.92,3.93,3945
2055,0.32,Ideal,E,VS2,61.7,56,4.39,4.43,2.72,639
2059,0.5,Very Good,H,SI1,63.1,59,5.02,4.96,3.15,1181
2064,0.3,Ideal,F,VS2,62.1,53.6,4.28,4.31,2.67,601
2066,0.83,Very Good,G,SI2,63.1,61,5.96,5.92,3.75,2259
2067,0.3,Ideal,F,SI1,61.2,55,4.35,4.37,2.67,609
2068,1,Good,E,SI1,59.3,61,6.42,6.53,3.84,4916
2069,0.3,Ideal,D,VS2,61,55,4.36,4.33,2.65,911
2070,0.9,Premium,F,SI1,60.4,59,6.29,6.32,3.81,4062
2072,1.52,Ideal,H,SI1,61.4,55,7.38,7.48,4.56,10239
2075,0.9,Ideal,F,SI1,61.5,56,6.25,6.2,3.83,4284
2077,0.3,Premium,F,IF,61.6,58,4.32,4.35,2.67,947
2079,1.21,Ideal,I,VS1,61.5,58,6.84,6.88,4.22,6691
2082,0.25,Very Good,E,VVS2,59.8,59,4.07,4.09,2.44,575
2084,1.27,Premium,J,VS1,62.6,59,6.88,6.92,4.32,5518
2091,0.53,Ideal,F,VVS2,62.7,56,5.16,6.2,3.25,2030
2093,0.26,Very Good,F,VS2,62.4,58,4.06,4.08,2.54,453
2094,0.4,Ideal,G,SI1,62.3,54,4.74,4.77,2.96,741
2097,0.71,Good,I,VS1,63.3,56,5.65,5.69,3.59,2306
2100,0.71,Premium,F,SI2,62.6,59,5.64,5.6,3.52,2072
2101,1.01,Premium,E,VS2,60.2,58,6.56,6.52,3.94,6335
2103,2.2,Ideal,I,SI2,62.2,56,8.33,8.29,5.17,13512
2104,0.36,Ideal,F,VS2,61.5,55,4.6,4.57,2.82,807
2107,0.34,Ideal,D,VS2,60.6,57,4.53,4.51,2.74,1033
2110,0.9,Ideal,F,SI2,62.4,57,6.23,6.15,3.86,3881
2111,0.5,Very Good,F,SI1,62.7,61,5.01,5.07,3.16,1197
2115,1.03,Good,G,SI1,63.2,58,6.38,6.43,4.05,4679
2117,0.3,Very Good,D,SI2,63,55,4.25,4.26,2.68,447
2119,0.4,Very Good,G,SI1,61.6,59,4.66,4.72,2.89,702
2120,1.33,Premium,G,SI2,63,59,7,6.97,4.4,6480
2121,1.15,Ideal,G,SI2,62.3,56,6.75,6.67,4.18,4927
2124,0.32,Premium,E,VVS2,61.1,58,4.45,4.42,2.71,1080
2130,1.47,Very Good,E,VS2,62.4,59,7.13,7.2,4.47,12547
2131,1.22,Ideal,G,VVS2,60,58,6.95,6.99,4.18,11003
2132,0.38,Ideal,D,SI1,62.2,54,4.69,4.65,2.9,1066
2136,1,Ideal,E,VS2,61.3,58,6.41,6.44,3.94,7370
2143,0.86,Ideal,I,VS2,62.1,57,6.1,6.07,3.78,3121
2144,0.9,Good,H,VS2,63.6,61,6.03,5.97,3.8,3701
2146,1.06,Premium,F,SI2,62.5,58,6.54,6.41,4.05,4719
2150,0.73,Ideal,I,SI1,62,57,5.74,5.77,3.56,2215
2153,0.9,Good,H,SI1,63.8,56,6.07,6.02,3.86,2732
2154,0.3,Very Good,J,VS2,61.6,61,4.28,4.33,2.65,368
2156,2.04,Very Good,I,VS2,60.3,59,8.18,8.2,4.94,17315
2157,1.1,Good,G,SI1,63.4,57,6.52,6.55,4.14,4997
2159,1.07,Premium,I,SI2,59.7,59,6.68,6.63,3.97,4206
2160,0.5,Good,D,SI1,63.3,56,5.07,5.1,3.22,1436
2161,0.26,Ideal,H,VVS2,62.5,54,4.11,4.14,2.58,508
2162,1.73,Premium,I,SI1,61.2,60,7.67,7.65,4.69,10957
2163,0.7,Premium,I,VVS1,59.1,60,5.8,5.77,3.42,2536
2164,0.67,Very Good,G,VS2,59.4,59.4,5.71,5.8,3.41,2131
2165,0.4,Very Good,D,VVS2,60.8,56,4.78,4.82,2.92,1133
2169,1.7,Very Good,J,VS1,63.6,58,7.52,7.54,4.79,9683
2173,0.37,Premium,D,VVS2,60.7,59,4.66,4.63,2.82,1038
2176,1.5,Good,J,VS1,,61,7.27,7.3,4.42,8347
2177,1.04,Premium,E,VS2,61.1,59,6.56,6.54,4,7175
2180,1.01,Good,G,VS2,63.8,57,6.27,6.34,4.02,5279
2182,0.42,Premium,E,VS1,59.5,59,4.86,4.88,2.9,1105
2184,0.51,Ideal,F,VS1,61.9,56,5.11,5.17,3.18,1744
2186,0.4,Ideal,E,VS2,61.1,56,4.75,4.77,2.91,912
2188,0.78,Very Good,H,SI2,62.7,56,5.85,5.89,3.68,2316
2189,0.75,Good,E,SI1,58.3,60,5.94,5.99,3.48,2923
2190,1.51,Premium,E,SI1,60.3,58,7.47,7.43,4.49,12336
2193,1.65,Ideal,G,VS2,62.2,55,7.6,7.57,4.72,9425
2197,0.3,Premium,D,VS2,60.6,58,4.36,4.32,2.63,911
2203,1.07,Very Good,H,SI1,59.2,61,6.65,6.67,3.94,5143
2205,1.55,Ideal,E,VS2,61.9,58,7.39,7.45,4.59,15293
2207,0.52,Ideal,D,VS2,62,53,5.17,5.21,3.22,1701
2208,1,Very Good,G,VVS2,64.9,57,6.21,6.28,4.05,6818
2210,0.56,Ideal,H,VVS2,62.1,57,5.26,5.3,3.27,1745
2214,0.42,Premium,F,SI1,61.5,58,4.83,4.8,2.96,992
2215,0.32,Very Good,I,VS2,61.1,57,4.39,4.42,2.69,449
2218,0.32,Ideal,G,IF,61.3,56,4.4,4.44,2.71,905
2221,0.5,Very Good,E,SI1,62.4,58,5.06,5.01,3.14,1090
2222,1.25,Premium,I,VS1,60.4,59,6.94,7.01,4.21,6545
2223,2.02,Very Good,J,SI2,62.4,55,8.05,8.11,5.04,11757
2224,0.6,Very Good,D,SI1,62,55,5.36,5.44,3.35,1777
2230,0.42,Ideal,H,VVS2,61.9,55,4.83,4.86,3,1102
2233,0.41,Ideal,I,VVS1,61,56,4.79,4.82,2.93,875
2234,0.98,Ideal,G,SI2,62.9,57,6.33,6.29,3.97,4116
2235,0.33,Ideal,I,SI1,63,57,4.39,4.37,2.76,557
2236,2.03,Premium,G,SI1,61.9,59,8.14,8.09,5.02,15322
2237,1.5,Ideal,I,VVS2,60.3,57,7.43,7.47,4.49,10907
2239,0.79,Ideal,I,VVS2,61.7,56,5.94,5.95,3.67,4092
2240,0.82,Premium,E,SI1,61.2,61,5.98,5.95,3.65,3211
2251,0.77,Ideal,F,VS1,62.1,57,5.88,5.84,3.64,3387
2252,0.9,Premium,E,SI2,59.5,61,6.3,6.24,3.73,3084
2254,0.54,Very Good,F,VS2,63,56.8,5.18,5.22,3.28,1745
2257,0.41,Good,D,SI1,63.1,57,4.68,4.73,2.97,717
2260,1.13,Premium,H,VS2,,59,6.63,6.58,4.15,5571
2261,0.4,Very Good,D,VS2,63.6,55,4.68,4.72,2.99,850
2262,1.5,Premium,E,SI2,61.5,59,7.3,7.23,4.47,8064
2267,0.53,Ideal,G,VVS2,62.5,54,5.21,5.19,3.25,1914
2268,0.76,Ideal,I,SI1,61.8,57,5.89,5.83,3.62,2399
2272,0.8,Very Good,J,SI1,61.6,56,5.94,5.98,3.67,2224
2275,1,Very Good,F,VS1,58.1,62,6.57,6.62,3.83,6098
2276,1.21,Very Good,H,VS1,62.3,58,6.71,6.74,4.19,7246
2277,1.02,Very Good,I,VS2,,59,6.57,6.62,3.91,4762
2278,1.73,Premium,I,SI2,61.1,62,7.64,7.54,4.64,7270
2280,1.21,Premium,H,SI2,60.6,56,6.92,6.84,4.17,5140
2283,1.51,Ideal,G,VS2,62.1,55,7.38,7.33,4.56,14482
2289,0.35,Ideal,I,VS1,,54,4.54,4.57,2.83,571
2291,2.02,Fair,G,I1,65.6,57,7.87,7.8,5.15,6346
2292,1.3,Ideal,F,VVS2,62.1,55,7.04,6.96,4.35,12745
2293,0.51,Ideal,F,VVS2,62.2,57,5.12,5.14,3.19,2082
2297,0.31,Premium,G,VS1,61.2,59,4.37,4.35,2.67,802
2299,0.7,Very Good,G,VVS2,61.8,60,5.63,5.69,3.5,2936
2300,0.31,Very Good,G,VVS1,62.5,57,4.3,4.4,2.72,816
2301,0.7,Premium,D,VS2,61.3,58,5.72,5.67,3.48,2415
2304,1,Premium,I,VS2,62.7,62,6.32,6.27,3.95,3918
2309,0.42,Premium,G,VS1,60.9,58,4.84,4.81,2.94,984
2310,0.52,Premium,E,VS2,60.3,60,5.21,5.17,3.13,1815
2312,0.58,Ideal,F,VVS2,61.8,56,5.36,5.39,3.32,2395
2315,2,Premium,H,SI1,63,54,8.07,7.99,5.06,14319
2316,0.72,Ideal,F,VS2,62.1,54,5.76,5.8,3.59,2989
2318,1.02,Very Good,H,VS2,62.4,57,6.43,6.35,3.99,5383
2319,0.36,Premium,F,VS2,58.5,58,4.69,4.65,2.73,869
2321,1.12,Premium,E,I1,61,59,6.7,6.74,4.1,3942
2327,1.02,Very Good,G,VVS1,63,58,6.4,6.43,4.04,7657
2328,0.56,Premium,F,VS2,,57,5.39,5.35,3.26,2318
2335,2,Premium,E,SI2,60.3,58,8.15,8.08,4.89,12987
2336,0.82,Premium,F,SI2,59.5,62,6.13,6.08,3.63,2688
2338,0.31,Ideal,G,IF,62.7,57,4.34,4.31,2.71,988
2339,0.3,Premium,J,VS1,61.9,56,4.32,4.28,2.66,506
2341,1.2,Very Good,J,VS2,59.9,60,6.98,6.95,4.17,5140
2348,0.76,Very Good,F,VVS1,62.1,57,5.8,5.83,3.61,4504
2350,1.19,Very Good,H,SI1,60.8,59,6.84,6.87,4.17,5595
2352,0.6,Fair,G,SI1,65.7,55,5.31,5.23,3.46,1197
2356,1.04,Ideal,G,VS1,60.7,55,6.57,6.61,4,7655
2359,0.41,Good,J,IF,63.5,54,4.7,4.75,3,827
2361,0.71,Premium,E,SI1,61.4,58,5.77,5.73,3.53,2817
2362,1.21,Very Good,F,VS2,60.1,58,6.85,6.92,4.14,10283
2369,0.71,Ideal,G,SI1,61.7,56,5.74,5.77,3.55,2518
2370,1.01,Premium,G,SI1,62.6,60,6.39,6.35,3.99,4338
2371,1.06,Ideal,H,SI2,60.1,59,6.58,6.67,3.98,4516
2373,0.39,Good,E,VS1,57.8,58,4.86,4.9,2.82,1082
2374,1.02,Very Good,E,VS2,63.2,60,6.34,6.29,3.99,6580
2382,2.02,Fair,J,SI2,67.5,59,7.76,7.65,5.2,9095
2389,1.28,Very Good,J,SI1,63.4,59,6.89,6.84,4.35,4967
2391,0.9,Good,I,VVS1,63.6,58,6.1,6.14,3.89,4187
2393,0.3,Ideal,E,VVS2,61.7,55,4.31,4.28,2.65,1013
2395,0.44,Ideal,G,VVS1,61.3,56,4.91,4.93,3.01,1202
2400,0.5,Ideal,I,VS1,61,57,5.11,5.13,3.12,1266
2404,0.92,Very Good,E,SI2,62.1,58,6.18,6.22,3.85,4011
2407,0.73,Ideal,E,SI1,62.7,55,5.7,5.79,3.6,2852
2416,0.32,Premium,H,VVS2,,58,4.33,4.37,2.71,645
2417,0.32,Premium,G,VS2,60.5,58,4.41,4.42,2.67,561
2419,0.91,Ideal,H,SI1,62.1,57,6.18,6.21,3.85,4919
2420,0.3,Very Good,H,SI1,63.3,56,4.29,4.27,2.71,554
2421,2.14,Premium,I,VS2,,59,8.43,8.39,5,15559
2422,0.52,Very Good,E,VS2,,56,5.12,5.08,3.23,1670
2424,0.56,Ideal,F,VS1,61.7,54,5.28,5.32,3.27,1915
2425,0.75,Fair,F,SI1,64.6,57,5.7,5.67,3.67,2700
2427,1,Ideal,D,SI2,61.5,56,6.45,6.41,3.95,4956
2429,0.71,Premium,E,VS2,62.4,60,5.68,5.66,3.54,2613
2432,0.39,Ideal,F,VVS2,,54,4.7,4.72,2.92,988
2437,0.51,Premium,F,VS1,60.2,58,5.25,5.21,3.15,2346
2439,1.09,Premium,G,SI2,61.3,60,6.66,6.59,4.06,3601
2446,1.64,Premium,E,SI1,59.5,58,7.64,7.72,4.57,14107
2447,1.11,Ideal,H,SI2,61.4,57,6.63,6.67,4.08,4709
2448,1.02,Good,G,SI1,63.6,58,6.34,6.39,4.05,4964
2450,2.55,Premium,I,SI2,62.9,58,8.7,8.59,5.44,14351
2451,0.61,Very Good,D,SI1,62.4,59,5.42,5.45,3.39,1622
2454,0.66,Ideal,D,VVS2,61.6,57,5.64,5.57,3.45,3049
2458,0.5,Ideal,H,SI2,62.4,55,5.09,5.11,3.18,964
2460,0.38,Good,D,VS2,64.1,55,4.58,4.62,2.95,809
2462,0.32,Ideal,F,SI1,61,55,4.45,4.47,2.72,648
2463,0.31,Ideal,H,SI1,62.7,56,4.33,4.38,2.73,446
2467,0.3,Very Good,E,VVS2,61.1,62,4.28,4.33,2.63,622
2468,1.22,Ideal,H,SI1,62.1,56,6.87,6.81,4.25,6388
2469,0.5,Good,E,VS2,63.1,61,5,5.05,3.17,1419
2470,1.01,Good,E,SI1,64.2,56,6.31,6.27,4.04,4032
2473,0.54,Ideal,G,VVS2,61.9,57,5.22,5.25,3.24,1981
2474,0.91,Very Good,E,SI1,63.5,57,6.11,6.07,3.87,4138
2477,0.91,Very Good,E,SI1,62.3,59,6.18,6.21,3.86,4914
2478,0.73,Ideal,J,VS2,62,56,5.76,5.79,3.58,2258
2486,1.01,Good,G,VS1,63.2,58,6.34,6.38,4.02,6499
2489,0.31,Ideal,H,VS1,62,54,4.39,4.35,2.71,698
2490,0.72,Ideal,F,SI2,61.2,58,5.72,5.78,3.52,2300
2492,1.27,Ideal,G,VS1,61.2,57,6.97,6.98,4.27,11206
2496,1.26,Premium,E,SI2,60.3,60,7,6.94,4.2,5058
2497,1.2,Ideal,F,VS1,62.1,58,6.78,6.84,4.23,10367
2499,0.7,Ideal,E,VS2,62.5,55,5.73,5.7,3.57,2693
2502,0.8,Ideal,I,IF,62.4,58,5.9,5.96,3.7,3357
2513,1.09,Ideal,F,SI2,61.2,55,6.64,6.67,4.07,5016
2514,0.93,Ideal,E,SI2,62.1,55,6.27,6.29,3.9,3990
2515,0.32,Premium,H,VVS2,62.2,58,4.33,4.38,2.71,602
2516,0.6,Very Good,F,SI1,60.3,59,5.42,5.5,3.29,1670
2522,0.34,Ideal,D,VVS1,61.8,54,4.49,4.54,2.79,1272
2523,1,Very Good,G,SI1,61,56.7,6.44,6.47,3.94,5522
2524,0.32,Ideal,D,SI2,59.5,57,4.47,4.5,2.67,477
2528,0.56,Ideal,I,SI1,61.3,56,5.28,5.31,3.25,1343
2529,0.39,Ideal,F,VVS1,62.1,55,4.69,4.71,2.92,1124
2537,0.3,Ideal,H,VS2,61.9,55,4.28,4.31,2.66,496
2539,0.91,Good,I,SI1,64.2,59,5.98,6.05,3.86,2676
2540,0.49,Ideal,D,VS1,62.3,55,5.03,5.05,3.14,1934
2548,0.71,Ideal,E,VS2,62.1,57,5.71,5.75,3.56,3191
2550,1.01,Ideal,G,VS2,62.1,58,6.38,6.43,3.98,6587
2551,0.41,Ideal,G,VS2,62.1,57,4.78,4.72,2.95,1061
2552,0.92,Fair,F,SI2,65.3,58,6.08,6.04,3.96,3282
2553,0.35,Ideal,I,IF,62.7,55,4.51,4.55,2.84,778
2559,0.9,Good,D,SI1,61.9,62,6.15,6.17,3.81,4419
2563,2,Fair,J,I1,66.5,56,7.93,7.8,5.23,6796
2564,2.01,Premium,E,SI2,58.7,54,8.27,8.2,4.83,16064
2570,0.71,Very Good,E,VVS2,61.5,61,5.7,5.75,3.52,3580
2571,0.25,Very Good,E,VVS2,62.2,58,4.03,4.11,2.53,548
2575,0.35,Ideal,E,VS1,62,53.6,4.53,4.55,2.81,840
2579,0.41,Very Good,D,VVS2,61.2,62,4.78,4.82,2.94,1295
2581,1.03,Ideal,F,VS2,62.3,56,6.52,6.49,4.05,6922
2582,1.12,Ideal,F,SI2,61.8,56,6.65,6.68,4.12,5277
2583,0.4,Good,F,VS2,62.2,61,4.71,4.74,2.94,784
2585,0.3,Ideal,G,VS1,62.4,57,4.3,4.32,2.69,624
2586,0.75,Ideal,I,VS2,60.4,59,5.86,5.9,3.55,2680
2590,0.57,Ideal,H,SI1,61.8,57,5.32,5.36,3.3,1397
2591,2,Good,E,SI2,64.7,57,7.75,7.86,5.05,15393
2593,0.7,Very Good,F,SI1,59.8,59,5.78,5.82,3.47,2161
2594,0.3,Premium,E,VS2,62.3,58,4.32,4.28,2.68,844
2599,1.5,Very Good,E,SI1,61.9,59,7.26,7.32,4.51,11717
2602,0.52,Very Good,H,VS1,61.7,55,5.15,5.17,3.19,1659
2605,1.02,Very Good,G,VS2,60.9,56,6.47,6.51,3.95,6432
2617,1.5,Very Good,J,VS2,60.5,63,7.27,7.32,4.41,7177
2619,0.78,Very Good,E,VS1,60.9,57,5.94,5.88,3.59,3420
2624,2.03,Ideal,H,SI2,61.6,55,8.18,8.12,5.02,16642
2627,1.7,Ideal,H,SI1,62.2,53,7.67,7.6,4.75,9425
2631,2.06,Very Good,J,VS2,61.8,59,8.14,8.2,5.05,13948
2632,1.49,Fair,F,SI1,59.6,63,7.2,7.34,4.33,8779
2633,1.02,Good,E,SI2,64.2,59,6.26,6.2,4,4414
2634,1,Good,H,VS1,61.8,61,6.4,6.31,3.93,5219
2635,1.53,Premium,I,SI2,62.7,62,7.41,7.23,4.59,7389
2636,0.32,Good,H,SI1,63.1,54,4.36,4.42,2.77,449
2638,1.3,Premium,H,SI2,60.1,57,7.17,7.13,4.3,6406
2639,0.63,Good,J,SI1,59.9,64,5.63,5.58,3.36,1134
2641,0.52,Very Good,F,VVS1,62,57,5.11,5.15,3.18,2314
2643,0.7,Very Good,G,VVS1,63.1,56,5.64,5.67,3.57,3073
2644,0.24,Very Good,F,VS2,59.6,58,4.08,4.11,2.44,419
2645,0.25,Very Good,E,VVS1,61.5,56,4.06,4.08,2.5,560
2652,0.9,Premium,E,SI1,60.7,61,6.19,6.17,3.75,3625
2653,1,Good,I,VVS2,57.4,59,6.61,6.53,3.77,4032
2656,0.9,Very Good,J,SI2,63.6,58,6.07,6.1,3.87,2860
2658,0.65,Very Good,G,VVS2,61.3,59,5.51,5.61,3.41,2178
2660,0.72,Ideal,F,SI1,62.5,57,5.65,5.74,3.56,2440
2661,0.7,Very Good,G,VS2,63.3,56,5.63,5.59,3.55,2657
2665,1.74,Premium,H,SI2,62.1,59,7.78,7.65,4.79,10270
2666,0.38,Ideal,D,SI2,62,53,4.68,4.71,2.91,599
2669,1.06,Ideal,G,VS2,61.9,54,6.54,6.58,4.06,6890
2671,0.33,Ideal,I,SI1,62.7,56,4.44,4.4,2.77,572
2672,1,Premium,G,SI2,62.5,59,6.41,6.33,3.98,3136
2674,0.6,Good,E,VVS2,64.2,55,5.31,5.34,3.42,2511
2675,0.9,Premium,E,VS2,59.5,58,6.33,6.28,3.75,5312
2676,0.71,Ideal,E,SI1,61.9,56,5.76,5.71,3.55,2404
2678,1.74,Ideal,I,VS1,61.8,56,7.69,7.73,4.77,15189
2679,1,Very Good,I,VS2,63.5,56,6.33,6.3,4.01,4620
2689,0.3,Premium,E,VS2,62.6,62,4.25,4.21,2.65,788
2690,0.33,Very Good,H,SI2,63.5,57,4.39,4.36,2.78,534
2691,0.4,Premium,F,VS2,62.6,58,4.72,4.68,2.94,1080
2692,0.9,Good,F,VS2,63.3,57,6.04,6.09,3.84,4253
2700,0.71,Ideal,G,SI1,60.6,56,5.76,5.82,3.51,2368
2701,1,Good,I,SI2,63.9,60,6.26,6.3,4.01,3465
2704,1.01,Premium,E,VVS1,61.6,58,6.57,6.45,4.01,10888
2705,0.51,Premium,E,VS1,62.3,56,5.14,5.13,3.2,1837
2707,0.3,Ideal,F,VS2,60.7,56,4.34,4.32,2.63,776
2708,1.53,Very Good,H,VS1,59.5,63,7.44,7.51,4.45,9896
2710,2,Fair,H,SI2,68.7,55,7.9,7.67,5.35,9549
2712,1.5,Good,H,SI2,64.2,56,7.2,7.26,4.64,7161
2718,0.34,Premium,G,VS2,62.4,59,4.41,4.47,2.77,596
2722,0.26,Ideal,G,VVS2,61.4,56,4.11,4.14,2.53,545
2729,0.32,Ideal,D,VS1,61.5,56,4.41,4.43,2.72,862
2731,1.01,Very Good,D,VVS1,62.8,57,6.36,6.41,4.01,13312
2733,1.22,Very Good,G,SI1,62.1,58,6.84,6.89,4.26,6334
2735,0.28,Very Good,G,VVS1,60.7,56,4.27,4.29,2.6,586
2736,1,Good,I,SI2,63.9,60,6.3,6.26,4.01,3528
2740,0.31,Ideal,E,IF,62.2,54,4.33,4.35,2.7,987
2745,1.24,Very Good,F,VVS1,62.7,61,6.75,6.84,4.26,11716
2748,1.24,Premium,E,SI2,60.5,62,6.97,6.89,4.19,4666
2749,0.56,Ideal,G,SI1,61.6,59,5.27,5.32,3.26,1755
2750,0.55,Ideal,D,VS2,61.5,56,5.28,5.25,3.24,2030
2751,0.42,Ideal,F,VS1,61.4,57,4.78,4.83,2.95,1031
2752,1,Premium,F,SI1,60.3,58,6.43,6.47,3.89,5197
2753,0.38,Ideal,H,VS1,62.2,53.7,4.63,4.68,2.9,768
2754,0.9,Very Good,G,SI1,62,61,6.07,6.13,3.78,3734
2756,0.23,Very Good,E,VVS2,61.8,58,3.92,3.94,2.43,530
2757,0.33,Very Good,G,VS2,59.4,61,4.49,4.53,2.68,579
2758,2.01,Premium,G,SI1,62.3,61,7.96,7.89,5.02,16242
2761,1.21,Very Good,G,VS2,63.1,60,6.72,6.66,4.22,7416
2762,1.5,Very Good,H,VS2,58.9,59,7.34,7.43,4.35,10424
2767,1.02,Premium,D,VS1,61.3,58,6.52,6.47,3.98,8181
2770,0.31,Ideal,E,VVS2,61.6,56,4.35,4.39,2.69,837
2772,0.73,Ideal,D,SI1,61.8,56,5.8,5.76,3.57,3189
2776,0.9,Good,G,SI2,63.8,56,6.16,6.13,3.92,3246
2777,1,Premium,E,SI1,59.7,57,6.56,6.48,3.89,5322
2779,0.5,Ideal,F,SI2,61.6,54,5.09,5.14,3.15,1079
2781,1.01,Ideal,G,VVS2,60.9,56,6.51,6.55,3.98,8029
2782,0.37,Ideal,I,VS2,61.2,56,4.62,4.66,2.84,603
2783,0.26,Very Good,F,SI1,59.6,55,4.18,4.24,2.51,590
2787,0.56,Very Good,H,SI1,61.3,60,5.23,5.28,3.22,1197
2791,2.53,Premium,H,SI2,,59,8.9,8.82,5.29,17591
2793,0.35,Ideal,F,SI1,61.5,54,4.57,4.6,2.82,607
2794,0.53,Premium,G,VS1,63,58,5.17,5.15,3.25,1727
2797,1.12,Very Good,H,SI2,60.9,60,6.71,6.76,4.1,4498
2798,0.28,Ideal,E,VVS2,60.3,57,4.21,4.25,2.55,646
2800,0.42,Ideal,H,SI1,62.7,56,4.76,4.78,2.99,700
2806,0.32,Ideal,G,VS1,61.6,57,4.38,4.42,2.71,645
2809,1.52,Premium,G,VS1,58.8,61,7.54,7.45,4.41,10640
2812,1.2,Premium,G,VS2,59.6,58,6.94,6.89,4.12,7258
2813,0.81,Ideal,F,SI2,62.1,57,5.91,5.95,3.68,2843
2816,1.62,Ideal,J,SI1,62.4,53.2,7.47,7.51,4.68,8075
2817,1.05,Ideal,G,SI2,62.2,54,6.52,6.56,4.07,4667
2820,1.51,Very Good,H,VVS2,63.1,56,7.33,7.28,4.61,9332
2821,0.5,Ideal,E,VS2,62.7,55,5.08,5.12,3.2,1451
2823,1.02,Premium,F,SI2,60,60,6.57,6.53,3.93,4284
2828,0.7,Good,F,SI1,57.2,63,5.84,5.87,3.35,2401
2830,1,Premium,F,SI1,62.1,60,6.29,6.23,3.88,4234
2831,0.71,Very Good,G,SI1,62.4,57,5.66,5.69,3.54,2206
2836,1.16,Ideal,D,VVS2,62,55,6.68,6.72,4.19,12989
2837,0.8,Good,H,VS2,63.4,60,5.92,5.82,3.72,2845
2838,0.91,Ideal,I,VS2,,56,6.18,6.22,3.84,4199
2839,0.46,Very Good,F,VS2,59.9,55,5.06,5.08,3.04,1258
2840,0.54,Ideal,D,SI1,62.1,56,5.25,5.21,3.25,1786
2841,0.34,Fair,F,VVS1,55.2,59,4.72,4.77,2.62,1040
2842,1.04,Ideal,J,SI1,61.1,57,6.57,6.52,4,3931
2843,1.5,Very Good,E,SI1,59.6,58,7.38,7.41,4.41,11586
2845,0.4,Premium,F,VS1,62.4,59,4.67,4.69,2.92,982
2848,0.3,Very Good,J,VS1,,57,4.26,4.23,2.69,506
2850,0.58,Very Good,F,SI1,59.9,58,5.35,5.4,3.22,1401
2852,1.53,Very Good,J,VS1,62.8,59,7.31,7.34,4.6,8058
2853,0.51,Ideal,E,SI1,62.1,55,5.15,5.09,3.18,1546
2854,0.33,Premium,G,IF,60.8,58,4.42,4.46,2.7,984
2858,0.32,Very Good,G,VS2,62.6,58,4.37,4.39,2.74,561
2862,0.9,Premium,F,SI1,61.4,55,6.18,6.16,3.79,4435
2863,0.51,Very Good,E,SI1,,58,5.1,5.13,3.12,1343
2864,0.23,Very Good,F,VVS2,61.9,59,3.94,3.97,2.45,530
2865,1.07,Premium,I,VS2,60.7,58,6.62,6.66,4.03,4491
2867,0.56,Ideal,G,VS2,60.6,57,5.36,5.33,3.24,1698
2868,1.01,Very Good,D,VS2,62.2,61,6.37,6.43,3.98,6905
2870,0.7,Ideal,E,SI1,61.1,56,5.75,5.78,3.52,3330
2873,0.53,Premium,E,VS2,61.6,57,5.21,5.18,3.2,1813
2875,0.47,Ideal,G,SI2,62.4,55,4.96,5.01,3.11,784
2878,0.78,Very Good,G,VS1,61.5,55,5.92,5.97,3.66,3472
2881,1.02,Ideal,J,VVS2,62.1,57,6.46,6.43,4,3936
2883,0.73,Premium,F,SI1,60.6,59,5.81,5.77,3.51,2190
2886,1.06,Very Good,H,SI2,62.4,54,6.5,6.54,4.07,4516
2888,0.51,Ideal,G,VS2,62,56,5.18,5.11,3.19,1443
2890,0.3,Premium,G,IF,60,59,4.32,4.34,2.6,895
2891,0.4,Good,F,I1,63.3,60.4,4.64,4.68,2.95,491
2903,0.38,Ideal,H,VVS1,60.7,55,4.71,4.74,2.87,1219
2906,1.01,Fair,G,VS2,65.1,56,6.2,6.15,4.02,5950
2907,0.65,Premium,E,SI1,58.5,58,5.68,5.64,3.31,1708
2908,0.62,Ideal,I,SI1,61.9,54,5.48,5.5,3.4,1271
2909,1.51,Premium,I,SI2,62.6,59,7.28,7.31,4.57,7162
2912,1.01,Good,E,SI2,60.2,60,6.37,6.42,3.85,4566
2914,0.7,Ideal,E,SI1,62.4,55,5.69,5.64,3.54,2407
2918,0.5,Premium,E,SI2,61,62,5.13,5.09,3.12,1097
2919,0.72,Ideal,J,VVS1,62.5,56,5.71,5.74,3.58,2249
2922,1.02,Good,H,VS1,59.8,63,6.54,6.61,3.93,5598
2923,0.72,Good,I,VS1,61.8,61,5.67,5.72,3.53,2048
2924,0.31,Good,D,SI1,63.9,54,4.27,4.3,2.74,571
2926,0.3,Ideal,I,VS1,61.6,56,4.36,4.31,2.67,608
2927,1.01,Ideal,G,IF,61.5,58,6.44,6.47,3.97,8869
2929,2.03,Premium,J,SI1,60.1,58,8.26,8.21,4.95,12492
2932,0.31,Ideal,H,VS2,61.3,56,4.36,4.38,2.68,507
2933,1.01,Very Good,F,VS2,61.1,58,6.45,6.51,3.96,7037
2936,0.9,Good,I,VS2,58.5,66,6.23,6.25,3.65,3353
2939,0.34,Premium,F,SI1,59.3,60,4.52,4.58,2.7,566
2940,0.55,Ideal,D,VS2,61.7,57,5.21,5.26,3.23,1848
2941,0.33,Ideal,F,VVS2,61.7,55,4.46,4.49,2.76,761
2942,1.11,Premium,H,SI1,62.1,58,6.6,6.57,4.09,5102
2945,0.34,Ideal,I,SI1,62.4,56,4.49,4.45,2.79,589
2948,0.41,Premium,F,VVS2,61.6,59,4.73,4.79,2.93,951
2949,1.07,Ideal,I,SI1,61.5,57,6.57,6.59,4.05,5748
2950,0.3,Ideal,H,SI1,61.9,54,4.33,4.36,2.69,389
2954,1.18,Premium,J,SI2,61.3,60,6.78,6.83,4.17,4197
2955,0.3,Ideal,D,SI1,61.9,54,4.32,4.34,2.68,552
2957,0.39,Premium,E,SI2,60.7,62,4.74,4.72,2.87,778
2958,0.51,Ideal,H,VVS1,61.7,57,5.12,5.15,3.16,1837
2961,1.16,Premium,F,SI2,61.9,59,6.71,6.66,4.14,4476
2962,0.42,Premium,E,SI1,62.7,59,4.79,4.78,3,992
2966,1.24,Ideal,H,VS2,61.4,57,6.92,6.88,4.24,5683
2972,0.41,Ideal,D,SI1,62.2,57,4.7,4.76,2.94,791
2973,0.4,Ideal,E,VVS2,62.2,56,4.71,4.78,2.95,1158
2974,0.42,Ideal,D,VS2,62.2,55,4.75,4.8,2.97,1031
2975,0.35,Very Good,F,SI1,61.7,58,4.51,4.54,2.79,583
2976,0.31,Very Good,D,VS1,63.7,58,4.27,4.3,2.73,709
2978,1.02,Ideal,E,SI2,62.7,57,6.35,6.44,4.01,4585
2985,1.87,Premium,E,SI1,61.9,58,7.94,7.88,4.9,16232
2988,0.45,Good,E,VS1,61.7,63,4.88,4.91,3.02,1241
2990,0.9,Ideal,G,VS2,62.6,57,6.14,6.2,3.86,4269
2992,1.61,Ideal,H,VS2,61.4,57,7.52,7.57,4.63,11045
2994,1.04,Good,H,I1,63.9,58,6.42,6.35,4.08,3261
2995,0.37,Ideal,F,VS2,61.4,56,4.63,4.59,2.83,957
2996,0.7,Very Good,I,VVS2,63.4,59,5.6,5.57,3.54,2415
2997,1.32,Ideal,G,VS1,61.4,54,7.09,7.13,4.37,9715
3004,0.41,Premium,G,VS2,61.9,59,4.77,4.73,2.94,1061
3006,1.01,Premium,H,VS2,62.5,58,6.41,6.33,3.98,5611
3010,1.11,Ideal,D,VVS2,62.3,56,6.59,6.64,4.12,12390
3011,0.56,Very Good,D,VS1,60.8,60,5.32,5.34,3.24,2188
3012,1.17,Fair,H,SI2,60,66,6.86,6.78,4.09,4717
3015,0.9,Very Good,H,VVS2,59.9,61,6.29,6.19,3.74,4637
3017,1.57,Ideal,F,SI1,61.1,55,7.55,7.53,4.61,12432
3018,1.13,Premium,F,IF,60,58,6.78,6.76,4.06,12543
3019,1.03,Premium,F,VS2,62,58,6.5,6.46,4.02,6484
3022,0.32,Premium,G,VS2,62.5,60,4.32,4.38,2.72,561
3028,1.86,Very Good,H,SI1,62.6,58,7.77,7.82,4.88,14383
3029,0.3,Ideal,E,VVS2,61.4,56,4.33,4.37,2.67,949
3030,0.23,Very Good,F,VVS2,61,59,3.93,3.97,2.41,465
3032,1.5,Good,I,SI1,64.2,56,7.25,7.14,4.62,7207
3033,0.41,Ideal,E,VVS1,61.9,55,4.79,4.78,2.96,1431
3035,1.13,Premium,H,SI1,62.1,58,6.7,6.66,4.15,5410
3040,0.3,Ideal,H,IF,61.3,58,4.3,4.31,2.64,764
3044,1.11,Premium,E,VS2,62.2,58,6.61,6.64,4.12,7619
3053,0.25,Very Good,E,VVS2,60.5,59,4.06,4.1,2.47,575
3054,0.32,Ideal,F,VVS1,61.7,55,4.38,4.43,2.72,867
3056,2.01,Very Good,H,SI1,62.8,59,7.99,8.04,5.03,17759
3060,1.55,Ideal,F,SI1,61.9,55,7.47,7.42,4.61,14220
3061,0.23,Very Good,D,VS2,62.7,58,3.86,3.89,2.43,362
3062,1.09,Ideal,G,SI2,61.2,57,6.63,6.68,4.07,4586
3063,1.28,Ideal,G,IF,60.8,57,7.02,7.05,4.28,11372
3064,0.32,Ideal,D,VS2,61.8,55,4.41,4.43,2.73,657
3065,1.19,Ideal,H,VVS2,61.6,56,6.78,6.86,4.2,7651
3070,1.02,Ideal,G,VS2,60.6,56,6.56,6.52,3.96,6333
3076,0.43,Ideal,F,VVS1,62.3,55,4.85,4.88,3.03,1358
3081,0.41,Premium,E,SI1,62.8,58,4.77,4.72,2.98,904
3082,0.34,Ideal,D,VVS1,61.2,57,4.51,4.54,2.77,1272
3084,0.76,Very Good,F,VS2,62.5,58,5.79,5.83,3.63,3238
3085,0.36,Ideal,H,SI1,62.3,53,4.57,4.61,2.86,538
3086,1.21,Very Good,F,VS1,62.3,58,6.76,6.85,4.24,10009
3087,0.96,Very Good,F,SI1,60.6,62,6.35,6.39,3.86,4560
3090,0.46,Ideal,D,VS2,62.4,56,4.95,4.98,3.1,1240
3093,0.31,Ideal,D,VS1,60.5,57,4.4,4.43,2.67,766
3094,0.32,Ideal,F,VS2,62.5,56,4.38,4.36,2.73,828
3095,1.31,Ideal,I,VS2,62.4,57,6.93,6.97,4.34,6338
3098,1.51,Good,G,SI1,63.1,56,7.2,7.28,4.57,9258
3099,0.39,Ideal,H,VS1,61.9,57,4.71,4.76,2.93,740
3100,1.77,Very Good,J,SI2,63.4,60,7.65,7.61,4.84,8257
3102,0.7,Very Good,F,SI1,59.7,56.9,5.73,5.86,3.46,2403
3103,2.04,Premium,I,VS2,62.5,58,8.22,8.09,5.1,17028
3104,1.5,Very Good,D,SI1,,59,7.33,7.39,4.49,12179
3105,0.41,Premium,G,VS2,61.4,59,4.79,4.75,2.93,1061
3108,0.56,Premium,D,SI1,61,60,5.28,5.25,3.21,1605
3111,0.57,Ideal,E,VS1,62.9,57,5.29,5.27,3.32,1982
3113,1.7,Ideal,H,VS1,,57,7.57,7.47,4.72,14266
3115,1.07,Premium,G,VS2,60.5,56,6.71,6.64,4.04,6471
3118,0.51,Ideal,E,VS1,61.8,56,5.17,5.19,3.2,1851
3119,0.6,Premium,H,SI1,60.1,61,5.43,5.39,3.25,1219
3120,1.1,Very Good,D,SI2,61.6,57,6.61,6.67,4.09,5226
3122,1.05,Very Good,F,VVS2,61.3,59,6.48,6.56,4,8537
3123,0.39,Premium,G,VVS2,60.7,61,4.73,4.7,2.86,1024
3129,0.3,Ideal,H,VVS1,61.1,58,4.33,4.35,2.65,665
3130,0.72,Ideal,H,VS1,62.3,56,5.73,5.77,3.58,2819
3131,0.53,Ideal,D,VS2,61.5,56,5.17,5.23,3.2,1857
3134,0.3,Premium,D,SI1,,58,4.29,4.32,2.65,552
3136,0.77,Ideal,D,VS2,61.8,56,5.9,5.84,3.63,3755
3138,0.71,Ideal,J,VS1,61.9,55,5.69,5.75,3.54,1932
3139,1.13,Good,F,SI2,64,58,6.58,6.52,4.19,4025
3140,0.56,Ideal,G,VS2,62,56,5.3,5.28,3.28,1698
3142,0.4,Ideal,J,VS2,62.6,57,4.68,4.71,2.94,599
3143,0.7,Ideal,E,VVS2,62.4,54,5.66,5.71,3.55,3585
3144,1,Premium,D,VVS2,58.3,61,6.55,6.48,3.8,9274
3148,1.05,Premium,E,SI1,61.2,58,6.57,6.53,4.01,5433
3150,1.01,Fair,H,VS1,66.1,55,6.28,6.24,4.14,4044
3152,1.02,Ideal,G,VS2,61.9,53,6.5,6.48,4.02,6169
3154,0.5,Ideal,E,VS1,62.2,56,5.1,5.13,3.18,1619
3156,1.07,Ideal,F,VS2,62.4,55,6.53,6.57,4.09,7483
3158,0.43,Ideal,G,IF,62.4,54,4.84,4.87,3.03,1318
3160,1.01,Premium,G,SI1,59.2,59,6.52,6.58,3.88,4260
3161,1.18,Ideal,J,VS1,61.7,56,6.79,6.82,4.2,5182
3163,1.51,Ideal,J,VS1,62.7,56,7.3,7.35,4.59,8092
3166,2.28,Very Good,I,SI2,62.9,57,8.34,8.41,5.27,16041
3169,0.34,Premium,G,VS1,60.4,61,4.53,4.48,2.72,880
3171,1.2,Ideal,H,SI2,62.6,58,6.74,6.81,4.24,5613
3175,0.32,Ideal,G,VS1,62,56,4.37,4.41,2.72,645
3178,0.71,Premium,G,VS1,62.2,59,5.73,5.66,3.54,2825
3179,0.31,Premium,G,VVS1,59.9,62,4.37,4.35,2.61,1046
3180,2,Premium,G,SI2,60.3,57,8.25,8.06,4.92,12388
3181,1.22,Premium,E,SI2,61.5,58,6.86,6.84,4.21,6121
3182,1.51,Very Good,G,SI1,63.4,58,7.19,7.3,4.59,9664
3185,2.22,Good,I,SI1,57.8,58,8.58,8.54,4.95,17151
3186,0.57,Premium,H,VS1,,58,5.33,5.3,3.28,1613
3192,0.38,Ideal,H,VS1,61.1,55,4.68,4.72,2.87,721
3194,0.32,Good,H,SI1,63.5,57,4.34,4.39,2.77,461
3195,0.58,Very Good,J,SI1,62.1,57,5.35,5.41,3.34,1095
3196,0.33,Ideal,G,VS2,62.8,54,4.42,4.4,2.77,743
3197,0.26,Ideal,E,VVS2,62.9,58,4.02,4.06,2.54,554
3200,0.41,Premium,G,VS2,59.8,58,4.8,4.84,2.88,827
3201,0.37,Ideal,E,VVS2,61.8,54,4.63,4.6,2.85,1082
3204,1.18,Ideal,F,VVS1,61.5,55.6,6.79,6.83,4.19,13257
3205,2.08,Ideal,J,SI2,62.3,55,8.23,8.17,5.11,12179
3206,1.01,Good,F,SI2,63.7,59,6.28,6.38,4.03,4166
3209,0.51,Fair,F,VS2,61,66,5.12,5.04,3.1,1334
3212,1.16,Premium,H,SI2,60.2,59,6.84,6.78,4.1,4872
3213,0.5,Ideal,F,VVS2,62.1,58,5.07,5.11,3.16,1960
3214,0.53,Ideal,G,VVS2,60.4,56,5.29,5.24,3.18,2051
3215,0.51,Ideal,I,SI1,62.2,56,5.08,5.12,3.17,984
3217,0.6,Ideal,F,VS2,61.9,57,5.39,5.43,3.35,1970
3218,0.51,Ideal,F,SI2,61.4,56,5.14,5.18,3.17,1286
3219,1.11,Ideal,F,VS2,61.8,56,6.66,6.7,4.13,9057
3220,1.6,Ideal,F,SI1,61,57,7.54,7.6,4.62,12871
3226,0.71,Good,I,VS1,63.8,53,5.7,5.64,3.62,2104
3228,1.22,Very Good,G,SI2,63.2,58,6.82,6.76,4.29,6409
3230,0.31,Very Good,G,SI1,,55,4.31,4.34,2.7,462
3233,1.23,Ideal,F,VS1,62.5,54,6.85,6.82,4.27,9836
3235,1.12,Premium,I,VS2,61.9,58,6.63,6.68,4.12,5027
3238,0.8,Ideal,H,VS2,62.1,54,5.96,5.99,3.71,3030
3240,0.72,Ideal,E,SI1,62.6,57,5.69,5.74,3.58,2731
3244,2.11,Ideal,I,SI1,61,57,8.37,8.29,5.08,15486
3247,0.32,Premium,F,VS2,61.7,58,4.41,4.38,2.71,828
3248,0.57,Very Good,D,VS2,60.4,57,5.35,5.38,3.24,1651
3254,2,Very Good,J,VS2,60.8,62,8.09,8.12,4.93,13043
3261,0.3,Premium,F,VS2,,59,4.32,4.29,2.63,776
3266,1.01,Good,D,VS2,63.1,60,6.35,6.39,4.02,6999
3267,0.9,Very Good,I,VS2,63.4,56,6.09,6.12,3.87,3489
3268,1.5,Premium,F,VS1,59.6,60,7.41,7.49,4.44,15338
3270,1.12,Premium,G,VS2,62.3,59,6.71,6.61,4.15,6683
3271,0.36,Very Good,G,SI1,62,59,4.53,4.56,2.82,537
3272,0.43,Ideal,I,VVS2,60.9,57,4.85,4.9,2.97,929
3274,1.23,Ideal,D,VVS2,62.4,55,6.87,6.82,4.27,13653
3275,0.35,Premium,G,IF,59.1,59,4.62,4.59,2.72,1116
3276,1.24,Premium,D,SI2,61.4,59,6.91,6.87,4.23,6965
3279,0.31,Good,H,VS1,63.1,57,4.31,4.34,2.73,544
3281,1.15,Very Good,F,SI2,63.1,63,6.67,6.57,4.18,4915
3284,0.51,Premium,J,SI1,62.6,59,5.1,5.06,3.18,1020
3287,0.41,Good,F,SI1,63.4,57,4.73,4.74,3,705
3289,1.06,Premium,E,VS1,59.1,58,6.66,6.71,3.95,6669
3291,1.02,Very Good,H,SI1,61.9,61,6.34,6.42,3.95,4476
3292,1.5,Premium,H,SI2,61.4,62,7.4,7.25,4.49,7187
3293,0.34,Ideal,I,IF,61.9,55,4.5,4.52,2.79,695
3294,0.32,Ideal,G,VVS1,61.6,55,4.43,4.47,2.74,814
3297,0.43,Ideal,E,SI2,61.9,57,4.83,4.86,3,716
3298,0.4,Very Good,H,VS1,61.8,53,4.76,4.78,2.95,770
3301,0.7,Premium,D,SI2,60.4,60,5.74,5.79,3.48,2573
3302,0.35,Ideal,F,VS2,62.5,57,4.5,4.53,2.82,706
3304,0.53,Ideal,G,VVS2,61.4,57,5.17,5.2,3.18,2250
3307,0.53,Very Good,G,SI1,61,55,5.21,5.32,3.21,1219
3308,1.46,Ideal,E,SI2,62.3,55,7.29,7.25,4.53,8421
3311,0.3,Ideal,I,SI1,62.3,56,4.35,4.32,2.7,506
3314,0.41,Ideal,E,VVS2,61.5,55,4.79,4.83,2.96,1187
3315,0.92,Premium,I,SI1,60.7,58,6.3,6.25,3.81,3529
3316,0.42,Good,G,VVS1,63.6,55,4.75,4.78,3.03,1179
3317,0.31,Good,J,SI2,63.3,58,4.34,4.35,2.75,335
3324,1.11,Ideal,I,VS2,61.7,55,6.66,6.69,4.12,5506
3325,0.42,Very Good,F,SI1,63.1,56,4.82,4.79,3.03,926
3326,0.59,Good,I,VVS2,57.8,61,5.52,5.6,3.21,1427
3331,0.51,Good,G,VVS2,58.1,62,5.24,5.3,3.06,1813
3334,0.3,Ideal,G,VVS1,61.7,57,4.32,4.3,2.66,1013
3336,1.03,Ideal,F,IF,63.1,55,6.45,6.46,4.07,10615
3337,0.3,Premium,E,SI1,60,60,4.36,4.38,2.62,526
3340,1.03,Ideal,E,SI1,62.1,56,6.43,6.48,4.01,5476
3341,1.01,Premium,G,SI2,62.5,60,6.34,6.39,3.98,4249
3347,0.41,Ideal,G,VS2,62.4,54,4.78,4.81,2.99,827
3353,0.76,Very Good,F,SI1,62.9,57,5.79,5.81,3.65,2770
3355,0.7,Premium,F,VS2,62,56,5.72,5.67,3.53,2573
3357,0.91,Premium,G,VS2,60.8,56,6.28,6.21,3.8,4357
3358,1,Very Good,I,SI1,63.3,56,6.27,6.36,4,4538
3367,1.04,Ideal,G,VS2,62.5,57,6.49,6.46,4.05,6709
3371,1,Premium,F,VS2,62.7,58,6.4,6.33,3.99,6608
3374,1.01,Premium,G,VS2,62.5,60,6.37,6.31,3.96,5620
3380,2,Very Good,J,VS2,60.7,60,8.05,8.17,4.92,13542
3382,0.31,Ideal,H,VVS2,62.2,57,4.32,4.36,2.7,625
3384,0.32,Ideal,F,VS2,62.1,57,4.35,4.38,2.71,645
3385,2.05,Ideal,J,VS1,61.8,58,8.12,8.16,5.03,15450
3386,0.3,Ideal,E,VVS1,60,60,4.37,4.39,2.63,826
3388,0.6,Ideal,E,SI1,61.5,56,5.51,5.39,3.35,1830
3389,1.01,Very Good,F,VVS1,62.8,59,6.37,6.43,4.02,9474
3390,1.51,Ideal,I,VS2,61.6,57,7.34,7.28,4.5,9352
3393,0.31,Ideal,F,VS2,60.8,57,4.41,4.38,2.67,749
3398,2,Very Good,H,SI2,63,59,7.94,8.07,5.04,15694
3399,0.31,Ideal,F,VVS1,62,55,4.34,4.37,2.7,840
3400,0.3,Ideal,G,IF,62.6,57,4.32,4.28,2.69,956
3404,0.34,Very Good,I,SI1,62.8,57,4.43,4.45,2.79,459
3405,0.7,Ideal,E,SI1,61.9,56,5.7,5.73,3.54,3330
3406,1.62,Very Good,H,VS2,59.6,59,7.59,7.67,4.55,11427
3407,1.2,Very Good,F,SI2,62.8,55,6.74,6.8,4.25,6085
3410,1.02,Very Good,F,VS2,59.4,58,6.52,6.62,3.9,6479
3412,1.01,Premium,H,SI1,59.5,59,6.56,6.52,3.89,4771
3414,0.51,Ideal,G,VVS2,61.5,57,5.13,5.18,3.17,1875
3416,0.35,Ideal,E,VS1,61.9,56,4.51,4.53,2.8,829
3425,1.12,Ideal,G,VVS2,62.1,54.8,6.64,6.66,4.13,8701
3431,1.01,Good,H,SI2,65.7,60,6.17,6.19,4.06,3926
3435,0.32,Ideal,E,VS1,61.9,56,4.38,4.41,2.72,758
3436,1.12,Premium,F,VS2,62.8,56,6.67,6.61,4.17,7437
3439,1.7,Premium,F,SI2,61.8,60,7.64,7.56,4.7,10377
3442,0.61,Ideal,D,VS2,62,56,5.43,5.48,3.38,2202
3444,0.3,Premium,G,IF,60.2,58,4.35,4.39,2.63,895
3445,0.54,Very Good,D,SI1,62.9,57,5.17,5.22,3.27,1662
3446,1.02,Premium,H,VS2,61.9,57,6.5,6.4,3.99,5171
3450,0.92,Premium,H,VS1,61,62,6.32,6.26,3.84,4155
3451,0.58,Ideal,F,VS1,61.9,56,5.36,5.33,3.31,2227
3452,0.5,Very Good,G,VS1,61.3,58,5.03,5.09,3.1,1592
3455,0.3,Premium,D,VS2,62.3,58,4.29,4.32,2.68,710
3456,0.31,Very Good,G,VS1,63.3,56,4.33,4.29,2.73,802
3457,0.35,Ideal,G,VVS1,61,56,4.56,4.59,2.79,887
3460,0.56,Premium,F,SI1,60.8,58,5.31,5.34,3.24,1436
3461,0.73,Very Good,G,SI1,60.6,59,5.83,5.85,3.54,2585
3463,1,Very Good,E,SI2,59.6,62,6.45,6.51,3.86,4685
3468,1.51,Good,J,VS2,64,58,7.27,7.24,4.64,7062
3469,1.01,Very Good,F,SI2,62.4,58,6.37,6.42,3.99,4187
3471,0.34,Ideal,F,SI1,61.1,56,4.52,4.55,2.77,537
3473,1.5,Good,H,I1,64,56,7.18,7.05,4.56,4022
3480,1.22,Very Good,J,SI2,62.6,58,6.78,6.84,4.26,4652
3481,2,Very Good,G,SI2,64,58,7.86,7.95,5.06,14074
3483,0.61,Ideal,H,VS2,62,53,5.47,5.49,3.4,1591
3484,0.34,Ideal,H,SI1,61.3,57,4.54,4.55,2.78,526
3486,0.31,Ideal,F,VS2,62,56,4.39,4.35,2.71,802
3487,1.02,Ideal,E,VVS1,61.4,57,6.39,6.47,3.95,11028
3488,1.05,Very Good,G,SI2,62.5,60,6.45,6.5,4.05,4241
3494,1.52,Premium,E,VS1,60.6,58,7.44,7.38,4.49,16779
3498,0.3,Very Good,E,VS2,62.4,57,4.24,4.29,2.66,658
3502,0.36,Ideal,E,VS1,62.4,55,4.59,4.61,2.87,852
3507,0.3,Ideal,D,VVS1,61.3,57,4.32,4.29,2.64,1069
3508,0.55,Ideal,G,SI1,61.3,56,5.26,5.31,3.24,1605
3509,0.23,Very Good,F,VVS1,62.8,54,3.92,3.94,2.47,583
3511,0.71,Very Good,E,VS2,61.2,58,5.71,5.79,3.52,2891
3512,1.78,Very Good,D,SI2,63.4,60,7.67,7.61,4.85,10730
3514,0.42,Ideal,D,VS2,62.4,55,4.8,4.82,3,1031
3516,0.73,Very Good,J,VS2,62.7,57,5.71,5.74,3.59,2101
3519,0.34,Ideal,E,VS2,62.1,55,4.47,4.49,2.78,745
3522,0.9,Premium,I,VS2,58.7,60,6.35,6.28,3.7,2923
3523,0.3,Ideal,G,IF,61.4,57,4.33,4.37,2.67,895
3524,0.45,Ideal,D,SI2,62,55,4.92,4.95,3.06,706
3529,0.83,Ideal,G,SI1,61.8,55,6.05,6.09,3.75,3171
3532,1.56,Ideal,G,SI1,61.2,56,7.49,7.51,4.59,11522
3533,0.35,Ideal,F,VS2,60.8,57,4.56,4.52,2.76,906
3535,1.08,Ideal,D,SI1,61.8,56,6.62,6.69,4.11,6078
3536,1.6,Ideal,J,VS1,62.1,57,7.46,7.54,4.66,8904
3539,0.34,Premium,D,VS2,59.3,59,4.59,4.55,2.71,881
3543,0.8,Premium,G,VS2,59.6,59,6.09,6,3.6,3136
3544,0.66,Ideal,D,VVS2,61.6,57,5.57,5.64,3.45,3103
3545,1.8,Premium,I,SI1,61.9,60,7.78,7.74,4.8,11948
3547,0.7,Fair,G,SI1,66,53,5.53,5.47,3.63,1949
3551,0.33,Ideal,H,SI1,60.9,56,4.5,4.53,2.75,511
3552,0.45,Ideal,D,SI1,60.6,55,4.99,4.97,3.02,1027
3553,0.9,Ideal,J,VS2,61.3,57,6.16,6.24,3.8,3160
3561,0.54,Ideal,E,SI1,62.1,56,5.24,5.19,3.24,1637
3562,1.03,Fair,G,SI1,66.1,56,6.26,6.2,4.12,3052
3564,0.3,Good,G,VS1,63.1,59,4.25,4.27,2.69,605
3565,0.56,Ideal,D,VVS2,61.7,58,5.26,5.3,3.26,2612
3566,0.31,Ideal,G,IF,62.5,56,4.33,4.37,2.71,871
3572,1.01,Ideal,G,VS2,61.7,57,6.48,6.45,3.99,6104
3574,0.9,Very Good,D,SI1,62.7,56,6.12,6.16,3.85,4381
3577,0.91,Ideal,I,VS2,62.2,59,6.13,6.18,3.83,3726
3578,1.04,Premium,E,SI2,60.1,60,6.53,6.51,3.92,4436
3581,1.58,Premium,H,SI1,61.5,59,7.47,7.45,4.59,10738
3582,0.41,Good,E,VVS1,63.5,57,4.73,4.75,3.01,1002
3583,1,Good,H,SI1,61.2,62,6.32,6.36,3.88,4389
3587,1.22,Premium,G,SI1,60.7,59,6.92,6.96,4.21,6492
3589,0.71,Ideal,H,SI2,,57,5.66,5.69,3.56,2178
3598,0.51,Very Good,F,SI1,62,54,5.15,5.18,3.2,1265
3599,0.5,Ideal,F,VS1,62.5,57,5.09,5.06,3.17,1838
3602,0.5,Ideal,H,SI1,62.2,53,5.06,5.14,3.17,1154
3604,1.5,Ideal,I,SI1,62.7,57,7.21,7.3,4.55,8291
3605,0.32,Premium,G,VS2,62.6,59,4.33,4.36,2.72,561
3607,0.31,Premium,I,SI1,59.6,58,4.39,4.44,2.63,418
3608,0.32,Ideal,D,VS2,62.7,57,4.44,4.4,2.77,972
3609,0.3,Ideal,H,VS1,62.1,57,4.27,4.3,2.66,507
3611,2.15,Ideal,J,VS1,60.9,55,8.35,8.39,5.1,15613
3613,1.25,Premium,I,VS1,60.4,59,7.01,6.94,4.21,6664
3616,0.9,Good,G,SI1,64.1,59.4,6.04,6.08,3.88,3816
3621,0.9,Very Good,H,VS1,62.1,59,6.09,6.14,3.8,4309
3622,1.5,Premium,F,VS2,,53,7.37,7.33,4.56,13506
3626,1,Very Good,G,VS2,62.7,58,6.34,6.42,4,5544
3627,0.38,Ideal,F,VS2,61.9,55,4.68,4.64,2.89,969
3629,2.16,Very Good,H,SI2,62.3,60,8.19,8.31,5.14,14824
3630,0.58,Ideal,G,SI1,62,58,5.33,5.38,3.32,1408
3631,1,Good,H,SI2,57.9,62,6.53,6.49,3.77,4592
3636,0.24,Very Good,F,VVS1,59,59,4.05,4.08,2.4,552
3637,0.44,Very Good,F,SI1,62.8,59,4.88,4.91,3.07,829
3638,0.55,Premium,J,SI1,60.5,59,5.33,5.28,3.21,1348
3640,2.42,Premium,J,VS2,61.3,59,8.61,8.58,5.27,17168
3641,0.33,Premium,I,VVS2,61.4,58,4.48,4.45,2.74,743
3642,0.72,Very Good,G,SI2,60.6,57,5.79,5.86,3.53,2114
3643,1.01,Premium,G,SI2,60.5,58,6.55,6.47,3.94,4327
3644,1.11,Premium,I,SI1,61.9,58,6.63,6.61,4.1,3978
3645,0.39,Ideal,G,VVS2,60.6,57,4.72,4.75,2.87,902
3649,0.7,Ideal,G,SI1,62.1,58,5.67,5.69,3.53,2276
3651,0.26,Premium,E,VS1,60.1,60,4.1,4.15,2.48,452
3652,2.61,Ideal,J,SI2,64.6,55,8.61,8.57,5.55,17209
3654,1.5,Very Good,I,VS2,63.3,55,7.3,7.26,4.61,9533
3655,1.2,Good,H,SI1,64.2,60,6.68,6.62,4.27,6182
3657,0.95,Ideal,J,VVS2,60.6,57,6.4,6.34,3.86,3558
3658,0.56,Ideal,E,SI1,61.6,55,5.31,5.33,3.28,1649
3659,1.21,Ideal,E,SI1,62.2,54.1,6.82,6.86,4.26,7231
3660,0.3,Very Good,J,VS1,,61,4.33,4.38,2.66,427
3662,0.32,Premium,F,VVS1,61.3,58,4.37,4.4,2.69,926
3673,0.72,Ideal,D,VS2,62,54.8,5.73,5.76,3.56,3543
3676,0.52,Very Good,H,VS2,63.5,58,5.08,5.09,3.23,1389
3678,0.79,Very Good,E,SI1,60.4,59,5.97,5.99,3.61,3077
3683,0.51,Premium,H,VS2,58.5,61,5.26,5.23,3.07,1359
3686,0.7,Ideal,E,SI2,62,56,5.71,5.74,3.55,2061
3688,1.22,Premium,H,SI1,60.6,58,6.91,6.86,4.17,5063
3692,0.58,Very Good,F,VS1,61.5,60,5.32,5.38,3.29,2001
3694,0.53,Ideal,G,VS1,61.5,57,5.21,5.23,3.21,1791
3698,1,Very Good,G,SI1,63.1,56,6.41,6.31,4.01,4295
3699,1.42,Ideal,H,SI1,62,56,7.17,7.22,4.46,8529
3703,1,Premium,F,SI2,62.8,57,6.44,6.37,4.02,4155
3704,0.31,Good,G,VS1,63.3,57,4.28,4.31,2.72,583
3706,1.4,Premium,J,SI1,62.9,59,7.16,7.07,4.48,4939
3719,0.7,Very Good,E,SI1,63.1,56,5.62,5.69,3.57,2421
3720,0.71,Very Good,E,SI1,59.3,55,5.83,5.9,3.48,2573
3722,1.01,Premium,F,SI1,60.6,59,6.52,6.49,3.94,5345
3724,1.01,Good,D,SI1,63.1,60,6.32,6.39,4.01,5443
3725,0.3,Ideal,G,VVS2,60.6,57,4.33,4.35,2.63,684
3727,1.7,Very Good,J,SI1,63.2,57,7.63,7.55,4.8,9253
3729,0.41,Very Good,D,SI1,63,57,4.64,4.7,2.94,717
3738,0.51,Ideal,G,VVS2,62.6,57,5.12,5.1,3.2,1974
3739,1.58,Premium,E,VS2,60.1,60,7.53,7.54,4.53,14453
3740,1,Good,G,VVS2,61.6,60,6.34,6.38,3.92,7572
3743,0.29,Very Good,E,VVS2,61.4,58,4.25,4.31,2.63,633
3745,0.9,Premium,D,SI1,61.7,56,6.16,6.09,3.78,3568
3746,0.33,Ideal,D,VVS2,61.1,56,4.46,4.44,2.72,1021
3749,1.15,Very Good,E,SI2,60,59,6.78,6.82,4.08,5257
3752,1.04,Premium,I,VS1,61.4,57,6.52,6.47,3.99,4240
3757,0.72,Fair,G,VS2,64.6,55,5.66,5.71,3.67,2306
3758,1.01,Very Good,G,VS1,58.8,58,6.52,6.61,3.86,6777
3759,0.3,Premium,H,VS1,61.4,59,4.33,4.3,2.65,675
3761,0.8,Ideal,F,SI1,60.5,57,6.02,6.07,3.66,3420
3765,0.31,Ideal,D,IF,60.5,57,4.39,4.41,2.66,1917
3766,0.24,Very Good,G,VVS2,62,56,4,4.03,2.49,449
3774,1.64,Fair,E,SI2,63.1,60,7.58,7.5,4.75,8954
3775,0.3,Very Good,D,SI1,62.1,58,4.25,4.28,2.65,552
3779,1.2,Very Good,D,SI1,62.6,59,6.71,6.75,4.21,7909
3780,0.46,Good,F,VS1,56.5,61,5.11,5.05,2.87,1157
3783,0.3,Premium,G,VVS1,60.5,59,4.33,4.36,2.63,789
3784,0.7,Ideal,E,SI1,61.6,57,5.71,5.76,3.53,2846
3786,0.42,Premium,E,VS2,61,59,4.85,4.82,2.95,1024
3787,0.28,Ideal,F,VVS2,61.8,56,4.22,4.26,2.62,642
3791,1.35,Very Good,H,SI2,62.2,56,7.02,7.06,4.38,6088
3792,1.01,Very Good,H,SI1,63.3,57,6.41,6.36,4.04,4707
3793,1,Good,H,SI2,,58,6.31,6.33,3.96,4125
3797,0.58,Good,G,SI1,63.5,56,5.28,5.34,3.37,1295
3802,0.31,Very Good,E,SI1,63.2,59,4.33,4.28,2.72,698
3804,1,Fair,F,SI1,66.4,57,6.21,6.14,4.1,4256
3805,1.04,Ideal,F,VS2,62.1,57,6.53,6.48,4.04,6814
3806,1.63,Ideal,I,SI1,61.3,56,7.64,7.56,4.66,9694
3807,1.03,Ideal,H,SI1,62.2,56,6.45,6.51,4.03,5005
3808,0.71,Ideal,D,VS2,62.3,56,5.68,5.72,3.55,3137
3812,1.7,Ideal,I,VS1,60.1,57,7.8,7.77,4.68,12099
3813,0.57,Good,F,SI2,61.9,57.7,5.32,5.34,3.3,1280
3814,1.24,Ideal,H,SI1,61.3,57,6.95,6.89,4.24,6254
3818,0.52,Ideal,E,VS2,62.2,54,5.13,5.16,3.2,1825
3820,0.4,Premium,D,SI2,61.6,59,4.74,4.68,2.9,855
3821,1.01,Ideal,J,VS2,62.2,54,6.41,6.47,4.01,4443
3824,0.31,Very Good,G,VS1,63,57,4.28,4.32,2.71,625
3825,0.7,Ideal,F,SI1,61.1,56,5.74,5.78,3.52,2671
3827,0.31,Very Good,H,SI1,62.9,56,4.27,4.31,2.7,435
3829,1.42,Very Good,G,VS1,62.7,55,7.11,7.17,4.48,11452
3830,1.5,Premium,J,VVS2,61.8,60,7.33,7.36,4.54,8603
3834,1.01,Good,G,VS2,62.7,60,6.27,6.32,3.95,6126
3839,1.07,Ideal,G,VVS2,62.3,54,6.54,6.56,4.08,8145
3849,0.43,Very Good,G,VS2,62.9,56,4.77,4.8,3.01,863
3850,0.5,Premium,E,VS2,61.8,59,5.12,5.08,3.15,1629
3853,0.55,Ideal,E,VS2,61.4,56,5.32,5.26,3.25,1792
3860,0.71,Ideal,D,SI2,60.4,56,5.79,5.83,3.51,2516
3861,1.11,Premium,H,SI1,62.5,58,6.64,6.61,4.14,5433
3865,1.25,Ideal,E,VVS1,62.6,56,6.83,6.91,4.3,13536
3874,1.21,Premium,F,VS2,61.3,58,6.89,6.84,4.21,8139
3876,0.35,Ideal,I,VS2,62.5,57,4.53,4.5,2.82,630
3878,0.51,Ideal,D,IF,62,56,5.14,5.18,3.2,3446
3881,1,Fair,E,SI2,55.4,62,6.63,6.59,3.66,3011
3882,0.43,Ideal,G,VVS2,60.9,57,4.85,4.9,2.97,1056
3886,2.06,Ideal,J,SI2,61.9,55,8.19,8.23,5.08,11234
3887,0.62,Ideal,E,SI1,61.5,57,5.44,5.49,3.36,1749
3894,0.51,Ideal,G,VS1,61.3,55.7,5.15,5.18,3.16,1595
3899,0.71,Premium,F,SI1,62.2,58,5.74,5.67,3.55,2352
3900,1.16,Ideal,I,SI2,62.4,55,6.76,6.69,4.2,3800
3901,1.11,Ideal,I,VS1,61.2,57,6.67,6.7,4.09,6758
3903,1.51,Good,J,SI1,64.1,61,7.19,7.16,4.6,6511
3904,0.71,Ideal,I,SI1,60.2,60,5.77,5.79,3.48,2319
3913,0.34,Very Good,I,VVS2,63.1,56,4.47,4.43,2.81,765
3926,1.83,Very Good,E,SI2,62,57,7.81,7.89,4.87,12379
3927,0.56,Ideal,G,SI1,62.1,55,5.29,5.33,3.3,1417
3929,1.01,Ideal,F,SI1,62.3,58,6.35,6.42,3.98,5646
3930,0.4,Good,I,VVS2,59.7,62,4.75,4.79,2.85,750
3932,0.3,Premium,G,SI2,62.3,59,4.25,4.29,2.66,394
3935,0.25,Good,D,VVS2,57.5,61,4.16,4.19,2.4,548
3938,0.5,Ideal,D,SI1,62.6,57,5.1,5.06,3.18,1654
3943,0.27,Very Good,E,VS1,61.9,59,4.16,4.21,2.59,470
3944,1.59,Ideal,E,SI2,62.3,55,7.48,7.52,4.67,11149
3946,0.81,Very Good,E,SI1,60.3,60,6.07,6.1,3.67,2797
3948,1.23,Ideal,H,I1,61.6,55,6.92,6.87,4.25,3168
3950,0.32,Ideal,D,SI1,62.5,54,4.39,4.41,2.75,589
3952,1.03,Premium,I,VS1,61.6,58,6.5,6.42,3.98,3553
3956,0.72,Ideal,F,VS2,62,56,5.77,5.75,3.57,2943
3957,1,Good,F,SI2,63.7,57,6.36,6.32,4.04,3977
3958,1.74,Very Good,H,SI2,62.1,59,7.65,7.78,4.79,10086
3960,0.59,Premium,E,SI1,61.8,60,5.33,5.39,3.31,1664
3962,0.41,Fair,H,SI1,65.4,61,4.51,4.63,2.99,659
3964,1.26,Premium,G,SI2,59.1,59,7.09,7.05,4.18,5899
3965,0.9,Good,F,SI2,63.2,57,6.09,6.15,3.87,3267
3969,0.9,Ideal,H,SI1,62.5,56,6.14,6.18,3.85,4492
3970,0.31,Very Good,E,VVS1,62.3,59,4.32,4.38,2.71,878
3971,1.26,Very Good,I,SI1,61.9,58,6.97,6.92,4.3,6318
3972,0.3,Very Good,G,IF,61.4,59,4.27,4.3,2.63,831
3974,0.3,Ideal,D,SI1,62.2,56,4.25,4.3,2.66,552
3975,0.71,Ideal,G,VVS1,61.2,56,5.75,5.81,3.54,4015
3980,0.72,Very Good,J,SI1,63,57,5.69,5.74,3.6,1966
3984,0.71,Ideal,G,VS1,,56,5.69,5.72,3.55,2962
3986,0.26,Very Good,G,VVS2,62.3,56,4.07,4.09,2.54,486
3987,1.01,Good,J,SI1,62.8,58,6.28,6.33,3.96,3399
3994,1,Good,D,SI2,58.1,65,6.54,6.48,3.78,4427
3996,1.01,Ideal,F,SI1,,54,6.38,6.44,4.02,6039
4000,0.3,Very Good,G,VVS1,59.8,62,4.33,4.36,2.6,737
4003,0.92,Ideal,H,SI2,,57,6.3,6.29,3.81,3854
4006,0.72,Ideal,F,VS2,59.5,57,5.91,5.86,3.5,2863
4007,1.5,Good,J,SI2,63.6,57,7.3,7.23,4.62,6750
4008,0.81,Premium,E,VS2,61.5,58,5.99,5.94,3.97,3674
4012,3.01,Premium,I,SI2,60.2,59,9.36,9.31,5.62,18242
4016,1.42,Very Good,F,VVS1,58.4,62,7.35,7.38,4.3,15665
4022,0.36,Premium,D,SI1,60.4,58,4.64,4.6,2.79,851
4025,0.32,Premium,E,VVS1,60.5,58,4.42,4.47,2.69,954
4027,0.71,Very Good,F,SI1,62.1,58,5.64,5.72,3.53,2221
4028,0.7,Fair,H,SI1,65.5,57,5.53,5.59,3.64,2048
4032,0.31,Ideal,I,SI1,60.8,56,4.38,4.41,2.67,436
4036,1.11,Ideal,I,VS1,61,57,6.68,6.72,4.09,6077
4037,0.51,Ideal,E,SI1,61.5,55,5.18,5.15,3.18,1649
4038,0.31,Ideal,E,VS2,62,56,4.37,4.34,2.7,872
4041,0.56,Ideal,H,VS2,61.2,57,5.29,5.33,3.25,1388
4042,0.3,Ideal,H,VVS1,61.6,57,4.3,4.34,2.66,665
4046,0.32,Premium,J,VS2,61.9,58,4.38,4.35,2.7,504
4047,0.41,Premium,E,SI1,60.5,61,4.8,4.78,2.9,969
4049,0.9,Very Good,G,VVS2,61.4,60,6.18,6.23,3.81,5640
4053,0.41,Ideal,E,VVS1,62.1,56,4.76,4.78,2.96,1057
4056,0.33,Ideal,E,VVS2,61.9,57,4.44,4.47,2.75,917
4059,0.45,Fair,H,VVS2,65.8,56,4.82,4.7,3.13,1227
4061,0.32,Premium,F,VS2,61.4,60,4.42,4.38,2.7,828
4062,1.26,Ideal,G,VS1,61.6,56,7.03,6.96,4.31,9243
4063,0.32,Good,H,SI2,63.2,55,4.34,4.36,2.75,393
4064,0.72,Premium,H,IF,58.7,59,5.94,5.88,3.47,3048
4066,2.65,Premium,G,SI2,62,61,8.82,8.75,5.45,16314
4067,0.45,Good,E,SI1,63.9,57,4.86,4.81,3.09,1063
4068,0.57,Premium,F,SI2,61.7,59,5.34,5.31,3.29,1176
4071,0.91,Ideal,I,VS2,62.2,56,6.22,6.18,3.86,3751
4072,0.72,Ideal,E,VS2,60.9,56,5.81,5.84,3.55,3301
4075,1.08,Premium,G,VS2,,59,6.7,6.64,4.01,6532
4078,0.32,Ideal,H,VVS2,62,55,4.42,4.39,2.73,828
4084,0.43,Premium,G,VS1,61,58,4.92,4.89,2.99,1008
4086,1.03,Premium,H,SI1,62.5,59,6.46,6.41,4.02,5129
4087,0.4,Premium,D,SI2,62.4,58,4.69,4.73,2.94,666
4088,1.04,Premium,H,SI2,61.5,59,6.54,6.51,4.01,4368
4092,1.2,Premium,I,VVS2,63,60,6.71,6.63,4.2,5376
4094,0.71,Good,F,SI2,63.6,60,5.64,5.61,3.58,2072
4096,0.4,Good,G,VVS2,61.4,64,4.7,4.65,2.87,1050
4099,0.44,Ideal,E,VVS2,61.8,56,4.88,4.93,3.03,1274
4101,0.3,Ideal,E,SI1,61.4,56,4.36,4.33,2.67,720
4106,1.01,Very Good,F,VVS2,61.9,56,6.42,6.48,3.99,8525
4109,0.5,Ideal,F,SI2,61.6,57,5.14,5.08,3.15,1016
4112,1.28,Good,I,VS2,58.2,64,7.09,7.03,4.11,5319
4113,1.7,Premium,F,SI2,58.5,60,7.87,7.8,4.58,9330
4115,0.93,Ideal,I,SI2,62.3,57,6.2,6.22,3.87,3101
4119,0.9,Ideal,J,IF,62.2,57,6.17,6.14,3.83,3677
4123,0.31,Premium,G,VS2,62.2,59,4.35,4.3,2.69,698
4125,0.35,Premium,H,VVS1,62.1,58,4.46,4.52,2.79,798
4127,2.43,Very Good,H,SI2,63.2,57,8.56,8.5,5.39,16170
4130,1.51,Premium,D,SI2,63,62,7.28,7.23,4.57,9894
4134,0.31,Premium,G,VS2,58.8,62,4.41,4.4,2.59,605
4139,0.7,Very Good,H,VVS1,63.5,58,5.63,5.59,3.56,2682
4140,0.5,Ideal,G,SI1,62.5,57,5.09,5.05,3.17,1240
4141,2.01,Ideal,H,SI1,61.9,57,8.14,8.05,5.01,17403
4145,0.4,Premium,D,VVS2,60.7,60,4.74,4.78,2.89,1263
4154,0.43,Very Good,G,IF,62.7,58,4.8,4.84,3.02,1286
4155,0.52,Ideal,E,SI2,61.8,57,5.14,5.18,3.19,1146
4158,1.02,Ideal,D,IF,63,57,6.39,6.35,4.01,15575
4159,1.26,Very Good,H,VS2,63.1,58,6.91,6.81,4.34,5849
4163,0.41,Premium,H,VVS1,60.4,58,4.85,4.79,2.91,1115
4164,1.59,Premium,G,SI1,62.3,60,7.49,7.42,4.64,11719
4166,0.71,Ideal,E,VS2,62.2,57,5.69,5.73,3.55,3073
4173,0.54,Ideal,D,VVS1,61.4,58,5.28,5.25,3.23,3139
4174,1.57,Premium,I,VS2,62.2,58,7.43,7.35,4.59,7755
4177,1.05,Ideal,H,SI1,61.1,56,6.52,6.58,4,5200
4180,1.36,Ideal,F,VVS1,61.3,57,7.23,7.13,4.4,15386
4181,0.45,Good,F,VS1,60.1,61.8,4.96,4.98,2.99,1262
4182,0.65,Premium,F,VS2,59.6,58,5.65,5.62,3.36,1970
4183,2.74,Very Good,J,SI2,61.5,62,8.87,8.9,5.46,17164
4187,0.3,Ideal,G,SI2,61.7,57,4.26,4.3,2.64,382
4192,0.9,Premium,E,SI1,62.4,57,6.19,6.14,3.85,3609
4193,0.91,Fair,F,I1,67,62,5.97,5.89,3.98,1570
4197,0.93,Very Good,H,SI2,61.9,57,6.25,6.31,3.89,3452
4199,0.4,Ideal,D,SI2,60.5,57,4.73,4.76,2.87,648
4201,0.3,Premium,E,VVS1,61.3,59,4.33,4.28,2.64,956
4202,0.52,Ideal,H,SI2,61,55,5.19,5.23,3.18,1054
4205,1.01,Very Good,D,SI1,59.7,57,6.53,6.56,3.91,5533
4206,0.5,Good,G,SI1,63.6,55,5.06,5.03,3.21,1286
4207,2.01,Very Good,I,VS1,61.5,62,7.94,8.07,4.92,15335
4208,0.43,Ideal,I,VS2,62,55,4.84,4.87,3.01,716
4209,0.33,Very Good,E,SI1,63,54,4.38,4.42,2.77,579
4210,0.3,Ideal,H,VVS1,61.9,57,4.3,4.33,2.67,665
4211,0.34,Premium,D,SI1,59.6,61,4.53,4.5,2.69,803
4212,1.21,Ideal,F,VS1,61.8,56,6.84,6.86,4.23,10504
4215,1.03,Good,J,SI2,56.2,62,6.69,6.73,3.77,3188
4217,2.01,Ideal,E,SI2,62.1,57,8,7.88,4.93,13387
4218,0.78,Very Good,D,VS2,62.2,56,5.85,5.91,3.66,3668
4219,1.27,Premium,I,SI1,62.3,56,6.93,6.85,4.29,5690
4222,0.33,Premium,E,VS1,60.9,58,4.45,4.49,2.72,781
4227,1,Fair,F,VS2,68.4,58,5.97,6.1,4.13,4656
4228,0.41,Fair,I,VS1,65.3,58,4.62,4.66,3.03,735
4231,0.55,Ideal,F,VS2,62.7,55,5.26,5.24,3.29,1698
4232,0.7,Ideal,E,VS2,61.5,57,5.67,5.78,3.52,2980
4236,0.73,Ideal,E,VS1,60.9,55.8,5.8,5.85,3.55,3660
4237,0.9,Premium,F,I1,61.9,59,6.18,6.16,3.82,2316
4238,1.15,Premium,F,SI2,61.1,57,6.82,6.77,4.15,5120
4239,1.14,Ideal,E,VVS2,62.3,55,6.68,6.71,4.17,10512
4241,0.3,Very Good,H,VVS1,62.5,59,4.26,4.29,2.67,684
4242,0.7,Fair,G,VS1,65.8,61,5.61,5.46,3.64,2384
4246,0.59,Premium,H,SI1,62.9,60,5.34,5.24,3.33,1265
4247,1.01,Ideal,H,SI2,61.7,56,6.47,6.43,3.98,4129
4248,0.41,Very Good,H,VVS1,61.7,58,4.74,4.79,2.94,991
4250,0.37,Ideal,E,VVS2,61.6,55,4.62,4.63,2.85,1162
4254,0.4,Fair,G,SI1,59.9,67,4.81,4.77,2.87,960
4258,0.3,Ideal,E,VS2,61.5,56,4.33,4.29,2.65,844
4261,0.3,Premium,H,SI2,60.9,59,4.35,4.32,2.64,473
4262,1,Premium,E,SI2,,61,6.44,6.39,3.79,4077
4263,0.78,Ideal,D,SI2,61.4,57,5.91,5.94,3.64,3454
4264,0.5,Good,E,SI1,63.3,58,4.99,5.03,3.17,1316
4266,0.71,Good,F,VS2,57.8,60,5.9,5.87,3.4,2801
4268,0.52,Ideal,F,VVS1,62,54,5.16,5.19,3.2,2388
4270,1.11,Ideal,I,SI1,62.2,54,6.64,6.68,4.14,5006
4271,0.32,Ideal,D,SI2,61.4,56,4.43,4.46,2.73,477
4273,1.22,Very Good,I,VS2,59.6,58,6.95,6.98,4.15,6419
4275,0.78,Ideal,H,SI2,,54,5.89,5.85,3.63,2012
4277,1.05,Premium,G,SI1,59.1,57,6.73,6.63,3.95,4510
4280,0.4,Ideal,D,VS2,61.5,55,4.71,4.75,2.91,982
4281,0.74,Ideal,H,SI1,62.1,56,5.77,5.83,3.6,2870
4282,0.8,Very Good,F,SI1,63.4,57,5.89,5.82,3.71,2851
4284,1,Good,F,SI1,63.8,58,6.28,6.22,3.99,4586
4290,0.3,Very Good,H,VVS1,62.6,60,4.21,4.26,2.65,684
4291,0.37,Very Good,E,VS2,63,58,4.53,4.58,2.87,811
4292,0.31,Ideal,D,VS2,62.2,54,4.34,4.31,2.69,942
4294,2.02,Premium,H,VS2,62.7,53,8.02,7.95,0,18207
4296,0.36,Ideal,H,VS2,61,57,4.59,4.63,2.81,587
4298,1.12,Very Good,E,SI2,60.9,63,6.65,6.59,4.03,3864
4299,0.9,Ideal,H,VS1,62.2,58,6.14,6.17,3.83,4428
4307,0.46,Fair,F,VS2,66,58,4.9,4.76,3.19,982
4311,1.23,Very Good,H,SI1,63,55,6.72,6.78,4.27,5665
4315,0.9,Premium,G,SI1,60.6,61,6.16,6.12,3.72,3407
4316,1.52,Very Good,H,VS2,59.7,55,7.45,7.42,4.44,11681
4318,0.41,Very Good,G,VVS1,61,61,4.72,4.75,2.89,1151
4321,0.33,Good,I,VS1,63.2,57,4.37,4.4,2.77,521
4323,1,Very Good,G,VS2,61.5,58,6.36,6.39,3.92,5860
4326,1.61,Premium,H,SI1,60.8,56,7.61,7.58,4.62,11169
4327,0.57,Ideal,H,VS1,61.3,56,5.36,5.38,3.29,1554
4329,1.26,Very Good,I,VS1,61.8,61,6.9,6.95,4.28,6566
4331,0.51,Ideal,D,SI2,62.5,55,5.15,5.12,3.21,1359
4334,0.4,Premium,I,VS1,62.9,59,4.73,4.68,2.96,945
4336,1.2,Premium,G,SI1,63,58,6.72,6.68,4.22,6026
4341,1.03,Ideal,D,VS1,61.8,56,6.46,6.54,4.02,8612
4352,2.07,Premium,F,SI2,60.7,59,8.21,8.16,4.97,18611
4355,1.01,Very Good,D,SI2,58.3,59,6.63,6.67,3.88,4588
4356,0.33,Ideal,H,VVS1,,55,4.4,4.44,2.75,752
4357,1.71,Ideal,D,SI1,60.3,60,7.69,7.77,4.66,16575
4358,1.31,Very Good,G,SI2,63.4,58,6.91,6.8,4.35,4714
4359,0.4,Very Good,E,VS2,,57,4.66,4.7,2.9,912
4361,0.31,Ideal,D,SI1,62,56,4.35,4.39,2.71,533
4362,0.52,Ideal,H,VVS1,61.2,57,5.17,5.22,3.18,1809
4363,1.71,Ideal,F,VS2,61.9,57,7.73,7.62,4.75,16384
4364,0.39,Very Good,I,VS1,63.1,58,4.68,4.61,2.93,921
4370,0.74,Ideal,E,VS2,61.7,56,5.81,5.86,3.6,3374
4374,2.03,Very Good,I,SI2,62.8,59,8.04,8.08,5.06,13063
4375,0.7,Very Good,E,SI1,62.3,57,5.63,5.7,3.53,2604
4379,1.23,Good,I,VS1,63.6,59,6.76,6.85,4.33,5834
4380,0.36,Premium,G,VS1,59.7,59,4.61,4.64,2.76,726
4381,0.36,Ideal,I,VS2,61.8,55,4.58,4.61,2.84,523
4383,0.52,Ideal,D,VS2,61.6,55,5.15,5.2,3.19,1822
4384,0.83,Very Good,D,VS1,58.2,59,6.19,6.24,3.62,4521
4387,1.67,Premium,H,SI2,61.6,57,7.66,7.61,4.7,9625
4389,1,Very Good,G,VS1,59.1,61,6.48,6.54,3.85,6435
4390,2.01,Good,G,SI2,63.6,59,7.97,7.9,5.05,11096
4393,0.77,Good,F,VS1,59.3,56,5.98,6.03,3.56,3393
4394,0.57,Premium,E,VS1,61.6,58,5.36,5.33,3.29,2753
4398,0.31,Ideal,H,VS2,62,57,4.33,4.38,2.7,489
4402,0.4,Ideal,G,VVS1,62,55,4.74,4.78,2.95,1043
4403,0.51,Ideal,G,VS1,61.8,56,5.1,5.15,3.17,1852
4408,1.01,Very Good,D,SI1,59,59,6.57,6.59,3.88,5600
4410,0.7,Very Good,F,VS2,61.7,63,5.61,5.64,3.47,2737
4411,0.5,Very Good,F,VVS2,61.8,56,5.11,5.15,3.17,2052
4413,1.08,Premium,I,VS1,62.5,57,6.54,6.51,4.08,4877
4417,1.13,Ideal,H,SI2,62.5,57,6.67,6.71,4.18,4584
4420,0.26,Very Good,D,VS1,60,56,4.15,4.18,2.5,425
4421,1.01,Premium,H,I1,58.1,59,6.66,6.6,0,3167
4423,0.43,Premium,E,SI1,62.4,56,4.83,4.79,3,1016
4426,0.31,Very Good,F,VS1,59.7,55,4.42,4.46,2.65,679
4427,1.02,Premium,F,VS1,62,59,6.41,6.39,3.97,7485
4428,2,Premium,E,SI2,58.1,60,8.32,8.25,4.81,15984
4429,1.03,Ideal,G,SI2,62.1,57,6.44,6.42,3.99,4470
4431,0.35,Premium,F,VS2,60.9,57,4.58,4.55,2.78,879
4435,0.36,Premium,E,VS2,61.3,60,4.59,4.54,2.8,1013
4436,2.27,Ideal,I,SI2,63,54,8.36,8.39,5.28,15710
4438,1.02,Ideal,D,VS2,61.5,56,6.46,6.49,3.99,9502
4439,1.29,Very Good,J,SI1,61.2,58,6.97,7.02,4.28,5209
4441,0.3,Premium,G,VVS1,,59,4.33,4.37,2.64,789
4444,0.31,Ideal,H,SI1,61,56,4.38,4.41,2.68,530
4448,0.81,Premium,G,SI1,63,60,5.87,5.81,3.68,2832
4452,0.3,Ideal,H,IF,60.8,56,4.37,4.35,2.65,1013
4453,0.31,Very Good,G,VVS1,59.9,62,4.35,4.37,2.61,816
4454,0.3,Ideal,D,VS2,62.8,57,4.31,4.29,2.7,911
4455,0.31,Ideal,D,VS2,62.5,56,4.32,4.29,2.69,942
4456,0.3,Ideal,F,VVS1,62.2,53,4.3,4.32,2.68,857
4458,1.01,Good,H,VS1,63.8,59,6.34,6.3,4.03,5515
4459,1,Good,D,SI2,64.5,59,6.25,6.31,4.05,4541
4461,1.52,Very Good,F,VS2,60.9,56,7.38,7.44,4.51,13215
4462,1.01,Good,I,VS2,63.9,59,6.29,6.26,4.01,4197
4466,0.47,Premium,E,SI2,58.7,60,5.13,5.09,3,1072
4467,0.43,Ideal,H,VVS2,61.3,56,4.86,4.9,2.99,943
4468,1.04,Ideal,G,VS1,61.8,56,6.5,6.52,4.02,7467
4469,0.31,Very Good,I,VS2,63.1,54,4.34,4.31,2.73,558
4473,1.09,Ideal,I,SI1,59.4,61,6.68,6.73,3.98,4692
4477,0.41,Premium,I,VVS2,62.9,58,4.74,4.71,2.97,1061
4481,1.35,Premium,I,SI2,62.3,59,7.09,7.03,4.4,5919
4482,0.42,Premium,E,SI1,60,58,4.89,4.85,2.92,926
4483,1.6,Premium,I,VS2,60.2,58,7.63,7.56,4.57,9784
4484,0.43,Ideal,J,VS1,61.7,58,4.8,4.84,2.98,703
4489,0.32,Ideal,D,SI1,61.3,57,4.41,4.37,2.69,756
4490,0.34,Ideal,G,VVS1,62.1,57,4.47,4.45,2.77,956
4494,1.23,Premium,F,VS1,61.3,60,6.94,6.9,4.24,9489
4495,1.5,Premium,H,SI2,62.1,59,7.28,7.24,4.51,7500
4500,1.06,Premium,D,SI2,59.8,61,6.63,6.58,3.95,4483
4501,0.56,Ideal,G,VS1,61.8,55,5.28,5.37,3.29,1712
4507,1.03,Ideal,D,SI2,61.8,56,6.51,6.46,4.01,4764
4508,0.73,Good,E,SI2,63.3,57,5.69,5.72,3.61,2388
4509,0.6,Ideal,G,IF,62.2,55,5.36,5.44,3.36,2533
4511,1.07,Very Good,D,VS1,59.9,55,6.69,6.71,4.01,9681
4514,0.7,Good,D,SI1,62.6,60,5.57,5.61,3.5,2681
4519,1.38,Premium,G,VS1,62.4,58,7.14,7.09,4.44,10850
4525,1.68,Ideal,J,VS1,61.1,57,7.64,7.7,4.69,10681
4526,0.46,Good,E,SI1,62.7,58,4.87,4.92,3.07,967
4527,1.02,Ideal,H,SI2,61.6,56,6.47,6.51,4,3927
4528,0.9,Fair,G,SI1,65.4,59,6.04,6,3.94,3145
4531,0.52,Ideal,D,SI1,62.2,57,5.13,5.16,3.2,1600
4532,0.94,Ideal,E,SI2,61.6,57,6.29,6.31,3.88,4972
4539,1.52,Ideal,I,VVS1,61.9,56,7.34,7.37,4.55,10968
4542,0.32,Premium,H,SI1,61.8,56,4.43,4.4,2.73,591
4544,0.51,Very Good,F,SI1,62.5,59,5.08,5.1,3.18,1203
4546,1,Premium,H,VVS2,61.4,59,6.49,6.45,3.97,5914
4548,1.24,Premium,H,VS1,61.2,59,6.94,6.91,4.24,7493
4554,1.26,Premium,I,VS2,61.2,59,7.03,6.9,4.26,6350
4555,2.08,Premium,G,VS2,61.3,58,8.21,8.17,5.02,16854
4557,0.5,Very Good,G,VS1,62.9,58,5.06,5.08,3.19,1569
4560,1.37,Premium,J,VS1,60,62,7.24,7.21,4.33,5370
4561,0.7,Good,I,VVS2,63.4,59,5.57,5.6,3.54,2394
4565,0.7,Good,H,SI2,63.8,57,5.58,5.55,3.55,1856
4566,1,Premium,I,SI2,58.2,60,6.61,6.55,3.83,2795
4567,1.5,Very Good,F,I1,63.2,57,7.29,7.24,4.59,6028
4568,0.3,Good,G,VVS2,63.8,56,4.29,4.27,2.73,878
4569,1.22,Premium,H,SI1,60.6,60,6.92,6.85,4.17,6387
4570,0.36,Premium,D,SI2,60,58,4.62,4.58,2.76,689
4571,0.23,Very Good,E,VVS2,61.6,61,3.92,3.97,2.43,505
4572,0.28,Good,F,VS1,58.3,58,4.33,4.35,2.53,487
4573,1.02,Very Good,J,SI2,63.1,58,6.38,6.34,4.01,3359
4574,0.34,Very Good,H,VS2,60,58,4.52,4.56,2.72,521
4575,0.41,Good,E,SI1,59.5,62,4.85,4.87,2.89,760
4576,0.38,Very Good,G,VS1,61.9,54,4.65,4.69,2.89,693
4580,1.09,Premium,G,VS1,62.5,59,6.57,6.54,4.1,6951
4582,0.28,Very Good,E,VVS2,60,56,4.26,4.28,2.56,642
4583,0.72,Ideal,H,VVS1,60.8,58,5.77,5.8,3.52,3180
4587,0.3,Ideal,G,VVS1,62,55,4.31,4.34,2.68,789
4595,0.3,Ideal,I,VVS2,,56,4.31,4.33,2.67,529
4596,0.44,Ideal,E,SI1,61.1,56,4.9,4.92,3,810
4598,1.4,Ideal,J,SI1,62.1,57,7.17,7.14,4.44,6350
4599,1.93,Very Good,I,SI1,62.8,58,7.89,7.97,4.98,13278
4602,0.31,Very Good,H,VS1,61.7,61,4.31,4.34,2.67,544
4606,0.42,Premium,G,SI1,62.7,58,4.79,4.75,2.99,882
4607,0.52,Ideal,D,VS1,61.3,56,5.21,5.22,3.2,2550
4611,1.11,Premium,F,SI1,60.1,61,6.74,6.64,4.06,5483
4615,0.3,Ideal,D,SI1,62.2,56,4.3,4.25,2.66,709
4618,0.71,Ideal,H,SI2,59.4,57,5.87,5.81,3.47,2258
4620,0.54,Very Good,I,SI1,,60,5.2,5.24,3.2,1079
4621,0.78,Ideal,E,VS2,62,55,5.89,5.95,3.67,3334
4624,0.43,Ideal,G,SI1,,57,4.84,4.87,2.98,790
4630,0.45,Ideal,F,SI1,60.8,56,4.97,4.93,3.01,930
4636,2.01,Very Good,H,SI1,62.2,60,8.05,8,4.99,17434
4638,1.27,Ideal,H,VS2,62.9,54,6.88,6.92,4.34,7937
4640,0.5,Very Good,E,VS2,60,63,5.12,5.08,3.06,1629
4643,1.12,Premium,H,SI1,61.2,59,6.69,6.65,4.08,4641
4644,0.59,Ideal,G,VS1,62.1,55,5.35,5.4,3.34,1916
4646,1.01,Ideal,G,VVS2,60.6,57,6.54,6.5,3.95,7167
4647,0.32,Ideal,H,SI1,61,56.6,4.4,4.43,2.7,471
4650,0.33,Ideal,H,VS2,60.7,55,4.48,4.51,2.73,551
4651,0.9,Good,F,VS2,63.8,55,6.09,6.13,3.9,4309
4652,0.71,Very Good,G,SI1,58.2,57,5.89,5.93,3.44,2039
4654,0.32,Ideal,H,IF,62,55,4.39,4.42,2.73,814
4658,1.2,Very Good,I,SI1,62.6,57,6.74,6.77,4.23,5476
4660,0.3,Premium,F,VS2,60.4,58,4.33,4.31,2.61,776
4663,1.04,Ideal,D,VVS2,60.9,57,6.54,6.6,4,11511
4664,0.91,Very Good,G,SI1,63.5,58,6.15,6.04,3.87,4081
4665,0.59,Ideal,G,VS1,61.3,55,5.42,5.44,3.33,2129
4666,0.36,Ideal,G,SI1,61.4,55,4.61,4.64,2.84,571
4669,0.55,Premium,G,SI1,60.2,59,5.32,5.28,3.19,1848
4671,0.93,Very Good,H,SI1,59.3,61,6.33,6.39,3.77,3838
4677,0.31,Very Good,F,VS1,60.6,55,4.41,4.43,2.67,675
4678,0.31,Very Good,E,SI1,63.3,55,4.36,4.33,2.75,698
4679,0.33,Ideal,H,VS2,61.2,55,4.47,4.45,2.73,668
4683,0.28,Ideal,F,IF,,55,4.2,4.17,2.61,828
4688,1.01,Good,G,VS2,62,61,6.29,6.38,3.93,5497
4689,1.03,Premium,G,VS2,62.3,57,6.51,6.43,4.03,6146
4692,1.02,Very Good,E,VS2,59.1,60,6.61,6.51,3.88,6762
4696,0.32,Premium,G,VS2,61.9,58,4.36,4.43,2.72,561
4702,2,Premium,H,SI2,62.8,57,8.05,8.01,5.04,11975
4704,0.55,Good,E,SI1,63.3,54,5.21,5.24,3.31,1138
4707,2.05,Good,G,SI2,63.7,61,7.99,8.03,5.1,16148
4710,0.91,Very Good,E,SI1,63.1,58,6.17,6.12,3.88,4434
4711,0.4,Very Good,D,SI2,63.4,56,4.73,4.67,2.98,855
4712,0.5,Very Good,E,VS2,63,58,5.07,5.09,3.2,1386
4713,1.21,Ideal,F,SI1,61.1,55,6.87,6.85,4.19,6659
4715,1.11,Premium,G,SI2,62.5,57,6.54,6.49,4.07,3804
4716,0.31,Premium,E,VVS1,62,59,4.34,4.3,2.68,1012
4717,1.11,Ideal,E,VS2,62.2,56,6.66,6.59,4.12,7459
4720,0.5,Very Good,F,VS2,60.6,59,5.03,5.13,3.08,1333
4724,0.34,Ideal,D,SI2,61.4,56,4.5,4.55,2.78,481
4727,0.8,Premium,G,VS1,62.5,58,5.9,5.94,3.7,3514
4728,0.33,Premium,E,SI1,59.6,60,4.51,4.48,2.68,545
4729,0.7,Premium,G,SI1,61.2,60,5.7,5.74,3.5,2042
4735,0.47,Ideal,J,SI1,61.9,55,5,5.05,3.11,740
4736,2,Ideal,J,VS2,61,57,8.08,8.13,4.94,14323
4737,0.41,Very Good,G,VVS2,61.1,55,4.8,4.82,2.94,932
4739,0.41,Ideal,E,VS1,62,55,4.77,4.74,2.95,1153
4742,0.7,Good,D,SI1,61.6,62,5.67,5.72,3.51,2570
4744,0.6,Ideal,E,SI1,61.4,58,5.44,5.47,3.35,1749
4746,1.01,Ideal,I,SI1,60.2,59,6.54,6.49,3.92,4241
4748,0.41,Premium,F,VVS2,60.1,59,4.82,4.79,2.89,1192
4753,0.4,Premium,F,VS2,61.6,58,4.8,4.75,2.94,1080
4755,0.9,Premium,G,VS2,60,59,6.3,6.23,3.76,4424
4756,0.31,Premium,E,SI1,62.7,58,4.35,4.32,2.72,605
4757,0.43,Premium,D,SI2,62.6,58,4.79,4.82,3.01,716
4761,0.7,Fair,G,SI2,58.6,56,5.8,5.74,3.38,2208
4762,1.21,Ideal,G,SI2,62,56,6.83,6.81,4.23,6017
4763,0.58,Ideal,E,VS2,62.1,55,5.35,5.34,3.32,1761
4765,0.3,Ideal,E,VVS2,61.5,55,4.33,4.35,2.67,731
4772,0.73,Ideal,I,VS2,62.1,54,5.79,5.8,3.6,2327
4774,0.31,Ideal,E,IF,61.9,55,4.38,4.41,2.72,1046
4779,0.4,Ideal,E,VS2,62.4,56,4.74,4.71,2.95,975
4780,0.33,Ideal,F,VS2,62.3,56,4.43,4.46,2.77,666
4781,0.51,Premium,F,SI2,62.8,60,5.1,5.03,3.18,1036
4782,1,Very Good,D,SI1,59.3,61,6.45,6.5,3.84,5987
4787,0.61,Very Good,G,VVS1,61.1,56,5.47,5.5,3.35,2569
4788,1.6,Very Good,H,VS1,61.2,58.6,7.48,7.63,4.62,12378
4789,0.55,Premium,G,SI1,,56,5.28,5.22,3.26,1321
4795,1.23,Very Good,J,VVS2,61.2,57,6.86,6.92,4.22,5665
4797,0.56,Ideal,H,VVS2,61.8,56,5.28,5.33,3.28,2118
4798,0.72,Ideal,G,SI2,60.8,57,5.79,5.82,3.52,2449
4799,0.31,Premium,G,SI1,60.7,60,4.34,4.36,2.64,462
4800,1.01,Good,F,SI2,63,60,6.28,6.35,3.98,3827
4801,1.01,Premium,D,SI1,62.9,59,6.43,6.39,4.03,5543
4804,1.1,Ideal,J,SI1,62.2,55,6.62,6.65,4.13,4275
4806,1.21,Ideal,D,VVS2,61.3,57,6.85,6.88,4.21,12375
4813,0.24,Ideal,F,VVS2,61.1,57,4.03,4.06,2.47,552
4816,0.79,Ideal,F,SI1,62.5,57,5.88,5.92,3.69,2976
4817,0.35,Premium,H,VS1,62.6,59,4.5,4.45,2.8,788
4818,0.46,Good,D,IF,58.6,59,5.06,5.11,2.98,2139
4821,1.01,Very Good,H,SI1,63.1,59,6.34,6.43,4.03,4705
4823,0.32,Ideal,I,IF,60.8,54,4.47,4.44,2.71,864
4826,1,Fair,F,SI2,65.5,56,6.3,6.19,4.09,3146
4827,0.92,Premium,E,SI2,61.7,59,6.18,6.27,3.84,4011
4828,0.3,Premium,F,VS2,60.7,58,4.32,4.35,2.63,605
4831,0.36,Ideal,G,VVS1,62.8,57,4.55,4.52,2.85,1053
4838,0.71,Ideal,D,VS2,63,56,5.69,5.65,3.58,3245
4839,1.11,Ideal,I,SI1,61.9,57,6.62,6.67,4.11,4709
4841,1.51,Good,I,VS1,62,56,7.23,7.29,4.5,9569
4848,0.51,Ideal,F,VVS2,62.2,55,5.12,5.11,3.18,1998
4854,0.31,Very Good,F,VVS1,61.8,59,4.33,4.36,2.69,830
4855,0.57,Very Good,G,SI2,60.5,56,5.41,5.44,3.28,1171
4856,0.9,Very Good,G,VS2,62.5,57,6.12,6.14,3.83,4600
4859,0.34,Ideal,F,VVS2,59.1,57,4.66,4.61,2.74,1071
4860,0.75,Premium,E,SI1,59.9,54,6,5.96,3.58,2760
4863,1.03,Ideal,J,SI1,62.3,56,6.51,6.45,4.04,3893
4864,0.33,Ideal,G,VS1,62.1,54,4.45,4.47,2.77,666
4866,0.7,Very Good,E,SI1,59.6,63,5.72,5.65,3.39,2396
4868,1.51,Very Good,I,IF,62.2,62,7.3,7.33,4.55,12291
4875,0.37,Ideal,E,VS1,61.3,55,4.68,4.65,2.86,999
4880,0.53,Premium,G,VS2,60.7,59,5.24,5.18,3.16,1607
4881,1.27,Premium,I,SI1,62.3,56,6.93,6.85,4.29,5547
4883,0.36,Premium,E,VS2,,58,4.56,4.54,2.82,1013
4885,1.04,Good,G,VS1,58.9,64,6.6,6.64,3.9,6151
4886,1.29,Ideal,H,SI1,63.2,57,6.89,6.96,4.38,6760
4889,1.1,Ideal,G,VS1,61.3,54,6.69,6.65,4.09,6535
4896,1.2,Premium,F,SI2,62.8,57,6.78,6.73,4.24,5988
4903,0.71,Premium,D,SI2,62.8,57,5.69,5.64,3.56,2368
4909,0.31,Good,D,SI2,63.1,54,4.33,4.38,2.75,462
4910,0.4,Premium,D,SI2,61.9,58,4.71,4.73,2.92,666
4912,0.57,Premium,H,SI1,59.3,58,5.46,5.4,3.22,1309
4913,1.44,Ideal,G,I1,63.2,55,7.21,7.18,4.54,6096
4914,0.25,Very Good,E,VVS1,60.2,59,4.11,4.13,2.48,575
4916,0.91,Ideal,J,VS1,60.7,57,6.26,6.23,3.79,3296
4917,0.7,Ideal,D,VS2,61.4,55,5.71,5.75,3.52,3360
4919,0.29,Ideal,H,VS2,62.8,55,4.24,4.27,2.67,498
4921,0.33,Ideal,F,VVS1,62.4,54,4.44,4.47,2.78,880
4926,0.59,Ideal,G,IF,62.5,57,5.34,5.38,3.35,2611
4927,1.15,Ideal,I,VS1,62.1,55,6.76,6.67,4.18,5626
4930,0.26,Ideal,G,IF,62.5,57,4.06,4.1,2.55,605
4931,1,Very Good,E,VS1,63.2,55,6.34,6.29,3.99,7532
4933,1.5,Good,F,SI1,63.4,58,7.16,7.2,4.55,10766
4939,0.35,Premium,F,VS1,60.7,58,4.58,4.54,2.77,984
4947,1.02,Fair,F,SI2,65.5,59,6.27,6.24,4.1,3754
4950,0.32,Ideal,G,VVS1,61.1,57,4.41,4.43,2.7,842
4952,1.08,Ideal,D,SI2,61.6,57,6.58,6.62,4.07,5256
4953,0.33,Ideal,G,VS1,62.1,54,4.47,4.42,2.76,854
4954,1.01,Ideal,G,SI2,61.6,54,6.4,6.45,3.96,4560
4963,1.02,Ideal,E,SI2,62.8,55,6.43,6.4,4.03,4478
4970,0.24,Ideal,G,VVS1,62.2,56,4,4.04,2.5,559
4971,0.31,Premium,D,VS1,59.6,58,4.38,4.41,2.62,683
4976,0.23,Ideal,F,VVS2,61.6,54,3.97,3.99,2.45,650
4977,0.32,Ideal,E,VS1,59.5,57,4.45,4.49,2.66,657
4978,0.7,Ideal,E,VS2,62.7,56,5.73,5.63,3.56,2697
4981,0.33,Ideal,I,IF,61.1,56,4.45,4.49,2.73,675
4983,0.42,Very Good,F,VVS1,63,59,4.75,4.81,3.01,1154
4984,0.43,Premium,G,VS2,60.8,59,4.86,4.91,2.97,867
4986,0.7,Premium,D,VS1,62.5,60,5.62,5.67,3.53,3471
4987,1.02,Very Good,D,SI2,58.8,58,6.62,6.68,3.91,4964
4989,0.82,Ideal,F,SI1,62.6,57,5.96,6.02,3.75,2974
4992,0.3,Premium,H,VVS1,60.7,58,4.38,4.35,2.65,796
4994,0.99,Fair,J,SI1,55,61,6.72,6.67,3.68,2812
4995,0.33,Ideal,E,VVS2,60.9,56,4.45,4.48,2.72,814
4996,0.4,Ideal,H,VVS2,62.3,57,4.73,4.71,2.94,1125
4999,0.3,Good,H,VVS2,63.4,57,4.21,4.24,2.68,605
5001,1.01,Premium,H,VS2,62.3,58,6.45,6.36,3.99,4412
5002,1.14,Ideal,G,VVS2,61,56,6.74,6.76,4.12,9013
5003,0.72,Premium,F,SI1,61.7,59,5.74,5.7,3.53,2492
5007,0.5,Ideal,E,SI1,63,56,5.13,5.06,3.21,1317
5008,1,Ideal,D,SI1,62.7,57,6.34,6.38,3.99,6073
5010,0.7,Very Good,E,SI1,59.1,63,5.89,5.81,3.46,2184
5014,0.72,Good,G,VS2,63.4,53,5.72,5.79,3.64,2311
5015,0.32,Ideal,E,VVS1,61.6,56,4.41,4.42,2.72,954
5016,1.13,Ideal,G,VS1,61.7,54,6.77,6.71,4.16,7404
5018,0.4,Very Good,J,VS1,63.5,56,4.7,4.69,2.98,756
5020,0.3,Ideal,F,VVS1,61.7,58,4.26,4.3,2.64,814
5026,1.23,Ideal,J,SI1,61.3,54,6.92,6.97,4.26,5181
5027,0.54,Premium,F,SI1,59.7,59,5.36,5.3,3.18,1369
5030,0.3,Premium,I,VS1,60.4,58,4.4,4.34,2.64,608
5034,0.53,Good,H,SI1,63.7,55,5.12,5.15,3.27,1132
5035,0.71,Ideal,F,VS1,61.3,56,5.69,5.75,3.51,3710
5041,0.8,Ideal,E,VS2,62.2,57,5.98,5.95,3.71,3584
5045,1.51,Premium,G,VS2,61.2,61,7.44,7.33,4.52,13194
5046,0.71,Ideal,E,SI2,,57,5.89,5.86,3.44,2340
5050,1.01,Ideal,E,SI2,59.6,60,6.52,6.6,3.91,4604
5051,0.71,Ideal,E,SI1,61.5,57,5.7,5.75,3.52,2654
5057,0.43,Premium,D,SI1,62.4,60,4.82,4.79,3,1022
5058,1.2,Very Good,J,VS1,,59,6.67,6.72,4.26,5257
5059,0.7,Good,J,SI2,61.2,64,5.68,5.73,3.49,1824
5064,0.35,Ideal,J,IF,61.8,55,4.54,4.56,2.81,569
5067,0.3,Ideal,J,VS2,61.9,56,4.33,4.3,2.67,630
5068,2.01,Fair,J,VS1,66.6,54,7.76,7.92,5.22,14402
5069,1.52,Very Good,I,VS2,62.3,58,7.32,7.28,4.55,10051
5070,0.33,Ideal,I,VVS2,62.4,57,4.44,4.41,2.76,743
5071,1.05,Ideal,I,SI2,60.9,57,6.55,6.62,4.01,4163
5074,0.7,Very Good,I,VVS1,58.8,61,5.78,5.82,3.41,2389
5075,2.5,Fair,H,SI2,64.9,58,8.46,8.43,5.48,13278
5077,0.95,Very Good,G,SI2,62.6,58,6.17,6.23,3.88,4194
5078,0.3,Premium,F,VS2,61.8,60,4.27,4.3,2.65,524
5079,0.52,Premium,G,VVS2,61,58,5.21,5.15,3.16,1835
5086,0.5,Very Good,H,VS1,64.6,56,4.97,5.06,3.24,1426
5087,0.4,Premium,G,IF,60.8,58,4.73,4.77,2.89,1333
5089,0.9,Good,H,VS1,64.1,57,6.07,6.04,3.88,4234
5092,0.9,Premium,F,SI1,62.6,62,6.13,6.11,3.83,3437
5095,0.32,Ideal,H,VVS2,61.2,56,4.4,4.43,2.7,645
5100,1.74,Ideal,D,SI2,64.5,56,7.56,7.54,4.87,12361
5101,1.52,Ideal,D,VS1,61.2,57,7.4,7.46,4.55,17659
5103,1.01,Very Good,H,VS2,63.1,59,6.34,6.3,3.99,5260
5108,0.3,Ideal,F,IF,62.3,55,4.29,4.31,2.68,886
5110,0.27,Very Good,F,VVS2,61.8,57,4.15,4.17,2.57,682
5113,0.3,Ideal,G,VS1,62.5,57,4.32,4.29,2.69,776
5114,0.4,Premium,G,VS1,60.3,59,4.8,4.76,2.88,1125
5116,0.41,Ideal,G,VS2,60.9,57,4.79,4.84,2.93,827
5124,1.51,Very Good,J,VVS2,62.9,58,7.21,7.33,4.57,8770
5127,0.6,Premium,G,VVS1,60,58,5.53,5.43,3.29,2444
5128,0.57,Ideal,F,VVS1,61.1,55,5.36,5.44,3.3,3057
5129,1.2,Very Good,J,VS2,63.1,56,6.77,6.71,4.25,4232
5130,0.81,Ideal,H,VVS2,62,57,5.93,5.97,3.69,3497
5131,0.41,Very Good,G,VS1,60.5,57,4.81,4.85,2.92,899
5145,1.11,Ideal,F,VS2,61.9,55,6.62,6.66,4.11,7823
5146,1.7,Good,H,SI1,64.1,58,7.54,7.51,4.83,9158
5147,2.02,Fair,H,SI2,56.5,61,8.33,8.37,4.72,14080
5148,0.42,Premium,F,VVS2,59.6,59,4.83,4.86,2.89,1142
5149,0.91,Ideal,H,SI2,60.3,57,6.27,6.31,3.79,3423
5156,1.01,Fair,F,VS2,61.1,60,6.49,6.4,3.94,6271
5157,2,Good,H,SI1,63.3,59,7.96,8.03,5.06,17600
5159,0.7,Ideal,E,SI2,61.9,57,5.66,5.69,3.51,2398
5161,0.7,Ideal,H,VS2,61.4,56,5.72,5.75,3.52,2733
5162,1.01,Ideal,I,VVS1,61.7,56,6.42,6.47,3.98,5478
5163,0.3,Premium,F,VVS2,61.6,58,4.35,4.28,2.66,945
5164,0.59,Premium,E,VS2,59.1,61,5.61,5.53,3.29,1641
5165,0.5,Very Good,I,VS2,61.7,58,5.08,5.13,3.15,1176
5166,1.13,Premium,F,I1,62.3,56,6.69,6.61,4.14,3607
5167,0.8,Very Good,F,VS2,62.1,60,5.86,5.92,3.66,3471
5168,1.25,Very Good,G,VS1,62.7,56,6.81,6.93,4.31,8580
5170,0.74,Good,G,VS2,64.2,53,5.72,5.69,3.66,2322
5171,0.32,Ideal,D,VVS2,61.6,55,4.41,4.45,2.73,1107
5172,0.31,Ideal,F,VS1,61.5,54,4.36,4.39,2.69,642
5174,1.24,Fair,F,SI2,64.9,60,6.7,6.63,4.32,4375
5177,1.21,Very Good,I,SI2,62.1,59,6.8,6.86,4.24,4791
5178,1.08,Premium,F,SI2,62.7,58,6.53,6.49,4.08,3992
5184,0.39,Ideal,H,SI1,61.9,55.7,4.66,4.71,2.9,654
5186,1.21,Premium,J,VVS2,61.7,60,6.82,6.85,4.22,5431
5188,0.47,Very Good,F,VVS2,60.9,59,4.99,5.03,3.05,1418
5190,1.2,Good,H,VS2,63.3,59,6.74,6.78,4.28,6710
5191,0.4,Ideal,E,VS2,62.6,57,4.7,4.73,2.95,912
5192,1.12,Premium,E,SI2,62.4,58,6.59,6.64,4.13,4277
5194,1.03,Premium,F,VS1,62.2,57,6.51,6.47,4.04,7365
5198,0.56,Ideal,D,VS2,61.4,57,5.36,5.32,3.28,2066
5199,0.34,Ideal,E,SI1,61,55,4.54,4.56,2.77,637
5202,1.7,Premium,I,VVS2,61.7,57.4,7.62,7.67,4.71,13127
5204,0.39,Very Good,D,VVS1,63,60,4.61,4.63,2.91,1092
5207,0.41,Good,G,SI2,63.6,54,4.7,4.74,3,611
5215,0.61,Ideal,F,VVS2,61.8,55,5.43,5.47,3.37,2634
5220,0.7,Very Good,F,SI1,63.5,59,5.59,5.65,3.57,2264
5223,0.59,Premium,E,SI1,58.7,57,5.53,5.47,3.23,1550
5226,0.78,Very Good,H,SI2,62.9,55,5.83,5.87,3.68,2125
5228,1.06,Ideal,E,VS1,62.1,57,6.52,6.49,4.04,8567
5230,1.02,Very Good,F,VVS2,60.9,56,6.44,6.5,3.94,9205
5231,0.41,Premium,H,VS1,58.2,59,4.92,4.88,2.85,990
5234,0.3,Ideal,G,IF,62,56,4.3,4.31,2.67,895
5235,0.7,Very Good,G,VVS2,59.3,62,5.78,5.82,3.44,2905
5239,0.26,Very Good,F,VVS1,61.7,57,4.09,4.13,2.53,657
5240,0.53,Very Good,J,SI1,61.5,56,5.18,5.21,3.19,1044
5250,1.56,Good,J,VS2,62.3,64,7.41,7.36,4.6,8107
5254,1.05,Premium,G,VS2,61.9,59,6.56,6.52,4.05,5821
5256,1.22,Ideal,G,VS2,62,57,6.88,6.83,4.25,8062
5257,1.11,Ideal,I,SI1,61.7,57,6.61,6.64,4.09,6090
5260,1.28,Very Good,I,SI2,62.6,58,6.87,6.89,4.32,5654
5262,1.28,Premium,G,VS1,60.9,58,7.09,7.01,4.29,9505
5264,0.41,Ideal,F,VS2,61.8,57,4.73,4.78,2.94,863
5265,0.33,Good,E,VS2,57.3,59,4.6,4.62,2.64,574
5273,1.2,Fair,I,SI1,66.2,59,6.55,6.47,4.31,4368
5274,1.15,Very Good,G,SI1,61.3,62,6.68,6.72,4.11,5538
5278,0.32,Ideal,D,SI2,61.7,55,4.4,4.38,2.71,612
5279,0.31,Ideal,H,VS1,61.7,57,4.34,4.38,2.69,544
5280,1.22,Ideal,G,VS1,62.5,57,6.82,6.77,4.25,8608
5284,0.73,Very Good,G,VS1,62.4,58.1,5.71,5.75,3.58,2999
5288,0.31,Ideal,D,VS2,61.8,55,4.37,4.33,2.69,942
5292,1.06,Premium,H,VS2,62,58,6.5,6.57,4.05,5783
5293,1.51,Premium,H,SI2,59.4,62,7.47,7.31,4.39,7235
5294,0.53,Ideal,J,VS1,61.4,55.2,5.2,5.22,3.2,1218
5299,0.7,Very Good,E,VS2,60.2,62,5.71,5.75,3.45,2843
5300,0.7,Ideal,G,VVS1,61.6,55,5.72,5.75,3.53,3073
5301,0.32,Premium,G,VS1,61,59,4.43,4.39,2.69,828
5304,1,Ideal,I,SI2,58.8,55,6.53,6.46,3.82,3629
5307,0.32,Premium,F,VS2,61.1,58,4.42,4.39,2.69,828
5308,0.4,Premium,D,SI2,62.1,60,4.75,4.69,2.93,855
5316,1.2,Ideal,G,VS2,,54.7,6.79,6.85,4.25,8040
5320,1.21,Ideal,H,SI1,62.6,53,6.87,6.8,4.28,6025
5321,1.12,Premium,H,SI2,61,56,6.68,6.65,4.07,4077
5324,0.57,Very Good,J,IF,59.8,59,5.39,5.41,3.23,1592
5327,1.06,Very Good,E,SI2,62.1,56,6.52,6.59,4.07,4972
5329,0.38,Good,E,IF,59.1,58,4.74,4.77,2.81,1318
5331,0.27,Very Good,E,VVS1,59.9,57,4.23,4.25,2.54,620
5333,0.9,Fair,D,SI1,64,63,6.12,6.04,3.89,4796
5334,0.31,Ideal,F,IF,60.2,57,4.38,4.44,2.65,1155
5335,0.7,Very Good,D,VS1,62.8,59,5.63,5.68,3.55,3247
5338,1.25,Very Good,E,VS2,61.6,57,6.9,6.94,4.26,8851
5344,0.3,Premium,H,SI1,,58,4.28,4.24,2.68,554
5348,1.01,Ideal,H,VS2,62.1,54,6.5,6.44,4.02,4909
5349,0.51,Very Good,F,VVS2,62,55,5.11,5.14,3.17,2041
5350,1.01,Very Good,F,VS2,63.8,55,6.31,6.38,4.05,7135
5352,0.42,Ideal,G,VS2,61.8,56,4.84,4.81,2.98,1087
5353,0.25,Premium,F,IF,61.1,58,4.1,4.08,2.5,740
5355,1.26,Very Good,D,SI1,59.9,59,7.02,7.14,4.24,7785
5357,0.66,Ideal,H,VS1,62.7,55,5.6,5.57,3.5,2222
5359,0.32,Ideal,D,VVS2,61.3,55,4.4,4.44,2.71,867
5360,0.41,Ideal,F,VS2,62.3,57,4.78,4.75,2.97,1107
5361,1,Very Good,F,SI1,63.2,54,6.3,6.23,3.96,4088
5362,0.58,Good,G,VS2,58.4,59,5.4,5.46,3.17,1605
5365,0.31,Ideal,F,IF,62.2,56,4.31,4.34,2.69,979
5370,1.7,Very Good,I,VS1,60.6,59,7.64,7.67,4.64,11514
5375,0.78,Good,H,VS2,63.7,60,5.77,5.73,3.66,2440
5386,0.91,Premium,D,SI1,63,59,6.15,6.11,3.86,4352
5389,0.51,Very Good,G,VS2,62.7,57,5.05,5.12,3.19,1438
5391,0.38,Ideal,I,VS1,61.5,55.1,4.66,4.7,2.88,703
5392,0.3,Ideal,F,VS1,62.2,56,4.31,4.34,2.69,621
5393,1,Premium,G,VS2,60.6,59,6.42,6.36,3.87,6451
5396,0.52,Very Good,I,VVS2,61.9,56,5.16,5.18,3.2,1289
5397,0.71,Ideal,E,SI1,62,56,5.72,5.77,3.56,2308
5399,0.73,Premium,D,VS2,60.9,59,5.82,5.77,3.53,2947
5400,0.5,Premium,D,VVS1,61.5,58,5.12,5.06,3.13,2525
5401,0.24,Very Good,G,VVS1,62.3,59,3.92,3.95,2.45,432
5403,0.59,Fair,G,I1,64.6,56,5.26,5.2,3.38,903
5405,1,Very Good,G,VS2,61.8,59,6.29,6.37,3.91,5600
5406,2.04,Good,D,SI1,61.9,60,8.15,8.11,5.03,18468
5407,0.3,Very Good,G,IF,62.9,58,4.21,4.25,2.66,895
5410,0.3,Very Good,G,IF,62.6,56,4.27,4.29,2.68,863
5411,1.01,Very Good,E,VS2,63.3,56,6.34,6.37,4.02,6522
5412,1.24,Ideal,H,VS2,,59,6.99,7.03,4.21,7701
5414,1,Premium,E,SI2,58.5,59,6.62,6.51,3.84,3450
5415,1.09,Ideal,E,VVS2,60.9,56,6.66,6.7,4.07,10333
5416,1.54,Very Good,D,VS1,59.1,59,7.51,7.55,4.45,16750
5418,0.5,Ideal,E,VS2,63.8,54,5.07,5.05,3.23,1845
5420,1.5,Good,J,VS1,63.3,57,7.2,7.24,4.57,8736
5423,1.5,Fair,J,SI2,65.5,60,7.07,7.03,4.62,5268
5428,0.3,Ideal,F,VVS1,61.2,55,4.33,4.36,2.66,802
5429,0.73,Very Good,D,SI1,62.2,57,5.74,5.78,3.58,2197
5431,0.43,Good,D,SI2,63.3,57,4.79,4.82,3.04,669
5434,0.85,Very Good,D,SI1,60.3,57,6.09,6.22,3.71,3669
5435,0.32,Ideal,D,SI1,59.6,57,4.42,4.47,2.65,589
5436,3.01,Fair,I,SI2,65.8,56,8.99,8.94,5.9,18242
5439,1.7,Ideal,H,VS2,62.8,55,7.61,7.54,4.76,10333
5442,0.37,Premium,D,VVS2,61,60,4.64,4.61,2.82,1145
5443,0.7,Good,E,SI2,57.8,61,5.88,5.82,3.38,2310
5445,0.7,Very Good,H,VS2,62.1,55,5.66,5.71,3.53,2106
5446,1.64,Premium,E,SI2,61.9,61,7.54,7.51,4.66,8835
5447,0.75,Ideal,E,SI2,61.7,55,5.9,5.86,3.63,2609
5448,1.11,Premium,E,SI1,61.3,58,6.66,6.61,4.07,5908
5450,0.52,Ideal,D,SI1,61.8,56,5.18,5.15,3.19,1605
5456,0.91,Very Good,F,SI1,60.1,58,6.3,6.35,3.8,3879
5457,1.02,Ideal,G,VVS2,61.1,57,6.48,6.51,3.97,7898
5462,1.09,Very Good,G,VS1,62.5,59,6.54,6.57,4.1,6827
5464,1.01,Ideal,H,VS2,60.6,57,6.54,6.49,3.95,5317
5465,0.43,Good,G,SI1,63.1,58,4.75,4.79,3.01,704
5466,0.58,Ideal,G,IF,60.9,57,5.39,5.46,3.3,2508
5471,0.37,Ideal,F,VS2,61.7,55,4.61,4.73,2.88,759
5477,1.23,Premium,G,SI1,62.4,55,6.89,6.83,4.28,6750
5478,1.21,Ideal,J,VS1,62.3,55,6.81,6.86,4.26,5324
5479,2.04,Very Good,I,SI2,62.5,52,8.02,8.17,5.06,14477
5480,0.59,Very Good,E,SI2,60.5,58,5.43,5.51,3.31,1325
5481,0.72,Ideal,H,VVS2,60.9,56,5.78,5.84,3.54,3475
5483,0.31,Ideal,H,SI1,61.3,57,4.36,4.38,2.68,421
5484,1.01,Very Good,H,SI2,63.9,56,6.29,6.38,4.05,4023
5486,0.56,Ideal,G,VS2,62,55,5.28,5.33,3.29,1616
5487,0.7,Very Good,G,SI1,62.1,56,5.64,5.67,3.51,2175
5491,0.74,Ideal,I,VS1,60.7,56,5.86,5.9,3.57,2631
5492,2.02,Ideal,H,SI2,62.1,56,8.13,8.09,5.04,12485
5494,0.4,Very Good,F,VS1,63.4,54,4.68,4.72,2.98,909
5498,1.71,Ideal,I,VS2,60.5,56,7.71,7.73,4.67,11455
5500,0.36,Premium,D,SI2,63,59,4.52,4.49,2.84,643
5501,0.3,Very Good,H,SI2,63.2,55,4.29,4.26,2.7,485
5503,1.01,Very Good,H,VS2,61.6,60,6.46,6.39,3.96,5204
5505,0.52,Ideal,D,I1,61.1,57,5.18,5.2,3.17,971
5511,0.46,Premium,G,VS1,62.8,57,4.92,4.83,3.06,1087
5519,0.41,Ideal,D,SI2,62.6,57,4.77,4.72,2.97,841
5522,0.7,Fair,G,VS1,56.2,65,5.93,5.88,3.32,2384
5524,1.08,Ideal,E,SI2,61.7,57,6.55,6.6,4.06,4989
5526,2.02,Ideal,H,SI2,62.7,57,8.05,8,5.03,15785
5527,1.12,Very Good,E,VS2,62.8,57,6.61,6.64,4.16,7589
5528,0.32,Ideal,D,VS2,61.7,54,4.43,4.38,2.72,972
5530,0.34,Very Good,D,SI1,60.2,60,4.5,4.54,2.72,626
5531,0.71,Very Good,I,SI1,62.9,59,5.66,5.7,3.57,2008
5535,0.77,Ideal,J,VS2,61.4,55,5.9,5.95,3.64,2159
5536,0.32,Ideal,F,VS2,63,57,4.37,4.33,2.74,773
5537,0.41,Good,J,VS2,64,59,4.64,4.71,2.99,565
5538,0.74,Ideal,J,VS1,61.7,57,5.79,5.84,3.59,2468
5539,0.57,Very Good,J,VS1,62.9,57,5.25,5.28,3.31,1270
5540,0.96,Fair,H,I1,61.5,63,6.22,6.06,3.78,1637
5544,2.37,Ideal,H,SI2,62.1,55,8.52,8.54,5.3,16937
5547,0.51,Good,F,VVS2,62.4,63,5.05,5.08,3.16,2195
5552,0.3,Very Good,H,SI1,,63,4.4,4.35,2.6,540
5554,1.53,Ideal,F,SI1,62.5,57,7.38,7.31,4.59,11525
5557,0.51,Very Good,E,VS2,62.8,56,5.11,5.14,3.22,1612
5562,2.2,Premium,J,VS1,61.7,59,8.3,8.34,5.13,15064
5567,1.01,Premium,H,SI1,62.5,59,6.44,6.33,3.99,4642
5568,0.33,Ideal,H,VVS1,61.7,56,4.48,4.46,2.76,965
5569,1.52,Premium,D,SI2,61.6,56,7.47,7.39,4.58,10487
5570,1.77,Premium,G,SI2,62.7,59,7.67,7.66,4.8,9664
5578,0.41,Very Good,G,SI1,62.5,57,4.69,4.72,2.94,719
5579,0.42,Very Good,F,SI1,63.4,56,4.78,4.75,3.02,926
5580,0.71,Premium,H,VS2,62,54,5.73,5.69,3.54,2249
5584,1,Premium,G,VS2,61.5,58,6.39,6.36,3.92,5967
5585,0.32,Ideal,F,VVS1,61.7,56,4.4,4.42,2.72,926
5586,0.5,Very Good,D,VS2,63.3,54,5.07,5.04,3.2,1758
5589,1.8,Ideal,H,VS1,62.3,56,7.79,7.76,4.84,15105
5590,0.55,Ideal,E,VS2,60.3,57,5.28,5.3,3.19,1596
5593,0.42,Ideal,H,VVS2,62.4,56,4.8,4.78,2.99,984
5595,1.7,Very Good,D,SI2,60.8,59,7.76,7.83,4.75,11431
5599,1.51,Fair,H,SI1,65.4,59,7.17,7.11,4.67,9386
5602,1.35,Ideal,H,VS2,61.6,55,7.08,7.02,4.34,6502
5603,0.55,Ideal,I,SI1,61.2,55,5.28,5.33,3.25,1320
5605,1.51,Premium,J,VS2,59.2,59,7.53,7.47,4.44,7553
5606,0.7,Ideal,I,VVS2,61.6,56.5,5.65,5.72,3.51,2487
5608,0.57,Ideal,E,VS1,62.1,53,5.36,5.41,3.34,1942
5616,1,Very Good,F,SI1,62.5,56,6.38,6.42,4,4643
5617,0.44,Premium,G,SI1,60.1,60,4.95,4.86,2.95,990
5619,0.52,Ideal,E,VS1,61.3,56,5.18,5.22,3.19,1726
5620,0.31,Ideal,E,VS1,62.1,54.2,4.31,4.35,2.69,726
5624,0.42,Ideal,G,VVS1,61.4,56,4.83,4.81,2.96,1235
5625,1.55,Ideal,I,VS2,62.6,56,7.35,7.41,4.62,8831
5628,1.02,Very Good,G,VS1,62.4,58,6.37,6.42,3.99,6622
5629,0.33,Premium,F,VS2,62.2,58,4.44,4.43,2.76,854
5630,1.01,Good,F,VVS2,65.9,54,6.18,6.27,4.1,7001
5636,0.9,Very Good,D,SI2,63.5,58,6.08,6.17,3.89,3918
5637,2.04,Fair,E,SI2,65.4,55,7.87,7.93,5.17,12799
5641,1.09,Premium,F,VS1,60.9,58,6.63,6.67,4.05,8057
5649,4.5,Fair,J,I1,65.8,58,10.23,10.16,6.72,18531
5650,1.23,Ideal,H,SI2,60.6,57,6.98,6.94,4.22,5951
5654,0.38,Ideal,G,SI1,61,55,4.69,4.73,2.87,723
5655,1.01,Very Good,H,SI1,59.3,62,6.57,6.55,3.89,4868
5657,1.01,Premium,D,VS1,61.8,54,6.44,6.38,3.96,8201
5661,1.08,Very Good,G,VS2,62,57,6.52,6.55,4.05,6168
5663,0.71,Premium,G,SI2,59.9,59,5.82,5.79,3.48,1808
5664,0.5,Ideal,F,VVS2,62.2,54,5.11,5.09,3.17,2160
5666,1.23,Ideal,G,VVS2,62.4,55,6.8,6.88,4.27,9921
5667,0.37,Ideal,G,SI1,61.8,55,4.62,4.64,2.86,745
5668,0.31,Ideal,D,VS2,62.1,54,4.33,4.37,2.7,734
5669,0.3,Premium,D,VS1,61.2,59,4.34,4.29,2.64,914
5670,0.3,Good,G,VVS1,63.3,55,4.26,4.3,2.71,789
5671,0.63,Ideal,J,SI1,61.8,56,5.47,5.52,3.39,1565
5673,0.3,Ideal,G,VS2,62,54,4.33,4.35,2.69,545
5676,0.39,Good,F,SI1,63.3,54,4.62,4.67,2.94,718
5680,0.7,Good,E,SI2,63.6,65,5.67,5.55,3.57,2032
5682,1.54,Very Good,E,SI2,59,62,7.56,7.59,4.47,7877
5683,1.08,Ideal,D,VS1,61.1,56,6.59,6.63,4.04,9545
5687,1.64,Ideal,G,VS2,61.5,56,7.59,7.62,4.68,16297
5689,0.3,Premium,E,VVS2,60.8,60,4.31,4.27,2.61,1013
5692,0.8,Ideal,I,SI1,62.6,56.1,5.87,5.92,3.7,2677
5697,0.8,Ideal,H,VS2,62.8,57,5.91,5.87,3.7,2834
5701,1.01,Good,D,SI1,63.9,61,6.31,6.28,4.02,5147
5702,0.43,Premium,G,VVS2,62.3,60,4.85,4.78,3,1129
5703,0.55,Ideal,G,VVS1,61.2,56,5.27,5.29,3.23,2632
5704,0.61,Premium,H,VS2,62.8,59,5.44,5.3,3.37,1719
5706,0.32,Very Good,I,VS2,63,56,4.38,4.42,2.77,449
5707,0.34,Ideal,G,VS2,62.4,57,4.48,4.46,2.79,663
5709,1.02,Premium,F,SI2,61,58,6.49,6.52,3.97,4043
5711,2.02,Premium,I,SI2,62.9,60,8.05,8.01,5.05,13991
5712,2.19,Very Good,I,SI1,60.7,60,8.46,8.4,5.12,16397
5714,0.74,Ideal,D,SI2,61.1,57,5.81,5.84,3.56,2690
5717,1.16,Ideal,H,SI1,61.8,54,6.74,6.81,4.19,6084
5718,0.76,Premium,D,SI1,61.1,59,5.93,5.88,3.61,2847
5719,1.01,Very Good,E,SI1,60.8,59,6.43,6.5,3.93,6268
5720,1,Good,F,VS2,64.2,58,6.32,6.26,4.04,5606
5724,0.32,Very Good,H,VS1,63,55,4.4,4.42,2.78,561
5728,1.23,Premium,I,SI1,60.3,60,6.95,6.88,4.17,4133
5731,0.39,Ideal,F,VVS2,61.8,55,4.68,4.75,2.92,1097
5734,0.7,Ideal,G,VS2,60.8,57,5.67,5.74,3.47,2507
5736,0.41,Good,H,SI1,63.8,56,4.69,4.74,3.01,683
5741,1.53,Ideal,I,SI1,,57,7.33,7.37,4.59,8981
5744,0.67,Very Good,G,VS2,60.4,61,5.61,5.64,3.4,2080
5745,0.9,Very Good,E,SI1,63.2,54,6.1,6.17,3.88,4382
5747,0.42,Very Good,D,VS1,60.7,60,4.81,4.88,2.94,1066
5748,0.9,Very Good,D,SI1,62.3,58,6.14,6.16,3.83,4497
5750,0.4,Very Good,F,VS1,61.3,54,4.8,4.83,2.95,890
5751,1.16,Ideal,F,SI1,62.6,58,6.68,6.73,4.2,6768
5766,0.59,Very Good,D,VS2,62.9,56.7,5.37,5.39,3.38,2200
5767,0.3,Ideal,H,SI1,62.4,55,4.3,4.32,2.69,450
5768,1.19,Premium,G,SI2,62.4,59,6.74,6.71,4.2,4078
5771,0.7,Good,F,VS1,63.7,57,5.55,5.62,3.56,2441
5774,0.3,Good,E,VVS1,61.5,62,4.28,4.34,2.65,702
5775,0.51,Ideal,F,VS1,62.5,55,5.08,5.13,3.19,1744
5776,1.01,Premium,G,IF,61.3,58,6.48,6.4,3.95,7352
5779,0.9,Ideal,F,I1,61.8,57,6.2,6.13,3.81,2634
5783,0.3,Ideal,E,VVS1,61.2,57,4.33,4.36,2.66,895
5785,0.53,Ideal,D,VS2,61.4,56,5.18,5.21,3.19,1659
5786,0.38,Ideal,D,VS2,61.8,56,4.65,4.67,2.88,1013
5790,0.71,Premium,I,SI1,60.2,58,5.83,5.76,3.49,2173
5792,1.01,Good,D,SI2,63.6,57,6.39,6.35,4.05,4805
5793,0.41,Ideal,F,VS1,62.1,56,4.8,4.77,2.97,1076
5794,1.09,Good,H,SI1,63.2,57,6.54,6.57,4.14,4784
5797,0.27,Premium,E,VS1,60.2,59,4.2,4.24,2.54,470
5798,2.01,Very Good,J,VS2,60.8,58,8.08,8.16,4.94,12968
5801,0.41,Ideal,E,VS1,61.8,55,4.8,4.75,2.95,1153
5804,1.2,Very Good,F,SI2,62.2,62,6.7,6.77,4.19,5247
5806,1.25,Ideal,G,VS2,61.5,58,6.88,6.93,4.25,9282
5810,0.5,Good,D,VS2,63.7,56,5.05,5.09,3.23,1635
5812,1,Ideal,E,SI1,62.7,57,6.39,6.49,4.04,5622
5814,0.5,Fair,D,VVS1,65.9,64,4.92,5.03,3.28,1792
5816,0.56,Ideal,E,VS1,61.3,55,5.29,5.32,3.25,1930
5825,0.38,Very Good,G,VS2,59.9,58,4.72,4.77,2.84,766
5827,1,Premium,E,VVS2,62.7,60,6.34,6.32,3.97,9050
5828,1.06,Very Good,E,VS1,63,58,6.46,6.49,4.08,7900
5831,0.35,Ideal,H,IF,61.9,55,4.51,4.54,2.8,921
5836,1.27,Ideal,H,SI1,60.6,57,7.07,7,4.26,6785
5839,0.48,Ideal,G,VS1,61.9,55,5.02,5.06,3.12,1615
5841,4.01,Premium,I,I1,61,61,10.14,10.1,6.17,15223
5842,0.41,Ideal,F,VS2,61.8,56,4.78,4.8,2.96,863
5845,0.25,Ideal,G,VS1,62,54,4.06,4.07,2.52,438
5848,0.85,Ideal,H,SI2,61.8,54,6.07,6.1,3.76,2635
5849,1,Ideal,E,VS2,62.1,56,6.42,6.39,3.98,6720
5850,1,Premium,E,VS2,60,60,6.43,6.43,3.89,6720
5852,0.3,Premium,H,SI1,61.3,58,4.33,4.29,2.64,540
5854,0.3,Ideal,F,VS2,60.9,56,4.32,4.35,2.64,605
5855,1.14,Ideal,G,VS1,62.3,56,6.73,6.7,4.18,7948
5863,0.68,Very Good,E,SI1,58.2,60,5.75,5.79,3.36,1918
5865,0.57,Ideal,D,VS2,62.1,56,5.29,5.34,3.3,1864
5867,1.12,Good,G,SI2,56.7,62,6.91,6.86,3.9,4158
5868,0.33,Ideal,E,VVS1,60.2,57,4.5,4.47,2.7,1052
5869,1.67,Very Good,G,VVS2,61.6,57,7.61,7.69,4.71,17028
5871,0.51,Ideal,G,VS1,61.9,56,5.11,5.14,3.17,1668
5874,1.01,Good,F,SI1,63.5,57,6.29,6.33,4.01,4549
5877,0.87,Ideal,D,SI2,61.4,54,6.15,6.2,3.79,4012
5879,0.42,Ideal,H,VVS1,61.8,55,4.85,4.8,2.98,1035
5881,1.52,Very Good,F,SI1,61.4,59,7.39,7.46,4.56,11776
5884,0.32,Ideal,F,VS2,61.4,55,4.43,4.46,2.73,781
5888,0.41,Premium,G,VS2,60.9,61,4.75,4.74,2.89,1061
5891,1,Very Good,F,SI1,59.4,60,6.47,6.52,3.86,4961
5893,1.51,Good,J,VS1,60.6,55,7.3,7.36,4.44,7848
5895,1.06,Good,J,VS2,63.5,60.1,6.43,6.51,4.11,4517
5900,0.27,Very Good,E,VVS1,60.9,59,4.17,4.21,2.55,620
5901,0.4,Premium,H,SI1,62.8,59,4.69,4.67,2.94,855
5902,0.52,Very Good,I,VS1,61.4,57,5.17,5.19,3.18,1282
5904,0.52,Ideal,H,VS2,61.7,55,5.2,5.23,3.22,1689
5905,1.55,Very Good,H,SI1,61.6,54,7.41,7.47,4.58,9818
5908,0.7,Ideal,F,SI1,62.6,55,5.67,5.7,3.56,2410
5909,1.02,Ideal,F,SI2,62.4,55,6.46,6.43,4.02,4662
5914,1.04,Premium,G,VS1,60.2,58,6.65,6.64,4,6360
5915,2,Fair,E,SI1,65.7,60,7.7,7.8,5.09,15330
5916,0.39,Ideal,H,VVS2,62,55,4.68,4.7,2.91,794
5917,0.33,Ideal,E,IF,62.1,55,4.43,4.46,2.76,1289
5918,0.41,Ideal,E,VVS1,61.3,56,4.81,4.79,2.94,1431
5924,0.3,Ideal,F,VVS2,61.6,53,4.35,4.39,2.69,694
5927,2.17,Premium,G,SI2,62.2,62,8.32,8.24,5.15,12321
5929,1.01,Ideal,H,SI1,62.3,55,6.46,6.45,4.02,5029
5930,0.74,Ideal,G,VVS1,62.1,54,5.8,5.83,3.61,3537
5935,1.04,Ideal,G,VS1,61.7,57,6.47,6.53,4.01,7294
5940,0.71,Ideal,E,SI1,61.9,56,5.71,5.73,3.54,2756
5943,0.57,Ideal,E,VS2,61.5,57,5.35,5.32,3.28,2491
5944,1.02,Good,H,SI1,63.9,55,6.4,6.37,4.08,4558
5946,1.03,Very Good,D,SI2,62.8,56,6.43,6.46,4.05,4679
5948,0.3,Ideal,H,VVS2,61.7,54.2,4.32,4.35,2.67,631
5950,1.15,Ideal,H,I1,62,55,6.76,6.69,4.17,3606
5954,0.4,Ideal,H,IF,61.9,56,4.72,4.75,2.93,1153
5959,0.33,Ideal,E,VVS1,61.7,56,4.46,4.48,2.76,984
5961,0.31,Ideal,E,VS1,61.8,56,4.34,4.33,2.68,942
5962,1.09,Premium,I,VS2,61.3,58,6.63,6.58,4.05,4659
5968,0.72,Ideal,H,SI2,61.4,55,5.81,5.78,3.56,2112
5971,1.61,Premium,D,SI1,61.4,60,7.56,7.51,4.63,13582
5972,1,Good,D,SI2,64,59,6.24,6.29,4.01,3569
5973,0.59,Ideal,F,VS1,61.1,56,5.43,5.47,3.33,2140
5974,0.28,Very Good,D,VS1,61.7,58,4.19,4.24,2.6,487
5977,0.9,Fair,E,SI2,57.5,68,6.37,6.33,3.65,3187
5982,0.32,Ideal,E,VS2,61.7,56,4.41,4.44,2.73,702
5983,0.23,Premium,E,VVS2,61.8,58,3.94,3.92,2.43,680
5984,0.27,Very Good,D,VVS2,62.2,59,4.08,4.12,2.55,622
5988,1.01,Very Good,G,VS2,60.2,58,6.51,6.54,3.93,6213
5998,1.21,Ideal,F,VS2,61.2,57,6.87,6.82,4.19,8452
6002,0.58,Premium,E,SI1,62.1,58,5.35,5.31,3.31,1812
6005,1.32,Premium,F,VS2,62.2,58,7.03,6.95,4.35,10814
6008,0.74,Very Good,E,SI2,63,58,5.73,5.77,3.62,2282
6009,0.33,Good,F,VS2,63.2,56,4.39,4.41,2.78,666
6016,0.3,Ideal,F,VS2,60.9,56,4.35,4.32,2.64,776
6017,2.06,Very Good,J,SI1,62,57,8.11,8.17,5.05,11764
6020,0.27,Ideal,D,VVS2,62.3,57,4.15,4.13,2.58,799
6027,1.52,Premium,D,SI2,61.4,54,7.51,7.43,4.59,10308
6028,1.04,Ideal,J,SI1,62,53,6.51,6.55,4.05,4469
6029,1.05,Premium,H,VS2,59,59,6.71,6.68,3.95,5468
6030,0.3,Premium,F,VS1,61,58,4.36,4.33,2.65,731
6031,0.55,Ideal,E,SI1,61.7,56,5.24,5.29,3.25,1551
6032,0.71,Ideal,F,SI1,62.7,55,5.65,5.74,3.57,2346
6034,2.09,Premium,H,SI1,61.1,56,8.3,8.23,5.05,18559
6035,0.45,Ideal,F,SI2,62.5,57,4.9,4.86,3.05,996
6040,0.73,Ideal,E,VVS1,62,56,5.75,5.79,3.58,4830
6042,0.9,Very Good,G,VS2,61,60,6.21,6.24,3.8,4210
6044,0.3,Ideal,E,VS1,60.8,57,4.36,4.33,2.64,911
6045,0.3,Very Good,F,SI1,60.3,61,4.31,4.34,2.61,471
6046,1.01,Premium,F,VS2,61.2,57.5,6.43,6.45,3.94,7277
6047,0.44,Ideal,I,VVS2,60.8,56,4.9,4.93,2.99,912
6048,0.25,Premium,F,VS1,61.2,59,4.05,4.02,2.47,558
6050,0.32,Premium,F,VS2,62.1,59,4.41,4.35,2.72,828
6051,0.9,Very Good,D,SI1,63.4,53,6.1,6.17,3.89,4187
6053,0.76,Fair,H,I1,64.5,57,5.79,5.76,3.73,1140
6054,2.04,Good,J,VS2,59.6,56,8.26,8.31,4.94,13550
6056,1.21,Ideal,I,VVS1,61.6,55,6.88,6.8,4.21,7086
6065,0.9,Very Good,I,VS2,61.2,57,6.15,6.2,3.78,3720
6067,0.72,Very Good,J,VS2,62.2,58,5.68,5.73,3.55,2028
6068,0.29,Very Good,H,SI2,60.7,60,4.33,4.37,2.64,404
6069,0.53,Very Good,D,SI2,59.3,61,5.26,5.29,3.13,1226
6070,0.33,Ideal,F,VVS1,,55,4.43,4.46,2.75,893
6073,0.52,Ideal,H,VVS1,61.7,56,5.17,5.2,3.19,1625
6076,0.83,Very Good,F,SI1,,58,5.97,6.01,3.71,3322
6077,0.7,Very Good,D,SI2,60.9,60,5.68,5.72,3.47,1990
6080,0.43,Ideal,G,SI2,61.3,56,4.89,4.87,2.99,935
6081,0.27,Very Good,F,VVS2,61.3,62,4.15,4.2,2.56,552
6083,0.3,Ideal,G,SI1,62.8,56,4.32,4.28,2.7,574
6084,0.34,Very Good,G,VS2,61.2,62,4.44,4.48,2.73,596
6085,0.3,Ideal,D,VS1,61.8,56,4.34,4.3,2.67,848
6086,1.2,Ideal,I,I1,61.9,56,6.82,6.85,4.23,3505
6093,0.36,Ideal,G,SI2,60.7,58,4.62,4.64,2.81,505
6095,0.41,Very Good,I,VVS2,63.1,56,4.75,4.72,2.99,1061
6096,0.41,Premium,F,VVS1,61.3,59,4.73,4.79,2.92,1295
6103,0.51,Very Good,E,SI1,63,58,4.99,5.08,3.17,1330
6105,1,Premium,H,IF,60.6,57,6.54,6.47,3.94,7235
6106,1.5,Very Good,F,VS1,60.5,55,7.39,7.48,4.5,15585
6107,0.55,Very Good,E,SI1,64.2,55,5.18,5.2,3.33,1417
6108,2.28,Good,J,SI1,63.7,55,8.35,8.28,5.3,14350
6110,1.22,Ideal,H,VVS2,61.7,56,6.83,6.87,4.23,9366
6114,1.03,Fair,G,SI1,64.7,63,6.36,6.31,4.1,4424
6118,0.71,Ideal,F,SI1,63,54,5.73,5.69,3.6,2235
6120,0.33,Ideal,G,VS1,62.1,55,4.46,4.43,2.76,854
6121,0.38,Premium,I,VS2,61.7,59,4.64,4.6,2.85,812
6125,0.32,Ideal,H,SI1,60.6,57,4.44,4.4,2.68,576
6126,1.23,Premium,F,VS2,59.6,58,7.02,6.94,4.16,9016
6128,2.01,Very Good,J,SI2,63.3,56,7.86,7.96,5.01,10490
6129,0.38,Premium,H,VVS2,62,58,4.62,4.64,2.87,833
6130,1.5,Very Good,D,VS2,62.4,59,7.21,7.27,4.52,13287
6132,0.8,Ideal,I,VS1,62.6,54,5.92,5.96,3.72,2842
6135,1.12,Premium,H,VS1,61.6,58,6.64,4.11,3.7,6115
6138,0.52,Ideal,G,VVS2,61.4,55.3,5.18,5.21,3.19,1957
6139,0.33,Ideal,I,IF,62.1,55,4.41,4.44,2.75,694
6141,0.31,Premium,I,SI1,60.1,59,4.41,4.38,2.64,537
6143,0.91,Fair,F,SI2,64.9,56,6.08,6.05,3.94,3210
6145,1.09,Ideal,G,VS2,62.8,57,6.54,6.58,4.12,7292
6149,1.03,Ideal,F,SI1,61.3,57,6.47,6.53,3.98,6044
6152,1,Ideal,F,VS1,61.7,55,6.42,6.39,3.95,7056
6153,0.35,Ideal,D,VS2,62.5,55,4.5,4.55,2.83,829
6155,0.42,Ideal,I,VVS1,62,55,4.8,4.88,3,884
6157,1.7,Very Good,F,I1,63.1,56,7.62,7.51,4.78,5998
6162,0.38,Ideal,F,VS2,62.2,54,4.64,4.66,2.89,870
6163,1.43,Ideal,G,SI1,62.8,57,7.17,7.12,4.49,8599
6164,1.16,Fair,H,SI2,68.2,55,6.47,6.37,4.38,3118
6166,0.3,Ideal,H,IF,61.8,57,4.31,4.36,2.68,764
6170,0.4,Good,H,VS2,59.4,64,4.82,4.75,2.84,945
6171,1.01,Good,G,VS2,60.3,57,6.46,6.51,3.91,5655
6172,0.36,Premium,H,VS1,60.5,59,4.6,4.63,2.79,631
6173,1.24,Ideal,I,SI1,60.6,59,6.97,7.03,4.24,6381
6175,0.28,Premium,H,VVS1,59.9,62,4.28,4.23,2.55,646
6176,1.04,Good,F,SI1,,57,6.36,6.41,4.03,4828
6177,0.7,Very Good,G,VS2,62.5,54,5.63,5.69,3.54,2562
6178,0.7,Very Good,G,VS1,62.5,58,5.63,5.69,3.54,2437
6179,0.31,Ideal,E,VS2,61,56,4.34,4.38,2.66,680
6183,1.01,Ideal,I,VS2,62.5,56,6.38,6.41,4,5855
6186,0.7,Very Good,E,SI1,62.6,56,5.65,5.69,3.55,2459
6189,1.04,Ideal,F,SI1,59.9,56,6.64,6.58,3.96,4403
6193,0.3,Premium,H,VS2,62.9,59,4.3,4.26,2.69,608
6195,1,Premium,G,SI1,61.9,62,6.22,6.18,3.84,5154
6196,0.35,Ideal,G,VVS1,61.7,56,4.54,4.57,2.81,887
6197,0.53,Ideal,G,VVS2,61.4,57,5.19,5.26,3.21,1948
6201,1.05,Premium,F,SI2,61.7,60,6.58,6.49,4.03,4363
6203,0.51,Very Good,G,VS2,62.9,57,5.06,5.12,3.2,1438
6206,0.56,Ideal,D,SI1,61.9,55,5.31,5.29,3.28,1803
6210,0.9,Very Good,F,SI2,63.4,59,6.07,6.11,3.86,3605
6214,0.58,Ideal,G,VVS1,61.3,56,5.36,5.4,3.3,2256
6215,0.33,Very Good,D,VVS2,60.8,58,4.47,4.48,2.72,1050
6217,1.11,Ideal,G,VS1,61.5,58,6.7,6.66,4.11,7639
6218,0.5,Ideal,E,VS2,,55,5.12,5.14,3.15,1614
6219,0.32,Very Good,I,VS2,62.9,57,4.37,4.4,2.76,449
6221,0.6,Very Good,G,SI1,63.1,57,5.32,5.41,3.39,1565
6228,0.3,Ideal,E,VVS1,60.5,57,4.34,4.39,2.64,895
6232,0.51,Very Good,F,SI2,62.7,56,5.07,5.1,3.19,1100
6233,1.01,Premium,H,SI1,59.8,60,6.48,6.52,3.89,4559
6239,0.38,Ideal,F,VVS1,61,57,4.66,4.69,2.85,1070
6241,0.23,Very Good,E,VVS2,61.9,57,3.91,3.94,2.43,505
6248,1.04,Premium,H,SI1,,59,6.59,6.55,3.97,4368
6250,1.51,Good,H,SI2,61,56,7.29,7.37,4.47,8243
6251,0.91,Good,E,SI1,60.2,60,6.17,6.26,3.74,4523
6253,0.7,Very Good,H,SI1,62,60,5.65,5.7,3.52,2048
6255,0.9,Very Good,D,VS1,63.4,58,6.15,6.09,3.88,5511
6258,1.2,Very Good,F,SI1,63.3,58,6.63,6.57,4.18,6955
6259,0.76,Very Good,H,SI1,62.6,58,5.76,5.84,3.63,2396
6260,0.9,Ideal,F,SI2,61.9,57,6.13,6.18,3.81,4593
6261,0.52,Ideal,E,VS1,62.5,56,5.16,5.11,3.21,1793
6264,1.01,Premium,F,VS1,61.4,60,6.45,6.39,3.94,7792
6267,0.53,Premium,F,SI1,62,59,5.23,5.16,3.22,1428
6268,1,Premium,H,SI2,59.8,61,6.24,6.17,3.71,3360
6271,0.31,Ideal,F,IF,62.1,54,4.33,4.37,2.7,914
6272,0.31,Ideal,D,SI1,61.5,56,4.33,4.35,2.67,571
6273,0.26,Ideal,G,VVS1,62.8,54,4.07,4.09,2.56,605
6278,0.7,Fair,H,VS2,,58,5.87,5.89,3.35,1981
6280,0.5,Premium,F,SI2,62.3,59,5.1,5.04,3.16,1016
6282,1.03,Premium,E,VS1,,58,6.41,6.5,4.03,7778
6284,0.52,Premium,D,VVS1,,61,5.31,5.27,3.11,2553
6290,2.09,Ideal,J,VS1,61.2,59,8.31,8.22,5.06,15172
6291,1.1,Ideal,J,VS2,62.4,55,6.59,6.64,4.13,4537
6292,1,Fair,E,VS2,67,54,6.23,6.18,4.16,5729
6297,1.3,Premium,H,SI2,61.3,58,6.99,6.95,4.27,5096
6298,0.35,Premium,F,VS1,60.5,58,4.59,4.57,2.77,984
6299,0.71,Premium,H,VS2,62.8,59,5.68,5.63,3.55,2181
6300,0.31,Ideal,G,VVS2,61.8,56,4.31,4.36,2.68,707
6301,0.29,Ideal,F,VS1,61.6,56,4.26,4.31,2.64,555
6306,1.01,Good,F,VS1,61.8,57,6.34,6.44,3.95,6626
6315,0.32,Ideal,D,SI2,62.4,54,4.38,4.4,2.74,477
6316,0.3,Premium,H,SI1,60.8,61,4.3,4.25,2.6,540
6317,0.4,Very Good,F,SI1,62.8,59,4.71,4.72,2.96,737
6318,0.62,Ideal,H,VS1,61.4,56,5.47,5.51,3.37,1878
6321,1.02,Very Good,D,SI1,60.3,56,6.55,6.57,3.96,6863
6322,0.88,Ideal,F,SI1,62.3,53,6.12,6.15,3.82,4054
6325,1.01,Very Good,H,SI2,60.6,61,6.38,6.45,3.89,3888
6328,0.39,Ideal,I,VS2,61.5,55,4.7,4.73,2.9,651
6331,1.51,Good,I,VS1,63.6,57,7.14,7.21,4.56,9581
6334,0.3,Premium,E,VS1,61.8,58,4.31,4.33,2.67,710
6336,0.55,Ideal,G,VS2,62.2,54,5.27,5.28,3.28,1588
6337,1.2,Ideal,H,SI1,60.8,57,6.9,6.88,4.19,6485
6338,0.55,Ideal,H,SI2,62.2,54,5.28,5.3,3.29,1057
6339,0.71,Premium,I,SI2,62.1,58,5.7,5.67,3.53,1696
6342,0.5,Very Good,D,SI1,63.5,57,5.04,5.1,3.22,1337
6343,0.31,Ideal,I,VVS1,62,54,4.34,4.37,2.7,571
6345,0.42,Very Good,F,SI1,63.3,56,4.79,4.75,3.02,926
6346,1.23,Very Good,E,VS2,58.9,59,6.98,7.05,4.13,9193
6352,1,Premium,D,SI2,62.4,58,6.33,6.36,3.96,4730
6355,0.27,Ideal,D,VVS2,61.5,56,4.15,4.18,2.56,586
6357,0.74,Ideal,F,IF,61.9,55,5.79,5.84,3.6,4383
6359,0.42,Premium,E,SI1,60,61,4.88,4.85,2.92,953
6361,1.22,Ideal,I,SI1,61.9,56,6.87,6.83,4.24,5261
6363,0.7,Very Good,G,SI1,63.3,61,5.6,5.55,3.53,2184
6365,0.71,Very Good,G,SI2,62.4,54,5.72,5.76,3.58,2171
6367,1.01,Very Good,H,VS2,62.8,59,6.33,6.38,3.99,5559
6372,1.04,Premium,E,SI2,60.1,58,6.65,6.56,3.97,3392
6374,0.7,Premium,E,SI1,59.7,60,5.81,5.79,3.46,2394
6375,1.04,Premium,F,VS2,61.7,59,6.45,6.49,3.99,6782
6376,0.3,Good,E,VVS1,,63,4.24,4.26,2.6,739
6377,0.33,Ideal,G,VVS1,61.9,55,4.45,4.5,2.77,858
6379,0.59,Ideal,G,VS2,62.1,57,5.36,5.39,3.34,1774
6381,0.34,Premium,H,VS2,60.2,60,4.56,4.51,2.73,689
6385,0.91,Premium,D,VS2,62,58,6.2,6.15,3.83,5167
6387,1.78,Premium,H,SI2,61,61,7.88,7.82,4.79,10666
6395,0.55,Ideal,H,SI1,62.1,56,5.2,5.26,3.25,1319
6398,0.4,Ideal,E,VS1,61.2,57,4.74,4.77,2.91,1053
6403,0.31,Ideal,D,SI2,62.9,54,4.35,4.3,2.72,593
6407,0.32,Ideal,F,VS2,62.6,55,4.38,4.41,2.75,645
6409,0.51,Good,G,SI1,63.7,55,5.1,5.07,3.24,1259
6410,1.16,Ideal,G,VS1,61.5,55,6.75,6.81,4.17,9248
6414,0.53,Premium,H,SI2,62.5,60,5.16,5.18,3.23,1015
6420,1.21,Premium,F,VS1,61.9,58,6.82,6.76,4.2,10245
6423,0.4,Ideal,D,SI2,61.3,56,4.77,4.72,2.91,798
6426,1.01,Premium,I,SI1,62.3,58,6.44,6.4,4,4355
6427,0.34,Premium,E,SI2,61.5,58,4.49,4.52,2.77,477
6429,0.32,Ideal,I,VS1,61.7,55.6,4.41,4.43,2.73,529
6433,1,Good,E,SI2,62.1,61,6.36,6.4,3.96,4307
6437,1.51,Ideal,D,SI1,,56,7.3,7.4,4.58,12688
6440,0.41,Good,F,SI1,63.3,58,4.71,4.74,2.99,705
6441,0.53,Ideal,D,VS2,,55,5.2,5.24,3.22,1722
6442,0.5,Very Good,G,SI1,62.1,59,5.09,5.12,3.17,1237
6444,0.44,Very Good,I,VVS1,60.8,57,4.88,4.93,2.98,926
6446,1.24,Ideal,E,VS2,62.7,58,6.79,6.86,4.28,8887
6451,0.55,Very Good,D,SI2,63.2,56,5.24,5.21,3.3,1368
6455,0.43,Very Good,E,SI1,63.4,56,4.79,4.77,3.03,921
6457,2.14,Premium,G,SI2,60.1,58,8.4,8.35,5.03,12792
6458,1.05,Premium,H,SI1,61.3,58,6.52,6.47,3.98,5228
6459,1.2,Premium,H,SI2,59.6,60,6.91,6.84,4.1,4906
6461,0.3,Ideal,H,VS2,62.3,57,4.25,4.29,2.66,491
6462,1,Premium,F,SI1,62.3,59,6.43,6.37,3.99,5292
6468,1.01,Very Good,E,VS1,59.4,59,6.52,6.54,3.88,8348
6469,0.67,Good,F,VS1,59.8,60.3,5.62,5.69,3.38,2479
6470,1.05,Premium,I,SI2,58.3,57,6.72,6.67,3.9,2911
6476,0.85,Good,J,SI1,59.2,64,6.13,6.17,3.64,2163
6486,0.53,Premium,F,VS2,60.6,55,5.26,5.23,3.18,1753
6488,0.92,Premium,H,SI1,59,59,6.36,6.31,3.74,3709
6494,1.62,Premium,G,VS2,62.3,58,7.54,7.49,4.68,13702
6496,1.54,Premium,G,SI2,62.4,57,7.39,7.36,4.6,8969
6497,0.38,Ideal,H,IF,58.9,58,4.69,4.81,2.8,1064
6500,0.71,Ideal,D,VS2,60.1,56,5.77,5.83,3.48,4029
6502,0.54,Ideal,F,VVS1,60.8,56,5.28,5.34,3.23,2356
6504,1.39,Premium,F,SI1,62.1,58,7.1,7.16,4.43,8476
6506,0.3,Very Good,I,IF,63.3,56,4.26,4.21,2.68,810
6508,1.51,Very Good,J,SI2,61.9,59,7.26,7.31,4.51,6546
6510,0.33,Ideal,H,VVS2,61.9,57,4.41,4.44,2.74,666
6511,0.58,Ideal,G,VS2,60,56,5.45,5.48,3.28,1761
6514,1.15,Premium,J,SI1,62.3,55,6.76,6.66,4.18,4347
6517,1.75,Very Good,D,SI1,61.4,60,7.76,7.8,4.78,15544
6518,0.26,Ideal,D,VVS2,61.4,56,4.15,4.12,2.54,769
6524,1.2,Ideal,G,SI1,60.5,56,6.84,6.87,4.15,5996
6530,1.03,Ideal,G,SI1,61.6,57,6.53,6.46,4,4900
6534,0.4,Ideal,E,VS2,60.9,56,4.78,4.81,2.92,904
6541,1.24,Very Good,I,VS2,60.1,59,6.95,7.02,4.2,5783
6542,0.4,Very Good,E,VS2,63,58,4.7,4.73,2.97,791
6543,0.71,Very Good,G,VS2,61.8,56,5.69,5.74,3.53,2647
6544,0.5,Premium,I,VVS1,58.2,62,5.25,5.19,3.04,1415
6547,0.5,Good,E,SI2,63.3,56,5.05,5.09,3.21,1077
6549,2.1,Premium,E,SI2,62.9,59,8.18,8.13,5.13,16783
6551,2,Premium,G,SI2,60.8,55,8.09,7.95,4.88,13007
6552,0.52,Ideal,E,VS2,61.9,56,5.12,5.16,3.18,1689
6554,0.9,Premium,F,SI2,58.5,60,6.3,6.25,3.67,2681
6558,0.29,Very Good,D,VS1,62.9,55,4.21,4.25,2.66,504
6564,0.9,Very Good,F,SI1,63,61,6.09,6.14,3.85,4009
6567,2.01,Premium,G,SI1,62.5,58,7.98,8.08,5.02,17334
6570,1.14,Very Good,F,SI2,59.2,63,6.78,6.86,4.04,5033
6572,1.03,Ideal,E,VS2,61.7,56,6.45,6.54,4.01,7533
6576,0.91,Premium,H,SI2,62.7,58,6.14,6.17,3.86,3423
6577,0.31,Premium,F,VS2,62.3,59,4.3,4.33,2.69,625
6578,0.37,Premium,E,VS2,61,59,4.59,4.63,2.81,811
6579,1.01,Premium,G,SI2,62.4,59,6.39,6.34,3.97,4327
6581,0.29,Ideal,G,VVS2,61.4,57,4.27,4.3,2.63,607
6582,0.72,Ideal,H,IF,61.4,56,5.76,5.8,3.55,3257
6583,2.14,Ideal,I,SI1,62.1,58,8.21,8.26,5.11,17213
6584,0.42,Ideal,D,VVS2,62,55,4.81,4.84,2.99,1132
6586,0.7,Premium,H,SI1,60.9,62,5.72,5.65,3.46,2331
6587,1.5,Good,E,SI1,64.1,56,7.21,7.14,4.6,8820
6588,2.11,Premium,H,VS2,60.8,61,8.32,8.28,5.05,16395
6597,0.31,Ideal,E,IF,60.9,55,4.39,4.41,2.68,987
6601,0.31,Ideal,I,SI1,61.5,55,4.36,4.39,2.69,436
6603,1.01,Ideal,E,VVS1,61.8,54,6.43,6.49,3.99,10789
6604,0.44,Good,E,VS2,59,64,5.01,4.94,2.93,1001
6609,1.05,Ideal,H,SI2,61.8,58,6.52,6.55,4.04,4604
6611,0.35,Ideal,D,VVS2,61,57,4.54,4.58,2.78,910
6617,1.02,Premium,J,SI1,,62,6.51,6.43,3.81,3444
6620,1.7,Premium,J,VS2,62.8,59,7.6,7.55,4.76,9939
6625,0.6,Ideal,G,VVS2,61.6,55,5.44,5.47,3.36,2413
6626,1.24,Very Good,F,VS2,59.6,59,7,7.07,4.19,8929
6628,1.5,Ideal,J,VS2,60,57,7.45,7.36,4.44,7503
6630,1.01,Very Good,G,IF,60,61,6.41,6.45,3.86,7974
6632,0.37,Ideal,E,VS1,61.2,56,4.67,4.64,2.85,1124
6635,0.5,Premium,D,SI2,62.9,58,5.06,5.01,3.17,997
6636,1.31,Ideal,F,SI1,62.4,57,6.96,6.88,4.32,8227
6639,0.46,Ideal,G,VVS1,61.6,55,5,5.03,3.09,1800
6640,1.04,Very Good,H,VS2,63.2,58,6.45,6.42,4.07,4911
6641,0.37,Good,H,VS2,63.7,55,4.56,4.54,2.9,749
6643,0.51,Premium,G,VS1,62.3,58,5.13,5.08,3.18,1781
6644,0.33,Ideal,E,VVS1,61.2,56,4.45,4.51,2.74,984
6645,0.58,Good,E,SI1,59.3,64,5.48,5.42,3.23,1336
6651,0.31,Ideal,D,VS1,62,57,4.33,4.35,2.69,673
6652,1,Very Good,G,SI2,62.8,57,6.31,6.37,3.98,4207
6653,0.33,Ideal,D,SI1,61.3,56,4.44,4.46,2.73,608
6654,0.58,Premium,H,SI2,59,61,5.45,5.42,3.21,1066
6655,0.58,Ideal,D,VVS2,62.1,57,5.32,5.4,3.32,2617
6657,0.41,Very Good,F,SI1,63.3,57,4.72,4.69,2.98,969
6658,1.03,Premium,G,SI1,58.4,58,6.66,6.62,3.88,5249
6659,1.14,Premium,D,SI2,60.3,58,6.79,6.71,4.07,4972
6661,1.01,Good,D,SI1,58.5,64,6.4,6.45,3.76,5271
6664,1.5,Good,G,SI2,63.1,57,7.25,7.29,4.59,9116
6665,2.05,Premium,J,VS2,62.3,60,8.15,8.09,5.06,13667
6666,0.31,Good,D,SI2,63.6,54,4.31,4.34,2.75,462
6668,0.38,Ideal,E,VS1,61.6,56,4.66,4.62,2.86,1069
6669,1.52,Premium,E,SI1,62.5,59,7.26,7.33,4.56,12305
6677,0.26,Very Good,E,VVS2,60.8,61,4.12,4.13,2.51,564
6678,1.2,Premium,E,SI1,,57,6.98,6.84,4.17,7362
6684,1.11,Ideal,I,SI1,61.9,55,6.65,6.66,4.12,5329
6692,0.5,Very Good,I,SI1,62.8,60,5.04,5.08,3.18,1054
6699,1.1,Ideal,E,VVS1,61.1,56,6.69,6.73,4.1,12748
6700,0.4,Very Good,D,SI1,63,59,4.69,4.7,2.96,690
6701,1.5,Good,E,I1,62.4,64,7.22,7.26,4.52,4989
6707,1.1,Very Good,H,VS2,61.3,58,6.63,6.74,4.1,5914
6709,1.07,Ideal,F,SI2,62,57,6.49,6.6,4.06,4678
6712,0.9,Fair,D,SI2,65.9,59,6,5.95,3.94,3205
6713,0.93,Good,J,VS2,63.6,61,6.16,6.08,3.89,3000
6715,0.38,Ideal,D,VS1,62.4,56,4.68,4.64,2.91,1170
6719,0.9,Good,F,SI1,64,59,5.97,5.99,3.83,3696
6720,0.77,Ideal,I,SI1,61.7,56,5.89,5.91,3.64,2382
6733,2.01,Very Good,I,VS1,63,59,7.87,7.94,4.98,18500
6737,0.97,Ideal,I,I1,61.6,53,6.4,6.43,3.95,2239
6743,1.01,Very Good,F,SI1,,61,6.44,6.47,3.94,4899
6748,1.17,Premium,H,SI1,62.5,57,6.79,6.75,4.23,5751
6749,0.3,Ideal,H,VS2,62.1,57,4.27,4.3,2.66,491
6750,2.02,Ideal,I,SI2,62.6,56,8.05,8.01,5.03,10181
6758,1,Premium,E,VS2,63,58,6.25,6.22,3.93,7168
6762,1.5,Premium,I,SI1,62,62,7.35,7.3,4.54,8736
6765,0.59,Ideal,E,VVS2,61,58,5.39,5.43,3.3,2515
6766,1.04,Ideal,H,VVS2,62.2,55,6.48,6.52,4.04,6619
6768,0.32,Ideal,I,VS1,60.9,56,4.44,4.46,2.71,505
6769,1,Ideal,E,SI1,61.6,57,6.37,6.45,3.95,5331
6770,0.95,Premium,G,SI2,60.5,62,6.44,6.36,3.88,3671
6773,1.12,Premium,G,SI1,59.8,58,6.79,6.76,4.05,5329
6775,0.9,Very Good,F,SI2,63.1,56,6.18,6.12,3.88,3457
6780,1.07,Ideal,G,SI1,62.2,56,6.52,6.56,4.07,5551
6782,0.71,Premium,E,SI2,59,60,5.9,5.87,3.47,2410
6785,0.74,Very Good,J,VS1,62.7,58,5.75,5.8,3.62,2170
6790,1.01,Ideal,H,SI2,61.6,56,6.48,6.44,3.98,3501
6792,0.37,Premium,E,VVS2,59.6,60,4.75,4.68,2.81,971
6795,0.25,Ideal,G,VS1,,56,4.01,4.04,2.52,454
6796,1.01,Premium,I,SI2,62.1,59,6.39,6.42,3.98,3899
6797,0.49,Very Good,E,SI1,63.6,57.9,4.96,4.99,3.16,1400
6799,1.34,Ideal,H,VS2,62.1,57,7,7.05,4.36,8094
6802,0.33,Premium,E,VS2,60.7,58,4.49,4.47,2.72,928
6803,1.25,Premium,G,VVS1,58.2,61,7.1,7.05,4.12,8281
6804,0.73,Very Good,G,VS1,60.7,55,5.87,5.89,3.57,3011
6806,0.3,Premium,G,VVS1,61.8,59,4.28,4.33,2.66,789
6810,1.07,Good,F,SI2,58.7,64,6.64,6.68,3.91,4232
6814,0.56,Very Good,H,VS1,59.8,56,5.35,5.38,3.21,1688
6815,0.44,Premium,D,VS1,60.2,59,4.93,4.91,2.96,1232
6817,0.3,Ideal,I,VVS2,62,56,4.29,4.32,2.67,515
6821,0.64,Ideal,H,VVS1,61.1,55,5.58,5.61,3.43,2084
6822,1.24,Premium,E,SI1,58.5,60,7.08,7.01,4.11,5775
6824,0.8,Very Good,E,VS1,62.4,54,5.98,5.94,3.72,4495
6826,0.42,Ideal,D,VVS1,61.8,56,4.82,4.79,2.97,1621
6827,1.12,Premium,E,SI2,61.1,58,6.73,6.69,4.1,5620
6831,0.3,Ideal,G,VVS1,62,55,4.34,4.31,2.68,1013
6833,0.32,Premium,H,VS2,60.6,58,4.44,4.47,2.7,505
6834,0.56,Ideal,H,VS2,61.7,54,5.31,5.33,3.28,1427
6835,1.51,Good,E,SI1,62.8,59,7.16,7.2,4.51,11487
6836,1.55,Ideal,J,SI1,61.7,54,7.42,7.55,4.62,7987
6837,0.5,Ideal,J,VS2,61.7,57,5.09,5.12,3.15,875
6839,0.61,Premium,F,VS2,59.6,61,5.58,5.5,3.3,2075
6841,0.55,Ideal,J,VS2,62.6,57,5.21,5.17,3.25,1165
6842,0.58,Ideal,E,VS2,61.1,57,5.41,5.39,3.3,1984
6845,1.24,Premium,D,VS2,59.3,58,7.03,7.09,4.19,9738
6850,0.87,Ideal,F,SI2,62.2,56,6.03,6.13,3.78,3090
6851,1.5,Premium,J,VVS2,62.8,62,7.25,7.22,4.54,7983
6855,1.02,Ideal,G,VS2,62.8,57,6.36,6.45,4.02,6418
6856,2.2,Premium,G,SI1,60.5,55,8.49,8.42,5.11,18193
6859,0.37,Premium,E,SI1,60.6,54,4.68,4.63,2.82,833
6861,0.32,Ideal,F,VVS1,62.3,56,4.38,4.35,2.72,990
6864,1.5,Fair,H,I1,65.7,58,7.07,7.02,4.63,4939
6868,2.03,Very Good,I,SI2,62.2,54,8.11,8.15,5.06,14239
6871,0.97,Very Good,I,VS2,62.2,55.9,6.34,6.29,3.94,4018
6872,0.41,Premium,I,VVS1,61.5,59,4.81,4.75,2.94,1107
6873,0.33,Ideal,E,SI2,62.2,54,4.44,4.46,2.77,427
6875,0.23,Premium,E,VVS1,60.8,56,3.99,3.94,2.41,640
6878,0.55,Very Good,G,VVS1,60.8,58,5.25,5.3,3.21,1838
6884,1.22,Premium,F,VS2,62,58,6.86,6.89,4.26,8576
6887,1.24,Very Good,G,SI2,60.5,60,6.93,7.01,4.22,6354
6889,0.54,Ideal,D,VS2,61.9,55,5.23,5.24,3.24,1817
6890,0.34,Premium,H,VS2,62.6,60,4.42,4.46,2.78,537
6893,0.42,Ideal,E,VS2,62,55,4.82,4.8,2.98,1024
6896,0.4,Premium,F,VS1,61.5,59,4.76,4.71,2.91,1050
6899,0.3,Ideal,H,IF,61.5,56,4.32,4.33,2.66,764
6909,0.41,Ideal,H,VVS1,62.2,57,4.74,4.78,2.96,1043
6916,0.31,Premium,D,IF,60.2,59,4.39,4.42,2.65,1167
6917,0.71,Ideal,I,VS1,61.6,54.7,5.71,5.85,3.54,2397
6919,1.53,Very Good,F,SI1,58.5,59,7.55,7.62,4.44,11713
6925,2.4,Ideal,H,SI2,62,55,8.6,8.57,5.32,18541
6929,0.31,Very Good,G,VS1,62.2,56,4.32,4.36,2.7,625
6932,1.02,Premium,H,VS2,61.2,58,6.47,6.5,3.97,5217
6933,0.72,Ideal,F,VS2,61.1,56,5.92,5.8,3.55,3226
6936,0.8,Premium,G,SI2,59.7,62,6.02,5.98,3.58,2484
6937,0.51,Premium,F,VS2,61.4,58,5.13,5.09,3.14,1619
6941,0.71,Ideal,G,VS2,62.1,57,5.71,5.63,3.52,2587
6946,0.61,Very Good,I,VVS2,62,54.4,5.47,5.51,3.4,1773
6948,2.15,Ideal,H,SI2,60.3,59,8.34,8.41,5.05,16146
6953,2.09,Ideal,I,SI1,61.8,56,8.15,8.22,5.06,17114
6955,0.31,Ideal,E,VS2,62.8,57,4.37,4.33,2.73,872
6957,0.75,Ideal,I,VS1,61.9,54.1,5.82,5.85,3.61,2564
6958,0.3,Premium,I,VVS2,61.9,61,4.32,4.28,2.66,675
6959,0.54,Ideal,G,VS1,62.1,55.1,5.2,5.23,3.23,1745
6960,1.08,Very Good,G,SI1,60.6,58,6.58,6.73,4.03,4906
6962,0.44,Premium,E,SI1,62.2,60,4.86,4.79,3,1040
6964,1.61,Very Good,I,SI2,60.9,63,7.54,7.5,4.58,7775
6966,1.06,Ideal,G,SI2,62.2,55,6.53,6.56,4.07,4459
6967,0.28,Very Good,E,VVS2,60.2,58,4.24,4.27,2.56,604
6970,0.37,Ideal,E,VS1,61.4,55,4.62,4.66,2.85,1087
6971,0.43,Ideal,F,IF,60.9,57,4.89,4.86,2.97,1580
6972,2.48,Very Good,H,SI2,63.3,56,8.6,8.55,5.43,15746
6973,0.6,Good,F,SI1,57.1,61,5.68,5.57,3.21,1599
6974,1.52,Premium,F,VS2,59.4,55,7.52,7.46,4.45,14388
6977,0.73,Ideal,G,SI1,60.6,57,5.84,5.87,3.55,3089
6981,2.29,Premium,H,VS2,61.6,60,8.45,8.43,5.2,17539
6987,0.53,Very Good,G,VS1,61.9,57,5.19,5.22,3.22,1607
6993,1.01,Good,D,VS2,62.5,62,6.26,6.34,3.94,6563
6994,1.55,Premium,H,VS2,60.7,58,7.51,7.47,4.55,11567
6997,1.33,Ideal,H,SI1,60.1,57,7.14,7.2,4.31,7742
7004,1.13,Very Good,E,SI2,59.4,62,6.78,6.83,4.04,3967
7006,0.39,Ideal,F,SI1,61.3,56,4.73,4.77,2.91,707
7007,1,Premium,F,SI1,62.1,59,6.36,6.39,3.96,5060
7008,1.2,Very Good,D,SI2,63.5,59,6.61,6.56,4.18,4758
7009,0.9,Ideal,G,SI2,62.4,57,6.16,6.13,3.84,2968
7012,0.78,Good,D,VS2,64,54,5.82,5.86,3.74,3298
7013,2.03,Ideal,H,SI1,60.8,57,8.24,8.18,4.99,18026
7017,0.33,Premium,H,VS1,62.4,60,4.39,4.42,2.75,540
7020,0.3,Premium,E,VS2,60.4,58,4.3,4.34,2.61,658
7021,1.05,Ideal,G,VS1,61,56,6.62,6.56,4.02,7526
7024,1.11,Premium,G,SI1,60.9,59,6.69,6.64,4.07,4096
7026,1.3,Premium,J,SI1,61.8,59,6.99,6.95,4.31,5438
7030,1.01,Ideal,F,VS2,60.3,56,6.5,6.56,3.94,6672
7036,1.52,Premium,H,SI1,61,58,7.44,7.39,4.52,9700
7039,0.9,Good,J,SI2,,56,6.1,6.17,3.92,2693
7041,1.27,Ideal,E,VS2,61.8,55,7.03,6.92,4.31,6543
7043,1.02,Ideal,I,SI1,61.9,55,6.43,6.46,3.99,3983
7048,0.72,Premium,I,VVS2,62,56,5.75,5.73,3.56,2074
7050,0.7,Very Good,G,VS2,63.2,57,5.61,5.66,3.56,2353
7051,1.01,Fair,F,VS2,65.5,62,6.19,6.23,4.07,5501
7054,2.16,Very Good,I,SI1,58.5,60,8.49,8.54,4.98,17772
7055,0.36,Ideal,F,SI1,61.1,57,4.57,4.6,2.8,551
7056,0.31,Premium,E,SI2,61.2,61,4.37,4.36,2.67,558
7057,0.53,Very Good,D,SI1,60.9,59,5.18,5.2,3.16,1415
7059,0.24,Ideal,G,IF,61.6,57,3.99,4.02,2.46,559
7062,0.41,Very Good,E,VS1,62,57,4.74,4.77,2.95,1079
7063,0.5,Very Good,E,VVS2,61.7,61,5.09,5.12,3.15,2083
7065,0.9,Ideal,E,VS1,61.7,56,6.19,6.22,3.83,6230
7066,1.02,Premium,D,SI2,62.3,58,6.42,6.37,3.99,4044
7068,0.45,Premium,E,SI1,62.8,58,4.88,4.84,3.05,1091
7072,0.73,Ideal,G,SI1,60.1,57,5.87,5.91,3.54,2548
7073,1,Premium,F,VS2,61.7,56,6.48,6.39,3.97,6608
7075,0.57,Very Good,I,SI1,62.5,58,5.22,5.27,3.28,1180
7076,0.33,Ideal,E,VS2,62.6,57,4.42,4.37,2.75,928
7078,0.31,Ideal,H,VS2,63,57,4.34,4.32,2.73,628
7082,2.08,Good,I,SI2,63.8,58,8.1,8.02,5.14,14084
7086,0.37,Premium,F,SI1,61.5,59,4.59,4.62,2.83,616
7089,0.37,Premium,F,VS2,60.5,59,4.62,4.67,2.81,696
7097,0.7,Premium,H,VS2,61.7,59,5.66,5.68,3.5,2010
7100,2.07,Premium,I,SI1,62.3,60,8.16,8.12,5.07,15992
7101,0.38,Ideal,G,SI2,61.2,56,4.7,4.74,2.89,602
7102,0.74,Premium,F,VS2,61.7,58,5.85,5.78,3.59,2805
7107,0.71,Very Good,J,VS1,62.4,58,5.67,5.7,3.55,2061
7109,0.38,Ideal,F,VS1,61.3,56,4.68,4.72,2.88,1116
7112,0.3,Ideal,F,VVS1,62.6,55,4.28,4.31,2.69,814
7114,0.23,Very Good,E,VVS1,60.8,56,3.94,3.99,2.41,499
7117,0.35,Premium,D,SI1,62.1,58,4.51,4.54,2.81,644
7118,0.36,Ideal,E,SI1,61.9,56,4.53,4.58,2.82,631
7119,0.9,Very Good,F,SI1,61.4,58,6.18,6.23,3.81,4379
7120,0.34,Ideal,D,I1,61.4,55,4.5,4.52,2.77,413
7124,1.7,Premium,I,VS1,61.5,58,7.74,7.64,4.73,8840
7127,2.18,Ideal,F,SI2,62.6,55,8.27,8.22,5.16,14277
7128,0.38,Ideal,I,VS1,61.5,53.9,4.66,4.7,2.89,703
7131,0.98,Fair,F,SI2,61.6,66,6.46,6.24,3.92,2958
7132,0.5,Very Good,E,VS2,62.1,62,5.08,5.1,3.16,1451
7133,0.33,Premium,F,VS2,62.1,59,4.44,4.39,2.74,854
7140,0.94,Good,I,SI2,63.8,60,6.14,6.21,3.94,3134
7142,0.3,Ideal,E,VVS2,62.3,54.1,4.28,4.34,2.69,779
7143,1.21,Good,J,SI2,61.1,60.8,6.83,6.89,4.18,4824
7147,1.09,Ideal,G,VS1,62.5,56,6.63,6.55,4.12,6856
7151,1.16,Ideal,I,SI2,62.6,56,6.73,6.68,4.2,4560
7152,0.81,Good,D,SI2,63.8,55,5.91,5.89,3.77,2604
7153,1,Very Good,E,VS2,61.9,57,6.35,6.38,3.94,6732
7156,1.18,Ideal,E,VVS2,61.6,58,6.78,6.82,4.19,11184
7157,0.91,Premium,D,SI2,62.4,56,6.2,6.17,3.86,3949
7158,0.92,Fair,H,VS1,56,60,6.53,6.51,3.65,3924
7161,1.53,Very Good,D,SI1,59.2,57,7.52,7.55,4.46,11873
7162,0.31,Ideal,I,SI1,62.1,54,4.37,4.39,2.72,436
7163,1.08,Ideal,E,SI1,62.6,57,6.56,6.53,4.1,5189
7166,1.51,Premium,E,VS1,62.7,58,7.33,7.25,4.57,16669
7169,0.7,Very Good,F,VS2,61.7,60,5.63,5.65,3.48,2744
7175,0.4,Premium,E,VS2,62.2,58,4.72,4.67,2.92,975
7176,2.13,Premium,H,SI2,62.3,57,8.24,8.16,5.11,17073
7184,0.8,Very Good,E,VS1,60.7,60,6,6.09,3.67,4118
7190,0.43,Ideal,G,SI2,61.1,55,4.92,4.9,3,800
7192,1.26,Ideal,H,VS1,61.4,56,7.01,6.97,4.29,7691
7196,1.12,Ideal,G,VVS2,61.5,57,6.65,6.67,4.1,10305
7198,0.5,Very Good,I,VVS1,62.8,61,4.98,5.05,3.15,1448
7199,0.32,Good,E,SI1,63.1,56,4.34,4.37,2.75,524
7203,0.52,Ideal,E,VS2,61.7,55,5.21,5.16,3.2,1815
7204,0.91,Very Good,I,VS2,59.9,58,6.35,6.27,3.78,4008
7207,0.3,Very Good,G,SI1,62.7,58,4.22,4.27,2.66,447
7210,0.31,Very Good,G,VVS2,62.1,56,4.27,4.33,2.67,707
7214,0.41,Ideal,J,VS1,62.7,57,4.72,4.75,2.97,647
7216,0.47,Premium,G,SI1,59.5,60,5.09,5.06,3.02,1110
7219,0.41,Ideal,F,VVS1,61.9,56,4.77,4.79,2.96,1295
7220,0.52,Very Good,G,VS1,60.2,57,5.22,5.26,3.15,1618
7221,0.57,Ideal,H,SI1,61.8,55,5.31,5.37,3.3,1292
7227,0.41,Ideal,H,IF,62.1,56,4.76,4.74,2.95,1243
7231,0.35,Ideal,E,VVS1,62,56,4.51,4.58,2.82,1044
7232,0.72,Very Good,G,VVS2,60.1,60,5.79,5.82,3.49,3449
7233,0.56,Ideal,F,VS1,61.7,56,5.33,5.3,3.28,2016
7236,1.03,Premium,E,SI2,62,59,6.49,6.42,4,4974
7237,0.56,Ideal,D,VS2,61.1,56,5.3,5.33,3.25,1963
7241,0.31,Ideal,D,VS2,61.8,56,4.36,4.32,2.68,942
7243,1.12,Premium,E,SI1,58.8,61,6.8,6.74,3.98,5547
7244,1.21,Premium,D,VS1,62.6,56,6.83,6.74,4.25,10706
7246,0.55,Ideal,F,VS1,60.6,56,5.33,5.37,3.24,1890
7249,0.51,Ideal,E,VS2,62,54,5.13,5.1,3.17,1662
7250,0.85,Ideal,E,VS2,59.3,57,6.19,6.22,3.68,3924
7251,0.3,Premium,E,VS2,62.4,59,4.26,4.3,2.67,658
7260,0.5,Very Good,D,VS2,63.4,57,5.09,5.04,3.21,1758
7262,1.29,Premium,D,SI2,59.4,62,7.06,6.99,4.17,6935
7270,0.7,Good,D,SI2,58.2,63,5.78,5.83,3.38,2583
7271,0.56,Ideal,F,SI1,60.1,58,5.36,5.39,3.23,1394
7272,0.7,Fair,F,SI2,66.4,56,5.51,5.42,3.63,1564
7274,0.71,Good,G,VS2,64,55,5.65,5.67,3.62,2599
7277,1.52,Very Good,G,VS2,60.8,57,7.41,7.49,4.53,12596
7281,0.31,Fair,E,VS2,54.2,63,4.61,4.51,2.47,814
7286,0.34,Premium,I,SI1,61.3,61,4.49,4.45,2.74,574
7288,1.13,Ideal,H,SI2,60.4,56,6.78,6.7,4.07,3797
7290,0.32,Ideal,H,IF,62.1,54,4.41,4.45,2.75,814
7291,0.71,Ideal,I,VVS2,61.6,56,5.72,5.8,3.56,2145
7292,0.52,Very Good,F,VVS2,62.1,58,5.12,5.16,3.19,2064
7297,1.41,Very Good,H,SI1,62.6,59,7.08,7.14,4.45,8283
7298,0.36,Ideal,D,SI2,62,56,4.56,4.6,2.84,537
7300,0.41,Ideal,E,VVS2,61.1,56,4.85,4.8,2.95,1243
7306,1.16,Ideal,D,VS2,62.1,57,6.73,6.7,4.17,8185
7308,0.51,Ideal,H,SI2,61.9,54,5.13,5.15,3.18,983
7309,0.64,Ideal,F,VS1,61.9,56.8,5.55,5.6,3.45,2222
7311,0.42,Premium,E,SI1,62,58,4.82,4.85,3,722
7312,0.55,Premium,D,SI1,61,58,5.29,5.27,3.22,1819
7314,1.19,Premium,J,SI2,58.4,60,6.98,6.92,4.06,4198
7317,0.32,Premium,G,VS2,59.8,59,4.48,4.52,2.69,561
7319,0.7,Very Good,D,SI1,59.4,63,5.78,5.76,3.43,2628
7322,2,Very Good,F,SI1,57.9,60,8.28,8.34,4.81,18759
7323,0.71,Premium,F,SI1,61.6,57,5.73,5.7,3.52,2381
7325,1.5,Very Good,E,SI2,63.5,59,7.28,7.25,4.61,9450
7326,0.4,Premium,G,VVS2,59.7,58,4.78,4.8,2.86,982
7329,1.14,Ideal,G,VVS1,61,56,6.75,6.8,4.13,9037
7332,2.1,Ideal,J,VS2,61.5,61,8.21,8.16,5.03,13462
7333,0.41,Very Good,H,VVS2,63.1,58,4.71,4.74,2.98,847
7335,1.53,Premium,H,VVS2,60.4,60,7.46,7.41,4.49,12092
7337,1.51,Good,I,SI1,63.9,63,7.17,7.2,4.59,7233
7338,0.9,Very Good,D,SI1,59.5,57,6.19,6.34,3.73,4419
7348,1.27,Ideal,E,SI2,60.2,57,7.09,7.14,4.28,6383
7349,0.59,Ideal,E,VVS2,61.1,57,5.39,5.41,3.3,2911
7351,1.01,Premium,D,SI1,61.6,62,6.44,6.38,3.95,5701
7354,0.7,Premium,E,SI2,62.9,59,5.67,5.59,3.54,2307
7355,0.7,Premium,H,SI2,62.1,62,5.67,5.63,3.51,1999
7357,0.33,Very Good,E,IF,61.8,55,4.47,4.52,2.78,957
7359,0.52,Ideal,D,VVS1,62,57,5.15,5.17,3.2,3218
7360,0.25,Ideal,G,VS1,62.5,55,4,4.02,2.51,454
7362,0.4,Good,E,SI1,63.9,58,4.67,4.63,2.97,882
7363,0.31,Good,F,SI1,63.5,56,4.3,4.33,2.74,516
7365,0.52,Ideal,G,VS2,61.9,55,5.15,5.19,3.2,1586
7366,0.3,Premium,F,IF,60.7,58,4.37,4.33,2.64,1013
7368,0.9,Good,D,SI2,59.5,62,6.2,6.23,3.7,3798
7375,0.33,Ideal,D,VS1,61,56,4.47,4.45,2.72,1077
7378,0.81,Very Good,G,SI2,62.7,56,5.91,5.96,3.72,2649
7382,1.5,Good,G,SI2,57.5,63,7.53,7.49,4.32,6006
7387,0.73,Fair,F,SI2,53.4,65,6.19,6.15,3.3,2164
7392,0.84,Very Good,E,SI2,62.1,58,6.02,6.09,3.76,3125
7394,0.24,Ideal,I,VS1,62,56,4,4.01,2.48,432
7395,0.33,Ideal,D,VS2,62.6,56,4.39,4.43,2.76,781
7396,0.34,Premium,G,VS2,62,59,4.43,4.47,2.76,596
7402,0.33,Premium,G,VS1,59.2,59,4.54,4.51,2.68,854
7405,0.74,Very Good,D,SI2,63.1,58,5.69,5.79,3.62,2713
7407,1.01,Good,F,SI1,63.5,59,6.3,6.39,4.03,4759
7415,0.36,Very Good,D,SI2,63,59,4.49,4.52,2.84,501
7418,0.38,Ideal,E,VS1,60.8,56,4.7,4.75,2.86,940
7420,0.41,Premium,F,VS1,61.1,58,4.78,4.74,2.91,1076
7421,0.38,Ideal,F,VS2,61.2,57,4.67,4.64,2.85,889
7422,0.33,Very Good,H,VS1,62.9,59,4.35,4.4,2.75,579
7423,2.2,Ideal,G,SI2,59.9,57,8.54,8.49,5.1,14691
7426,1,Premium,F,SI1,60.3,58,6.47,6.43,3.89,5292
7429,0.53,Ideal,I,VS1,61.6,57,5.21,5.18,3.2,1383
7430,1.25,Premium,J,SI2,61.5,57,7,6.93,4.28,4690
7432,1.01,Good,F,VS2,62.1,58,6.28,6.35,3.92,6288
7433,1,Premium,D,VS2,61.2,61,6.39,6.35,3.9,6303
7437,0.3,Premium,D,VS2,60.6,59,4.28,4.36,2.62,710
7441,0.92,Fair,F,SI1,66,57,6.04,5.99,3.97,3323
7442,0.53,Ideal,F,VS1,61.8,56,5.2,5.22,3.22,1812
7446,0.54,Good,H,SI1,59.4,65,5.31,5.22,3.13,1131
7448,0.58,Ideal,D,VVS1,61.6,60,5.34,5.35,3.29,3154
7451,0.55,Premium,F,SI1,60.7,57,5.3,5.27,3.21,1415
7452,1.05,Very Good,D,VS2,62.9,57,6.39,6.51,4.06,6373
7456,0.4,Very Good,G,SI1,63.1,56,4.75,4.72,2.99,840
7458,1.71,Ideal,H,SI1,62.2,56,7.74,7.7,4.8,12641
7459,1.2,Ideal,J,SI1,63,57,6.74,6.64,4.24,4234
7460,0.7,Good,F,VS1,59.7,63,5.76,5.79,3.45,2819
7462,0.23,Ideal,G,IF,61.8,56,3.92,3.94,2.43,536
7467,0.96,Ideal,G,SI2,61.7,57,6.35,6.3,3.9,3858
7468,0.31,Ideal,G,VVS2,62.1,56,4.33,4.27,2.67,907
7470,1.03,Ideal,E,SI1,62.2,57,6.42,6.48,4.01,5234
7473,0.91,Premium,G,SI2,61.3,60,6.17,6.2,3.79,3423
7477,0.71,Very Good,F,VS2,63.5,60,5.64,5.67,3.59,2630
7479,1,Ideal,F,VS2,61.7,58,6.37,6.43,3.95,6424
7481,2.03,Fair,F,SI1,65.4,58,7.9,7.84,5.15,16280
7482,0.43,Ideal,D,VS2,62,55,4.81,4.86,3,1056
7484,0.55,Ideal,G,SI1,60.9,56,5.3,5.32,3.24,1421
7487,0.71,Premium,F,VS2,59.6,59,5.81,5.77,3.45,2686
7488,1.01,Ideal,H,VS2,62.7,56,6.4,6.35,4,5260
7489,0.33,Ideal,H,VVS2,60.9,57,4.48,4.52,2.74,666
7492,1.41,Good,E,VVS2,59.9,61,7.21,7.37,4.37,14853
7494,0.36,Ideal,H,VVS2,62.3,57,4.52,4.57,2.83,726
7496,1.02,Premium,D,SI1,60.6,59,6.53,6.47,3.94,5998
7499,1.51,Fair,J,SI1,63.4,60,7.31,7.18,4.59,6976
7500,0.3,Premium,E,VS2,62,60,4.26,4.23,2.63,844
7505,1.16,Ideal,G,VS1,60.9,55,6.79,6.84,4.15,9248
7506,0.7,Ideal,D,VVS2,61.7,55,5.73,5.75,3.54,5539
7507,0.24,Very Good,F,VS1,61,57,4.01,4.04,2.45,461
7511,0.7,Very Good,I,VVS1,62.9,58,5.65,5.67,3.56,2513
7513,0.5,Premium,E,SI1,63,58,5.08,5.04,3.19,1415
7517,0.56,Ideal,E,SI1,60.9,56,5.32,5.35,3.25,1580
7518,0.93,Ideal,E,SI2,60.5,54,6.4,6.38,3.87,4858
7524,1.05,Ideal,F,VVS2,61.5,57,6.51,6.57,4.02,9138
7527,2.07,Premium,E,SI2,61.4,58,8.24,8.19,5.04,13786
7529,0.7,Ideal,E,SI1,62.7,55,5.68,5.74,3.58,2774
7531,0.91,Ideal,G,SI2,62.3,56,6.18,6.22,3.86,3664
7532,0.74,Ideal,G,SI1,61.9,55,5.8,5.83,3.6,3130
7534,0.5,Premium,F,VVS2,62.3,58,5.06,5.11,3.17,2052
7538,0.72,Very Good,H,SI2,63.5,58,5.65,5.68,3.6,1942
7541,0.8,Ideal,G,SI2,61.6,56,5.97,6.01,3.69,2856
7546,0.31,Very Good,G,VVS1,59.8,62,4.35,4.41,2.62,761
7547,0.31,Ideal,G,VS2,62.1,55,4.35,4.38,2.71,577
7549,0.63,Very Good,H,VVS2,63.2,60,5.49,5.39,3.44,1932
7550,2.02,Very Good,I,VS2,58.8,57,8.21,8.29,4.85,14620
7553,1.04,Ideal,H,SI1,61.9,57,6.49,6.46,4.01,4515
7555,0.5,Ideal,D,SI2,62.4,56,5.1,5.06,3.17,1332
7556,0.53,Ideal,H,SI2,61.6,54,5.22,5.26,3.23,1020
7558,0.31,Very Good,D,VS2,61.8,57,4.36,4.41,2.71,734
7559,0.8,Ideal,E,SI2,60.9,57,6,6.03,3.66,3251
7562,0.91,Very Good,G,VS2,62.3,59,6.13,6.17,3.83,5484
7564,1.01,Ideal,G,VS2,61.9,56,6.4,6.44,3.97,7179
7566,0.43,Very Good,F,SI1,62.5,56,4.82,4.85,3.02,792
7567,0.72,Very Good,F,SI1,62.2,59,5.72,5.76,3.57,2404
7571,0.7,Ideal,G,VS2,60,57,5.8,5.84,3.49,2633
7572,0.41,Ideal,G,VS2,62.4,54,4.81,4.78,2.99,1061
7574,0.7,Good,D,SI1,63.6,60,5.59,5.51,3.51,2512
7575,1.19,Very Good,H,SI1,62.7,61,6.66,6.73,4.2,5595
7578,1.01,Very Good,G,VVS2,59.7,59,6.5,6.56,3.9,7226
7580,1.03,Very Good,F,VS1,61.7,56,6.47,6.49,4,6662
7584,1.02,Premium,D,VS2,62.5,58,6.4,6.37,3.99,7643
7585,2.01,Ideal,I,VS2,64.8,55,7.91,7.87,5.12,15729
7586,1.19,Very Good,H,VS2,60.5,59,6.97,7,4.17,6781
7588,1.02,Good,E,VS2,63.2,60,6.29,6.34,3.99,6462
7590,1.22,Premium,G,SI1,62.3,58,6.83,6.76,4.23,6288
7591,1.01,Ideal,H,SI1,61.2,57,6.42,6.47,3.95,5387
7593,0.3,Very Good,E,VS2,62.9,58,4.22,4.27,2.67,658
7597,0.4,Very Good,G,SI1,63.3,58,4.69,4.66,2.96,840
7598,0.63,Premium,H,VVS1,61.3,61,5.49,5.44,3.35,2177
7604,1.67,Premium,I,VS1,61.1,58,7.69,7.6,4.67,11400
7607,0.5,Premium,D,SI1,62.4,60,5.07,5.09,3.17,1436
7611,0.33,Fair,F,VVS2,65.7,54,4.37,4.3,2.85,693
7612,1.02,Fair,F,SI1,64.8,59,6.33,6.23,4.07,5255
7617,1.01,Premium,G,SI2,59.1,59,6.55,6.51,3.86,4242
7618,0.41,Good,E,VS1,63.5,54,4.71,4.74,3,935
7619,1.5,Very Good,D,SI2,63.1,56,7.17,7.28,4.56,9783
7620,0.54,Premium,E,VVS2,61,59,5.28,5.27,3.22,2313
7622,0.7,Good,I,VS1,61.1,61,5.65,5.7,3.47,2443
7624,1.02,Ideal,H,SI2,60.5,60,6.56,6.53,3.96,4225
7625,0.71,Premium,F,SI1,62.3,60,5.68,5.65,3.53,2458
7626,1.51,Ideal,E,VS2,61.2,57,7.47,7.37,4.54,15025
7627,0.78,Very Good,D,VS2,59.8,60,5.97,6.03,3.59,3672
7629,1.62,Premium,E,SI2,61.8,59,7.55,7.52,4.66,9526
7634,0.57,Ideal,E,VS1,62,55,5.31,5.34,3.3,2177
7635,1.04,Premium,G,SI2,62.8,59,6.47,6.42,4.05,3564
7636,1.59,Ideal,J,VVS2,60.3,57,7.65,7.58,4.59,8227
7639,1.09,Premium,G,SI2,61.1,59,6.69,6.63,4.07,4794
7642,1,Good,G,SI1,63.1,56,6.31,6.41,4.01,4218
7645,1.02,Ideal,E,SI1,62.2,54.7,6.44,6.47,4.01,5840
7649,0.33,Ideal,G,VVS2,62.7,55,4.46,4.41,2.78,965
7652,1,Very Good,H,SI1,61.9,58,6.3,6.37,3.92,4953
7653,0.4,Premium,G,VVS2,62.7,59,4.72,4.69,2.95,1050
7656,0.31,Ideal,F,VS2,62.3,55,4.33,4.3,2.69,802
7657,1.51,Very Good,G,VS1,61.8,57,7.31,7.42,4.55,13348
7658,0.36,Ideal,G,SI1,,55,4.59,4.54,2.86,689
7660,0.33,Ideal,E,VS2,62.8,56,4.45,4.41,2.78,928
7661,0.9,Very Good,G,SI1,63.3,56,6.08,6.11,3.86,3752
7669,0.7,Ideal,H,VS1,61,56,5.75,5.79,3.51,3185
7670,1.01,Fair,E,SI2,67.4,60,6.19,6.05,4.13,2797
7677,0.32,Very Good,I,SI1,62.8,58,4.34,4.39,2.74,432
7678,0.72,Ideal,D,VS1,61.6,56,5.73,5.8,3.55,3522
7679,1.36,Very Good,E,SI2,61.7,59,7.09,7.2,4.41,7288
7681,1.21,Premium,J,SI1,62.7,57,6.77,6.72,4.23,4391
7685,0.77,Good,D,VS2,63.1,57,5.83,5.86,3.69,3489
7686,1.51,Premium,D,VS2,61.7,58,7.33,7.29,4.51,15531
7687,0.51,Good,F,SI1,64.2,59,5.04,5.02,3.23,1406
7688,0.9,Very Good,F,SI1,62.6,57,6.16,6.2,3.87,3950
7690,0.4,Good,F,SI1,63.1,58,4.66,4.69,2.95,687
7691,2.03,Very Good,E,SI2,,58,7.91,7.94,5.05,16412
7693,0.34,Good,E,SI2,63.7,55,4.43,4.46,2.83,477
7695,0.5,Ideal,D,VS2,62.5,54,5.05,5.09,3.17,1752
7706,0.45,Good,G,VS1,64.1,58.8,4.79,4.86,3.09,1127
7715,0.71,Very Good,D,VS1,62,61,5.71,5.74,3.55,3420
7718,2.25,Good,J,SI1,62.4,61,8.29,8.35,5.19,15287
7720,0.33,Ideal,H,VVS1,62.5,56,4.44,4.42,2.77,901
7723,0.3,Premium,J,VS1,62.6,58,4.28,4.31,2.69,394
7725,1.02,Premium,G,VS2,62.6,59,6.43,6.39,4.01,6087
7726,0.32,Very Good,E,SI1,63.4,56,4.34,4.31,2.74,672
7731,0.51,Good,H,SI1,,56,5.07,5.1,3.24,1119
7732,0.2,Premium,F,VS2,62.6,59,3.73,3.71,2.33,367
7733,1.53,Premium,J,VVS1,61.6,59,7.35,7.39,4.54,9384
7734,0.34,Ideal,F,VVS2,61.7,55,4.49,4.52,2.78,784
7735,0.72,Premium,E,SI1,62.8,52,5.78,5.72,3.61,2333
7736,1,Premium,I,SI2,62.6,56,6.4,6.34,3.99,3830
7737,1.1,Ideal,H,SI2,62.6,56,6.65,6.57,4.14,4620
7740,0.31,Ideal,G,IF,62.7,57,4.31,4.34,2.71,924
7741,0.38,Ideal,D,VVS2,60.3,57,4.71,4.77,2.86,992
7744,0.24,Premium,H,VVS1,61.2,58,3.96,4.01,2.44,432
7750,0.77,Good,F,SI1,64.2,52,5.81,5.77,3.72,2789
7755,1.05,Good,D,SI1,63.7,59,6.42,6.38,4.08,6174
7757,1.13,Ideal,F,SI2,61.8,57,6.71,6.68,4.14,5232
7759,1.02,Very Good,G,SI2,62.9,59,6.38,6.4,4.02,4291
7760,0.7,Very Good,E,SI1,62.9,57,5.6,5.66,3.54,2349
7763,0.31,Ideal,D,VVS2,60.9,57,4.38,4.42,2.68,777
7768,1.31,Good,H,SI2,,57,6.9,6.84,4.41,5429
7769,0.51,Premium,E,SI2,61.8,58,5.08,5.11,3.15,1177
7772,1.31,Ideal,H,VS1,62.5,56,6.95,7.03,4.37,8617
7773,1.01,Premium,E,VS2,59.2,59,6.67,6.6,3.93,7287
7774,0.31,Ideal,G,VS1,61.3,56.4,4.36,4.39,2.69,652
7777,0.8,Ideal,D,SI1,62.7,57,5.88,5.92,3.7,3564
7779,0.38,Ideal,E,VVS1,62.4,56,4.64,4.67,2.9,1267
7780,0.93,Ideal,I,SI1,61.9,57,6.23,6.21,3.85,3359
7782,0.34,Ideal,D,VS2,61,56,4.51,4.54,2.76,967
7783,0.41,Ideal,F,VVS1,61.7,57,4.8,4.77,2.95,1356
7784,0.54,Ideal,E,SI1,61.7,56,5.27,5.24,3.24,1571
7785,1.01,Good,E,VS1,63.6,54,6.38,6.32,4.04,7466
7787,0.25,Premium,F,VVS2,62,59,4.04,3.99,2.49,740
7788,0.92,Good,H,VS1,62.3,63,6.18,6.3,3.88,4116
7790,0.96,Fair,G,SI2,72.2,56,6.01,5.81,4.28,2438
7791,0.56,Good,F,VS1,58.6,62,5.3,5.45,3.16,1712
7794,0.97,Very Good,G,VVS1,61.9,54,6.33,6.36,3.93,7415
7797,1.18,Good,G,SI1,64.2,62,6.6,6.51,4.25,4678
7800,1.05,Good,E,VS1,63.1,59,6.45,6.49,4.08,7826
7802,0.32,Ideal,J,IF,61,57,4.42,4.46,2.71,521
7804,0.54,Ideal,D,VS1,62.1,57,5.19,5.22,3.23,2004
7806,0.65,Ideal,D,VVS1,,57,5.58,5.61,3.41,5052
7807,1.11,Ideal,E,SI2,62,57,6.67,6.63,4.12,4196
7808,1.03,Ideal,H,VVS2,62.2,55,6.43,6.49,4.03,6638
7810,0.59,Premium,E,VS2,62.5,56,5.4,5.36,3.36,2578
7816,0.3,Premium,D,VS1,59.4,60,4.38,4.34,2.59,848
7821,0.31,Ideal,I,SI1,63,57,4.34,4.32,2.73,523
7822,1.18,Good,E,SI2,63.6,57,6.74,6.72,4.28,4071
7824,0.56,Ideal,D,VS2,62.1,57,5.25,5.28,3.27,1963
7825,0.36,Very Good,F,VS2,63.1,57,4.53,4.51,2.85,708
7827,0.41,Very Good,F,VS1,61.5,57,4.77,4.81,2.95,974
7828,0.91,Premium,H,VS1,59.2,62,6.2,6.14,3.65,3881
7829,0.41,Premium,G,VS1,61.5,58,4.8,4.76,2.94,961
7830,1.08,Ideal,I,SI1,62.6,54,6.56,6.51,4.09,5141
7831,0.73,Ideal,D,SI2,61.8,57,5.75,5.78,3.56,2671
7834,0.42,Premium,G,VVS1,60.2,59,4.84,4.82,2.91,1235
7836,1.25,Premium,H,VS2,60.4,59,6.96,6.92,4.19,7378
7838,1.28,Very Good,I,VS1,62.8,57,6.9,6.95,4.35,6726
7839,2.03,Fair,H,SI1,65.4,58,7.91,7.88,5.16,14646
7840,1.28,Ideal,J,SI1,61.2,57,7.02,6.96,4.28,4967
7841,0.32,Ideal,I,VS1,62.4,54,4.39,4.36,2.73,648
7843,1.01,Fair,D,VVS2,65.4,57,6.2,6.16,4.04,8716
7844,0.75,Ideal,F,SI1,62.3,57,5.82,5.77,3.61,2744
7845,1.27,Very Good,H,SI1,62.3,58,6.87,6.94,4.3,7125
7849,0.53,Very Good,F,SI1,62.9,57,5.15,5.18,3.25,1268
7854,1.01,Premium,F,VS2,62.3,58,6.34,6.3,3.94,6271
7864,0.33,Premium,G,VS1,61.6,57,4.51,4.42,2.75,797
7867,1.96,Fair,I,I1,66.8,55,7.62,7.6,5.08,6147
7868,0.5,Ideal,E,SI1,61.8,56,5.11,5.07,3.14,1617
7869,0.31,Ideal,E,SI1,62.1,56,4.35,4.38,2.71,582
7874,0.32,Ideal,J,VVS1,62.3,54,4.41,4.43,2.75,494
7875,0.55,Good,I,VVS2,61,61,5.32,5.36,3.26,1384
7876,0.9,Ideal,E,SI1,59.1,59,6.31,6.37,3.75,4439
7878,1.01,Ideal,D,SI1,60.8,56,6.54,6.48,3.96,5939
7881,1.06,Premium,F,VS2,61.2,57,6.64,6.49,4.02,5942
7882,0.24,Ideal,F,VVS2,61.5,56,3.99,4.01,2.46,540
7883,1.51,Fair,H,VS1,58,67,7.63,7.57,4.41,11263
7884,0.31,Ideal,E,VS2,61.6,56,4.37,4.4,2.7,680
7886,1.21,Ideal,E,VS1,61.7,56,6.82,6.85,4.22,12111
7893,1.01,Ideal,E,VVS2,62,56,6.43,6.35,4.01,9483
7894,1.83,Very Good,E,SI2,62.8,56,7.76,7.82,4.89,13134
7896,0.9,Good,I,SI2,62.2,59,6.07,6.11,3.79,2800
7897,1.04,Premium,F,SI1,62.5,60,6.46,6.43,4.03,5724
7898,0.33,Premium,G,VS2,59.3,61,4.51,4.49,2.67,743
7899,0.78,Very Good,I,SI2,,58,5.92,5.97,3.6,2271
7900,0.4,Premium,F,SI1,62.2,57,4.72,4.67,2.92,945
7901,1.01,Very Good,G,VS1,62.7,56,6.36,6.46,4.02,6326
7902,0.9,Good,E,SI1,58.3,61,6.24,6.29,3.65,4165
7907,1.51,Fair,D,VS2,66,57,7.17,7.08,4.7,15152
7908,0.72,Very Good,J,VS1,62.8,58,5.71,5.73,3.59,2066
7909,0.31,Premium,G,VVS1,60.7,58,4.4,4.37,2.66,1046
7911,0.73,Ideal,I,VVS1,61.8,57,5.75,5.77,3.56,3239
7913,0.71,Premium,E,SI2,62.1,62,5.7,5.67,3.53,2215
7915,1.02,Very Good,D,SI2,60.9,61,6.47,6.53,3.96,4904
7917,1.2,Very Good,H,VS1,61.8,56,6.82,6.86,4.23,6713
7918,0.24,Good,E,VVS1,58,60,4.08,4.12,2.38,526
7919,1.29,Very Good,I,VS2,61.3,58,6.98,7.04,4.3,6099
7921,0.31,Ideal,F,VVS1,61.1,56,4.37,4.4,2.68,975
7922,1.97,Very Good,H,VS2,62.9,59,7.9,8.01,5,17377
7923,0.31,Good,D,SI2,63.9,57,4.33,4.28,2.75,593
7925,0.54,Premium,D,SI1,60.2,62,5.31,5.25,3.18,1720
7928,0.91,Premium,E,VS2,62.2,60,6.21,6.13,3.84,4676
7930,0.33,Premium,G,VS2,62.6,58,4.4,4.36,2.74,743
7931,0.31,Ideal,G,VVS1,62.5,55,4.33,4.34,2.71,816
7932,1.5,Very Good,H,SI1,63.4,57,7.27,7.23,4.59,7708
7936,0.34,Premium,G,VS2,60.3,54,4.56,4.53,2.74,765
7937,0.77,Premium,F,VS1,62.1,60,5.82,5.77,3.6,3343
7941,0.54,Premium,G,SI2,61.4,59,5.21,5.24,3.21,1090
7943,1.75,Ideal,I,VVS2,62.1,56,7.72,7.69,4.79,14394
7944,0.35,Premium,E,VS2,59.2,58,4.63,4.59,2.73,984
7950,1.25,Premium,G,SI2,61.1,58,6.96,6.91,4.24,4340
7953,1.51,Good,D,SI2,61.7,65,7.31,7.38,4.53,7384
7955,0.64,Premium,D,SI2,62.8,54,5.52,5.5,3.46,1751
7959,0.52,Ideal,G,IF,61.7,56,5.15,5.19,3.19,2267
7960,2.18,Very Good,J,SI1,62.9,59,8.21,8.25,5.18,13812
7962,1.53,Ideal,J,SI1,62.2,58,7.35,7.37,4.58,7721
7963,0.59,Ideal,I,SI1,61.7,55,5.41,5.39,3.33,1352
7966,1.69,Premium,F,VS2,59.8,60,7.79,7.74,4.64,14242
7968,0.71,Premium,F,VS1,,58,5.71,5.67,3.57,2879
7970,0.59,Very Good,F,VS2,62.9,55,5.32,5.39,3.37,1622
7971,0.5,Ideal,E,VS2,61.4,57,5.11,5.08,3.13,1746
7976,1,Very Good,G,VVS2,60.3,62,6.41,6.45,3.88,7163
7977,1.56,Premium,H,VS2,62.2,58,7.41,7.44,4.62,10424
7978,2.52,Ideal,I,SI1,61.5,56,8.76,8.69,5.37,17231
7981,1.01,Ideal,E,VVS2,61.7,55,6.44,6.49,3.99,10852
7982,0.31,Ideal,G,IF,62.2,55,4.35,4.4,2.72,891
7984,0.33,Ideal,G,VS2,61.2,55,4.46,4.49,2.74,579
7987,0.56,Ideal,F,VVS1,62.1,56,5.29,5.3,3.29,2510
7988,0.3,Ideal,F,VS2,61.4,57,4.36,4.34,2.67,776
7993,1.09,Ideal,G,VS1,60.3,57,6.68,6.73,4.04,8305
7999,2.07,Good,I,VS2,61.8,61,8.12,8.16,5.03,18707
8000,0.32,Very Good,F,VS1,62.3,55,4.38,4.42,2.74,696
8001,0.29,Very Good,D,VVS2,62.3,59,4.21,4.26,2.64,664
8009,1.43,Very Good,H,SI1,62.8,58,7.08,7.13,4.46,8069
8013,1.1,Ideal,I,SI1,61.6,55,6.66,6.68,4.11,5199
8016,0.3,Ideal,E,VS2,62.8,56,4.32,4.28,2.7,844
8018,1.58,Very Good,G,VS2,59.6,58,7.59,7.69,4.55,13037
8023,1.59,Ideal,I,VS2,61.1,55,7.54,7.48,4.59,9972
8025,0.61,Very Good,F,VS2,61.8,56,5.42,5.46,3.36,1989
8026,0.3,Good,G,SI1,63.8,56,4.3,4.26,2.73,574
8027,1.11,Ideal,H,SI2,61.3,60,6.68,6.66,4.09,4520
8034,0.7,Ideal,G,SI1,,55,5.7,5.73,3.53,2965
8035,1.01,Good,F,VS2,60.8,61,6.42,6.45,3.91,6271
8036,0.32,Ideal,D,SI1,61.4,57,4.41,4.42,2.71,589
8038,0.24,Ideal,G,VVS1,62.1,56,3.97,4,2.47,559
8039,0.5,Ideal,G,VS2,62.2,54.1,5.07,5.12,3.17,1601
8042,0.31,Premium,I,VVS2,61.7,58,4.38,4.4,2.71,544
8043,1.3,Premium,D,SI1,62.2,58,6.93,6.83,4.28,7426
8044,0.34,Premium,E,VS2,61,59,4.48,4.51,2.74,745
8045,0.33,Ideal,I,SI2,61.8,55,4.49,4.51,2.78,403
8046,0.32,Ideal,E,VS2,,55,4.4,4.42,2.74,702
8049,0.24,Very Good,F,VS1,63,59,3.93,3.97,2.49,419
8053,0.3,Premium,E,VS1,60.6,62,4.3,4.28,2.6,851
8056,1,Very Good,G,VS2,63,58,6.33,6.4,4.01,5940
8057,0.41,Premium,G,SI1,62.7,58,4.74,4.7,2.96,923
8059,0.63,Ideal,I,VS2,62.1,54,5.51,5.54,3.43,1423
8062,0.64,Good,F,I1,57.3,64,5.75,5.69,3.28,1140
8063,1.21,Ideal,E,VVS2,61.7,57,6.8,6.88,4.22,13661
8064,0.41,Ideal,E,VS1,62.7,57,4.76,4.72,2.97,1153
8069,0.31,Ideal,D,SI2,62.3,56,4.38,4.35,2.72,593
8070,0.31,Ideal,D,VS2,61.8,57,4.38,4.36,2.7,942
8073,0.79,Premium,E,VVS1,62.8,60,5.89,5.8,3.67,4490
8074,0.31,Ideal,H,VS2,62.2,53,4.43,4.38,2.74,628
8075,1.01,Very Good,G,VS1,62.8,58,6.34,6.37,3.99,6152
8076,1.33,Very Good,J,SI1,64,53,6.93,7.01,4.46,5327
8078,2.01,Premium,I,VS1,62.9,59,8.03,7.94,5.02,18206
8079,1.37,Premium,F,SI2,62.8,57,7.12,7.08,4.46,6181
8080,0.25,Very Good,D,VVS2,,56,4,4.03,2.52,548
8082,0.38,Ideal,F,VVS1,62,54.7,4.62,4.67,2.88,1101
8083,1.3,Very Good,I,VS1,62.6,57,6.92,6.95,4.34,6819
8087,1.01,Very Good,D,SI1,61.1,58,6.46,6.51,3.96,5619
8088,1.38,Premium,H,VS1,61,60,7.21,7.16,4.38,7233
8091,0.32,Premium,D,VS2,61.7,59,4.43,4.38,2.72,972
8094,0.91,Ideal,G,SI1,60.8,58,6.21,6.29,3.8,4922
8098,0.4,Ideal,G,SI2,62.1,55,4.73,4.74,2.94,926
8100,0.76,Ideal,D,VS1,61.1,54,5.86,5.89,3.59,3353
8101,1,Premium,H,SI1,62.2,51,6.47,6.4,4,3511
8102,0.9,Premium,H,VS2,60,59,6.23,6.16,3.72,3629
8106,1,Good,E,SI2,60.5,61,6.31,6.38,3.84,4004
8109,1.04,Ideal,H,SI1,62.7,54,6.51,6.47,4.07,4515
8110,1.01,Premium,G,VVS2,62.4,59,6.37,6.32,3.96,7466
8111,0.97,Ideal,F,I1,60.7,56,6.43,6.41,3.9,2856
8112,0.38,Ideal,G,SI2,61.7,56,4.64,4.67,2.87,587
8121,0.31,Ideal,F,VVS1,62,55,4.34,4.37,2.7,828
8123,0.4,Good,D,VVS2,60.2,63,4.74,4.8,2.87,1135
8124,0.53,Ideal,G,VS1,61.7,55,5.18,5.22,3.21,1607
8125,0.7,Ideal,H,VS1,61.7,55,5.69,5.72,3.52,3004
8129,0.39,Very Good,F,VVS2,63.3,56,4.63,4.66,2.94,944
8131,0.53,Very Good,G,VS1,62.2,59,5.14,5.18,3.21,1664
8138,0.43,Ideal,E,SI1,62.6,56,4.79,4.82,3.01,760
8139,1.03,Ideal,H,SI1,59.8,57,6.64,6.57,3.95,5018
8141,0.57,Premium,D,VS1,60.6,59,5.38,5.32,3.24,2360
8142,0.41,Very Good,G,SI1,62.8,58,4.72,4.74,2.97,671
8143,0.32,Ideal,G,IF,61.2,57,4.43,4.4,2.7,1020
8146,0.71,Ideal,G,VVS1,62.8,56,5.71,5.76,3.6,3254
8156,1,Ideal,G,SI1,61.9,56,6.37,6.45,3.97,4997
8160,1.5,Very Good,H,SI1,62,63,7.24,7.19,4.47,7459
8162,0.32,Ideal,E,VS2,62,54,4.41,4.37,2.72,900
8163,1.27,Ideal,I,VS2,62.6,57,6.92,6.88,4.32,6401
8164,1.58,Premium,G,VS2,62.6,59,7.44,7.47,4.67,13014
8168,0.3,Very Good,J,VS1,62.4,58,4.26,4.3,2.67,394
8169,0.34,Ideal,E,VS1,62,56,4.52,4.48,2.79,1033
8171,0.7,Good,G,VS2,62.1,61,5.68,5.69,3.53,2367
8174,1.34,Ideal,J,VS1,62,57,7.12,7.04,4.39,6010
8176,0.7,Premium,F,VS2,63,61,5.64,5.59,3.54,2648
8177,1.14,Ideal,E,SI2,62.4,57,6.64,6.7,4.16,5473
8179,0.43,Very Good,D,SI2,63.3,57,4.82,4.79,3.04,858
8180,0.79,Premium,D,SI1,61.4,59,5.96,5.89,3.64,3058
8182,0.42,Ideal,G,SI2,62.3,55,4.8,4.83,3,686
8184,0.3,Ideal,D,SI1,61.7,57,4.28,4.31,2.65,524
8185,1.21,Premium,G,VS1,59.5,58,7.01,6.97,4.16,8456
8186,0.9,Ideal,F,SI1,61,56,6.17,6.19,3.77,5122
8191,1.06,Very Good,G,SI1,63.4,58,6.44,6.47,4.09,5163
8192,1.49,Premium,G,VS1,60.8,62,7.41,7.36,4.49,12900
8193,0.3,Premium,H,VS1,60.4,61,4.34,4.3,2.61,675
8195,0.61,Ideal,F,VS1,61.9,57,5.42,5.46,3.37,2246
8198,2.19,Premium,J,SI2,61.8,60,8.35,8.25,5.13,13355
8200,0.41,Ideal,F,VS1,,55,4.77,4.79,2.98,1007
8203,0.38,Very Good,H,VVS1,60,57,4.75,4.79,2.86,975
8204,0.32,Premium,H,SI2,60.4,59,4.42,4.39,2.66,504
8206,0.29,Very Good,F,VS1,61.2,58,4.24,4.29,2.61,504
8207,1.54,Ideal,I,VS1,61.3,55,7.39,7.47,4.56,12401
8208,2,Fair,G,SI2,65.1,54,7.88,7.82,5.11,11156
8209,1.53,Premium,F,VS2,58.5,60,7.62,7.56,4.44,14483
8212,0.32,Ideal,D,SI2,62.8,57,4.38,4.35,2.74,612
8215,0.27,Very Good,F,VVS1,61.8,55,4.13,4.16,2.56,604
8217,0.71,Ideal,D,VS2,59.9,57,5.8,5.83,3.48,3540
8220,0.32,Ideal,G,VS1,61.2,57,4.4,4.43,2.7,645
8222,1.01,Fair,G,SI1,66.9,56,6.15,6.22,4.14,4102
8227,1.09,Very Good,I,SI2,63.8,57,6.5,6.55,4.16,4078
8228,0.32,Very Good,G,VS2,59.9,57,4.47,4.51,2.69,561
8232,0.32,Very Good,H,VVS2,60.2,60,4.45,4.48,2.69,645
8233,0.31,Ideal,I,VVS1,62.2,53,4.36,4.38,2.72,557
8234,1.03,Premium,I,VS1,60.1,59,6.53,6.46,3.9,4199
8235,0.36,Premium,F,SI1,60.2,58,4.6,4.63,2.78,576
8237,1.01,Ideal,F,VS2,61,57,6.38,6.5,3.93,6416
8241,0.9,Fair,H,VS2,64.7,58,5.98,6.01,3.88,3697
8242,0.31,Very Good,F,VVS2,61.6,56,4.34,4.38,2.68,711
8243,0.3,Ideal,H,VS2,61.7,57,4.28,4.32,2.65,454
8245,0.26,Ideal,F,VS1,62.4,53,4.11,4.13,2.57,618
8253,0.3,Ideal,F,VS1,61.5,55,4.33,4.35,2.67,587
8256,0.59,Ideal,G,SI1,63.4,56,5.36,5.29,3.38,1376
8257,0.3,Ideal,D,VS2,62.5,57,4.29,4.25,2.67,911
8259,1.2,Good,I,SI1,63.9,56,6.62,6.69,4.25,5211
8260,1,Good,G,VS2,63.8,59,6.26,6.34,4.02,5148
8263,1.52,Ideal,I,VS2,62.1,59,7.3,7.35,4.55,9465
8265,1.08,Premium,F,SI2,59.9,58,6.75,6.66,4.01,3931
8266,0.28,Ideal,F,IF,,53,4.18,4.19,2.62,787
8270,0.34,Very Good,F,SI2,61.7,61,4.44,4.48,2.75,447
8271,1.2,Very Good,I,IF,59.1,61,6.91,6.99,4.11,7141
8274,0.26,Ideal,E,VVS2,61.3,57,4.12,4.15,2.53,733
8277,1.69,Ideal,H,I1,62,56,7.66,7.61,4.73,6757
8278,0.32,Ideal,H,VVS1,61.6,56,4.41,4.39,2.71,936
8283,0.33,Ideal,I,VVS2,62.4,56,4.43,4.41,2.76,743
8284,0.9,Premium,I,SI1,63,60,6.08,5.99,3.8,3377
8286,1.1,Very Good,E,SI2,63.3,56,6.58,6.53,4.15,4140
8288,0.9,Very Good,H,VS1,63.6,55,6.15,6.11,3.9,4685
8289,0.5,Good,G,VVS2,61.2,63.3,5.06,5.08,3.1,1690
8291,1.06,Very Good,I,SI1,60.2,59,6.62,6.67,4,4507
8292,1.49,Very Good,G,SI2,62.5,58,7.2,7.26,4.52,7773
8294,0.54,Ideal,D,SI1,60.7,56,5.27,5.3,3.21,1662
8298,0.73,Premium,G,SI1,62.8,59,5.76,5.68,3.59,2351
8301,0.53,Very Good,F,SI1,60.9,56,5.21,5.23,3.18,1291
8303,1.55,Very Good,E,SI1,62.4,58,7.36,7.42,4.61,10851
8307,1.05,Premium,E,SI1,61.8,56,6.57,6.5,4.04,5821
8317,1.01,Premium,E,SI1,62,61,6.42,6.38,3.97,5311
8320,0.55,Ideal,E,SI1,62.1,55,5.26,5.21,3.25,1668
8324,0.53,Ideal,G,VS1,61.8,55,5.17,5.22,3.21,1721
8326,0.9,Very Good,F,SI2,62.4,59,6.12,6.16,3.83,3519
8331,0.33,Very Good,F,VS2,63.2,56,4.41,4.39,2.78,854
8333,0.23,Very Good,H,IF,63.9,55,3.89,3.9,2.49,369
8334,0.3,Ideal,G,VS1,61.8,54,4.32,4.29,2.66,776
8337,0.9,Very Good,H,SI1,63.2,61,6.12,6.03,3.84,3242
8339,1.71,Premium,J,SI2,,57,7.62,7.58,4.76,8540
8345,0.35,Very Good,I,VS2,62.9,57,4.5,4.53,2.84,491
8347,0.38,Ideal,I,VS1,62.3,55,4.63,4.66,2.89,703
8351,1.1,Ideal,G,VS1,62,58,6.59,6.64,4.1,8060
8352,0.31,Very Good,G,VS1,63.2,56,4.32,4.29,2.72,802
8353,0.33,Ideal,D,VS1,61.7,55,4.48,4.5,2.77,1007
8355,0.4,Very Good,J,VS2,62.9,57,4.7,4.75,2.97,596
8357,1.1,Premium,H,SI2,59.5,57,6.81,6.74,4.03,4004
8358,1.1,Premium,G,VS2,60.2,58,6.71,6.75,4.05,6534
8366,0.58,Ideal,H,SI1,60.9,57,5.38,5.33,3.26,1421
8371,0.55,Ideal,G,VVS2,62,56,5.26,5.28,3.27,1981
8372,0.7,Very Good,I,VS2,60.8,61,5.72,5.76,3.49,2360
8374,0.41,Ideal,G,SI1,61.7,54,4.78,4.81,2.96,688
8375,1,Ideal,J,VS1,62.3,56,6.43,6.38,3.99,4032
8377,1.22,Ideal,H,SI1,62.2,54,6.83,6.86,4.26,6727
8378,0.33,Premium,E,VS2,60.6,60,4.43,4.48,2.7,723
8379,0.31,Very Good,E,VS1,61.9,56,4.32,4.37,2.69,636
8380,2,Ideal,F,I1,60.3,56,8.16,8.27,4.94,10494
8381,1.54,Good,I,VS1,63.6,60,7.33,7.3,4.65,10349
8384,0.92,Premium,H,VS2,62.4,60,6.24,6.16,3.87,4451
8385,0.38,Ideal,E,IF,61.1,56,4.67,4.72,2.87,1433
8393,0.59,Premium,J,VS2,62.7,61,5.35,5.28,3.33,1055
8394,0.3,Ideal,E,VVS1,61.6,56,4.31,4.32,2.66,838
8395,0.76,Very Good,J,VS2,59.9,59,5.92,5.94,3.55,1949
8396,0.31,Ideal,E,VS2,62.9,57,4.35,4.3,2.72,872
8398,1.26,Very Good,G,SI1,61.7,60,6.85,6.9,4.24,6733
8402,0.52,Ideal,D,SI1,61.8,57,5.19,5.14,3.19,1720
8403,0.77,Good,E,VS2,63.4,57,5.8,5.84,3.69,3291
8405,0.71,Very Good,E,VS2,63.4,61,5.6,5.57,3.54,2450
8408,0.5,Very Good,F,SI2,62.4,56,5.08,5.12,3.18,1147
8409,0.41,Ideal,I,IF,,57,4.78,4.81,2.93,953
8410,1,Fair,D,SI2,64.8,60,6.23,6.18,4.02,3304
8412,1.11,Very Good,G,VS2,62.2,55,6.61,6.67,4.13,6593
8415,1.3,Premium,F,VVS1,59.3,59,7.11,7.08,4.22,14068
8416,1.03,Premium,D,SI1,63,59,6.44,6.39,4.04,5653
8421,0.38,Ideal,E,VVS2,61.6,55,4.63,4.66,2.86,1100
8424,0.39,Ideal,F,VS2,60,57,4.76,4.7,2.84,1053
8425,0.7,Premium,G,SI1,61.4,60,5.69,5.74,3.51,2394
8427,1.11,Premium,J,SI1,59.5,58,6.89,6.77,4.07,3524
8428,0.72,Ideal,E,SI2,61.7,57,5.72,5.78,3.55,2337
8429,2.03,Premium,I,SI1,59.8,59,8.29,8.24,4.94,12844
8431,1.75,Ideal,I,SI1,61.8,56,7.67,7.71,4.75,13393
8432,0.9,Ideal,H,VS1,62,56,6.22,6.19,3.85,4234
8433,0.47,Good,I,VVS1,61.8,62,4.94,4.97,3.06,1093
8436,0.9,Good,D,SI1,61.9,64,6,6.09,3.74,3567
8440,1.5,Good,E,SI1,58.5,59,7.45,7.49,4.37,11554
8441,1,Good,F,SI1,57.9,62,6.55,6.58,3.8,4961
8442,0.9,Ideal,I,SI1,62,56,6.16,6.23,3.84,3537
8443,1.16,Ideal,F,VS2,61.4,56,6.83,6.78,4.18,9432
8444,0.32,Ideal,E,VVS2,61.6,57,4.4,4.43,2.72,842
8445,0.52,Ideal,D,VS2,62.3,54,5.14,5.19,3.22,1822
8446,1.02,Very Good,D,VS2,63.2,58,6.4,6.36,4.03,7677
8451,0.32,Very Good,F,VVS2,61.8,60,4.36,4.41,2.71,786
8456,2.02,Very Good,J,VS2,62.6,58,8.03,8.1,5.05,13499
8457,1.01,Premium,D,SI2,61.5,56,6.46,6.39,3.95,4805
8461,1.01,Premium,G,SI1,61,59,6.45,6.51,3.95,4785
8463,1.23,Premium,F,VS2,60.8,59,6.94,6.9,4.21,9122
8464,1.2,Fair,F,SI2,63.4,60,6.56,6.65,4.19,5445
8468,0.4,Ideal,E,SI1,62.7,57,4.72,4.69,2.95,945
8470,0.54,Ideal,H,VVS2,61.6,56,5.24,5.27,3.24,1639
8473,0.71,Ideal,I,VVS2,60.7,57,5.76,5.8,3.51,3007
8477,1.01,Premium,F,VVS2,62.1,52,6.5,6.45,4.02,9013
8481,0.71,Good,E,SI1,58.4,61,5.85,5.93,3.44,2573
8482,1.52,Ideal,H,VS1,60.1,60,7.54,7.51,4.52,11946
8486,1.04,Ideal,E,SI1,62,57,6.47,6.5,4.02,4530
8487,0.36,Very Good,D,SI1,63.1,55,4.59,4.54,2.88,851
8491,1.13,Very Good,J,VS2,62,59,6.62,6.66,4.12,4206
8494,0.56,Ideal,G,SI1,62.5,56,5.21,5.28,3.28,1340
8495,0.26,Good,F,VS1,58,58,4.2,4.25,2.45,453
8496,0.55,Ideal,H,VS2,61.9,54,5.25,5.28,3.26,1402
8502,1.7,Ideal,G,VS2,61.3,57,7.6,7.67,4.68,15797
8504,0.51,Very Good,D,SI1,62.8,56,5.07,5.09,3.19,1569
8507,0.3,Premium,E,SI1,61.7,56,4.29,4.27,2.64,675
8510,0.33,Ideal,G,IF,61.6,53,4.43,4.47,2.74,984
8513,0.36,Ideal,D,SI2,62,56,4.6,4.56,2.84,689
8517,1.2,Premium,J,SI2,58.7,59,6.99,6.94,4.09,4685
8518,0.71,Premium,F,SI1,62.7,58,5.74,5.68,3.58,2381
8520,0.34,Ideal,H,VVS2,62.2,55,4.49,4.48,2.79,880
8521,0.43,Very Good,D,VS2,59.1,58,4.92,4.96,2.92,931
8523,0.4,Good,I,VS1,63.8,55,4.69,4.65,2.98,945
8525,0.31,Ideal,F,IF,62.1,56,4.36,4.33,2.7,1046
8532,0.54,Premium,G,SI1,60.3,57,5.4,5.24,3.21,1389
8533,0.31,Premium,E,SI1,,60,4.42,4.36,2.6,698
8537,0.43,Ideal,E,SI1,62.9,56,4.83,4.8,3.03,1016
8539,0.39,Very Good,E,VVS2,59.5,58,4.74,4.77,2.83,1054
8545,1.53,Premium,I,VS1,62.4,59,7.3,7.34,4.57,10729
8546,1.52,Ideal,F,VS2,62.8,55,7.37,7.28,4.6,14038
8548,0.38,Ideal,E,VS2,61.7,55,4.68,4.66,2.88,1112
8554,1.34,Very Good,G,VS2,60.7,59,7.04,7.07,4.28,9127
8555,0.33,Ideal,F,VVS2,61.9,56,4.46,4.42,2.75,1040
8559,0.64,Fair,F,VS2,57,62.5,5.67,5.78,3.26,2063
8561,0.7,Very Good,G,SI1,62.2,58,5.63,5.66,3.51,2095
8563,0.77,Premium,F,VS1,59.5,58,5.96,5.94,3.54,3211
8565,1.01,Good,E,VS1,65.8,55,6.2,6.23,4.09,6159
8570,1.55,Ideal,I,SI1,62.3,54.8,7.37,7.39,4.61,9117
8573,1.16,Ideal,G,SI1,60.9,57,6.79,6.75,4.12,5519
8575,0.3,Premium,I,VS1,61.6,61,4.28,4.23,2.62,567
8576,1.01,Ideal,J,VS2,61.3,57,6.47,6.54,3.99,4486
8577,0.34,Premium,F,VS2,58.1,61,4.6,4.55,2.66,645
8578,0.7,Premium,F,SI2,61.6,60,5.78,5.68,3.53,1597
8580,0.58,Ideal,F,VVS2,62,56,5.32,5.36,3.31,2509
8584,1.56,Ideal,G,SI1,61.2,56,7.51,7.49,4.59,11628
8585,0.3,Very Good,G,VS2,60.6,61,4.29,4.32,2.61,526
8587,0.72,Very Good,I,SI2,63.2,62,5.71,5.67,3.59,1814
8590,0.39,Premium,G,IF,59.8,55,4.84,4.77,2.87,1271
8593,0.33,Ideal,E,VVS2,61.2,57,4.47,4.45,2.73,1114
8595,0.51,Premium,G,SI1,62,56,5.14,5.12,3.18,1250
8597,1.09,Premium,G,VS2,60.9,56,6.7,6.67,4.07,6504
8598,1.31,Premium,G,VVS2,62.7,59,6.96,6.92,4.35,11389
8601,0.23,Good,F,VVS2,62.8,61,3.92,3.95,2.47,505
8602,0.33,Very Good,F,SI1,59.9,61,4.44,4.47,2.67,550
8603,1.02,Premium,H,SI2,60.9,59,6.46,6.51,3.95,4207
8605,0.64,Ideal,E,VS1,60.8,56,5.61,5.59,3.41,2679
8608,1.66,Ideal,F,SI2,62.6,59,7.53,7.57,4.73,10338
8612,0.51,Premium,I,SI1,61.3,58,5.16,5.11,3.15,1084
8615,0.31,Ideal,G,IF,61.7,55,4.37,4.39,2.7,871
8616,1.03,Fair,H,SI2,66.3,57,6.35,6.25,4.18,3749
8621,1.51,Very Good,F,SI1,62.1,55,7.29,7.37,4.55,11302
8622,0.9,Good,G,VS1,63.9,60,6.14,6.09,3.91,4401
8626,0.56,Ideal,F,SI2,61.9,55,5.27,5.31,3.28,1212
8628,0.39,Premium,D,VS1,61.7,59,4.69,4.64,2.88,1123
8631,0.91,Very Good,H,VVS2,63.6,56,6.11,6.13,3.89,4143
8632,0.41,Good,H,VVS1,62.6,62,4.7,4.76,2.96,892
8633,1.51,Very Good,G,SI1,59.6,60,7.43,7.47,4.44,11029
8639,0.46,Fair,E,VS2,66.8,61,4.84,4.71,3.2,1070
8641,0.27,Ideal,F,VS2,61.8,53,4.18,4.2,2.59,583
8643,0.41,Premium,E,VS1,59.9,58,4.88,4.83,2.91,1153
8645,0.72,Ideal,G,VVS2,61.3,56,5.76,5.8,3.54,3352
8646,0.34,Premium,F,VS2,62.3,57,4.48,4.44,2.78,880
8647,1.07,Ideal,E,SI2,61.5,56,6.58,6.61,4.06,5602
8651,1.35,Premium,J,SI1,61.1,61,7.13,7.1,4.35,5715
8654,0.3,Ideal,E,VVS2,62.4,54,4.31,4.34,2.7,742
8656,0.4,Premium,F,SI1,61.7,59,4.75,4.72,2.92,769
8657,0.52,Ideal,F,VS2,61.2,56,5.19,5.37,3.2,1625
8658,1.24,Fair,H,SI2,65,54,6.76,6.73,4.38,5208
8664,1.51,Ideal,I,VS2,62.6,56,7.27,7.32,4.57,9069
8669,0.54,Ideal,H,VS1,61.2,55,5.25,5.31,3.23,1454
8671,0.45,Good,E,SI1,63.9,57,4.81,4.86,3.09,829
8672,0.91,Very Good,I,VS2,63,58,6.07,6.15,3.85,3340
8673,1,Fair,G,SI1,68.3,61,6.02,5.93,4.08,3965
8681,0.38,Very Good,G,VS1,61.9,56,4.63,4.68,2.88,833
8682,0.29,Very Good,G,VS2,61.7,56,4.27,4.3,2.64,471
8683,0.7,Ideal,I,VS1,63,54,5.63,5.7,3.57,2142
8684,0.51,Premium,G,SI2,59.9,60,5.14,5.07,3.06,1004
8685,0.54,Premium,D,VS1,61.1,58,5.24,5.3,3.22,1994
8690,1.21,Premium,H,VS2,59.9,59,6.94,6.92,4.15,7562
8691,1.68,Ideal,H,VS2,61.3,56,7.77,7.67,4.73,13427
8692,2.17,Ideal,I,SI1,60.4,56,8.36,8.43,5.07,17224
8693,0.4,Ideal,F,VVS2,62,56,4.73,4.76,2.94,1015
8694,0.32,Ideal,D,SI1,62.6,55,4.39,4.36,2.74,756
8700,0.31,Very Good,H,VVS1,63,58,4.33,4.37,2.74,707
8702,0.29,Very Good,G,VVS1,62,58,4.19,4.23,2.61,522
8711,0.41,Premium,F,VVS2,60.6,58,4.79,4.84,2.92,1115
8721,0.44,Ideal,D,VS1,62.3,55,4.84,4.88,3.03,1235
8722,0.33,Premium,F,VS2,60,60,4.45,4.49,2.68,577
8726,0.74,Fair,E,SI1,66,56,5.6,5.67,3.72,2069
8728,0.34,Ideal,E,SI2,61.4,55,4.5,4.52,2.77,454
8729,0.27,Ideal,I,VS1,62.2,54,4.16,4.2,2.6,432
8732,1.65,Ideal,G,VS2,60.8,56,7.65,7.7,4.67,14456
8734,1.04,Ideal,F,SI1,61.3,56,6.51,6.55,4,5495
8736,0.32,Very Good,I,SI1,61.6,61,4.36,4.4,2.7,421
8737,0.48,Premium,E,VS2,62.5,61,5.01,4.97,3.12,1323
8740,0.42,Ideal,G,VS2,62.2,54.1,4.8,4.83,3,907
8744,0.33,Ideal,F,VS2,60.5,55,4.55,4.47,2.73,854
8748,0.32,Premium,I,SI1,61.1,59,4.38,4.42,2.69,421
8749,1.01,Very Good,E,VVS2,63.4,56,6.32,6.37,4.02,9642
8751,0.76,Good,G,SI1,57.7,63,6.05,5.97,3.47,2447
8752,1.14,Very Good,D,SI1,60.2,60,6.7,6.85,4.08,7106
8753,0.33,Ideal,H,VVS2,60.9,57,4.52,4.48,2.74,854
8754,1.01,Good,H,VS1,63.8,59,6.3,6.34,4.03,5416
8758,0.5,Ideal,E,VS2,61.6,57,5.09,5.13,3.15,1575
8759,0.7,Ideal,F,SI1,61.6,55,5.72,5.74,3.53,2806
8760,1,Very Good,E,SI1,59.6,60,6.43,6.48,3.85,5351
8761,0.36,Ideal,I,IF,61.8,55,4.58,4.61,2.84,735
8764,1.15,Premium,I,SI2,62.6,57,6.73,6.69,4.2,4347
8765,1.28,Ideal,G,I1,61.6,57,6.96,6.93,4.28,4509
8766,0.35,Ideal,E,SI1,60.7,56,4.57,4.59,2.78,667
8769,0.3,Ideal,E,VS2,62,55,4.3,4.35,2.68,658
8778,0.4,Ideal,E,VVS1,60.6,56,4.77,4.8,2.9,1031
8779,0.24,Ideal,F,VVS1,61.8,55,4,4.03,2.48,678
8781,0.52,Ideal,E,VS2,60.9,57,5.21,5.23,3.18,1689
8784,0.74,Ideal,G,VVS1,62.1,56,5.78,5.82,3.6,3388
8786,0.31,Good,G,VS1,63.2,56,4.29,4.32,2.72,625
8790,0.51,Premium,H,VS1,62.5,58,5.12,5.09,3.19,1443
8793,1.17,Ideal,F,SI1,62.2,56,6.73,6.71,4.18,5944
8798,0.42,Premium,F,VS2,61.9,58,4.76,4.8,2.96,884
8799,0.71,Premium,F,VS1,60.5,58,5.75,5.72,3.47,2839
8809,0.57,Ideal,F,SI2,62.2,53,5.34,5.4,3.34,1308
8815,0.61,Ideal,E,VVS2,62.4,53.6,5.42,5.45,3.39,2907
8816,0.34,Very Good,I,VS2,62.1,57,4.44,4.48,2.77,477
8822,0.7,Good,E,SI1,63.5,58,5.62,5.65,3.58,2569
8824,1.45,Very Good,I,IF,60.6,61,7.32,7.41,4.46,9683
8826,0.73,Ideal,E,SI1,61.4,56,5.79,5.81,3.56,2886
8827,0.27,Premium,G,VS2,62.4,59,4.11,4.13,2.57,397
8835,1.27,Ideal,H,SI2,61.8,57,6.93,6.96,4.29,6403
8837,1.51,Ideal,G,VS2,62,56,7.35,7.32,4.55,13355
8838,0.7,Premium,E,SI2,61.8,60,5.65,5.61,3.48,2342
8840,0.51,Very Good,E,SI1,61.6,53,5.16,5.19,3.19,1315
8843,1.2,Ideal,I,VS1,62.5,55,6.76,6.81,4.24,6639
8847,0.36,Ideal,E,VS1,61.5,55,4.58,4.66,2.84,753
8849,0.74,Ideal,J,VVS2,61.7,55,5.83,5.87,3.61,2106
8858,0.71,Very Good,G,VS1,59.3,55,5.88,5.95,3.51,2994
8861,1.06,Ideal,G,VS1,60.7,56,6.6,6.64,4.02,7594
8863,0.38,Ideal,H,VS1,61.7,55,4.65,4.7,2.89,955
8864,0.53,Ideal,E,VS2,61.9,56,5.19,5.21,3.22,1721
8877,1.87,Ideal,H,VS1,59.7,60,7.98,8.04,4.78,17761
8878,0.31,Ideal,F,VVS1,60.7,56,4.4,4.37,2.66,878
8879,1.01,Premium,G,VS1,61.2,58,6.47,6.33,3.92,6335
8888,0.32,Ideal,F,VS1,61.9,56,4.35,4.4,2.71,702
8889,2.31,Premium,J,SI1,61.1,60,8.58,8.51,5.22,15323
8890,0.31,Ideal,G,VVS1,62,55,4.34,4.37,2.7,789
8894,0.26,Very Good,H,VVS2,59.8,61,4.15,4.18,2.49,440
8895,0.41,Ideal,G,VVS2,60.9,56,4.81,4.84,2.94,960
8896,1.18,Premium,G,SI2,,60,6.88,6.81,4.14,4988
8897,0.7,Good,F,VVS1,59.9,62,5.69,5.74,3.42,3206
8899,1.01,Good,G,VS1,63.7,56,6.37,6.29,4.03,6529
8900,1.36,Ideal,H,VS2,59.9,57,7.2,7.22,4.32,9279
8903,2.01,Very Good,E,SI2,59.3,61,8.14,8.19,4.84,17759
8907,1.22,Very Good,E,SI1,63.4,56,6.79,6.76,4.29,5397
8911,2.17,Very Good,I,SI1,62.1,61,8.24,8.27,5.13,15760
8917,0.92,Premium,G,SI2,62.4,57,6.22,6.18,3.87,3555
8919,1.03,Premium,F,VS2,62.6,58,6.45,6.4,4.02,5774
8920,0.31,Premium,H,VS1,61.7,61,4.34,4.31,2.67,698
8923,0.5,Good,D,SI2,57.1,63,5.23,5.27,3,1141
8924,0.3,Ideal,G,VS1,62,56,4.29,4.32,2.67,624
8926,1.03,Fair,G,SI2,65.6,58,6.3,6.26,4.12,3765
8927,1.14,Very Good,H,SI1,62.9,59,6.62,6.64,4.17,5367
8938,0.33,Premium,E,SI1,61.1,58,4.47,4.43,2.72,743
8940,0.36,Premium,D,SI1,61.4,58,4.59,4.56,2.81,851
8948,0.42,Ideal,F,VVS1,61.3,56,4.82,4.83,2.96,1326
8949,1,Good,E,VVS2,65.3,56,6.19,6.24,4.06,7226
8951,0.31,Ideal,F,IF,61.3,55,4.38,4.43,2.7,914
8953,1.22,Ideal,I,SI2,61.8,57,6.9,6.83,4.23,4612
8954,0.35,Premium,G,VS1,62.3,59,4.53,4.49,2.81,906
8958,0.36,Ideal,E,SI1,61.6,56,4.56,4.59,2.82,631
8960,1.5,Fair,D,VS2,65.4,53,7.12,7.1,4.65,12606
8964,2.03,Premium,E,SI2,61.5,59,8.24,8.16,5.04,18477
8965,1.2,Ideal,G,VVS2,60.9,56,6.86,6.91,4.19,11530
8970,0.31,Ideal,D,VS1,60.5,55,4.39,4.43,2.67,683
8971,1.7,Premium,H,VS2,62.4,57,7.6,7.54,4.72,13298
8973,1,Premium,E,VS1,60.4,59,6.51,6.54,3.94,7744
8976,0.3,Good,E,VVS2,63.2,59,4.27,4.28,2.7,684
8979,0.71,Ideal,E,VS1,60.4,57,5.75,5.81,3.49,3464
8980,0.7,Very Good,E,SI2,59.8,58,5.74,5.76,3.44,2335
8986,1.2,Premium,G,VS1,62.9,59,6.75,6.69,4.23,5975
8987,1.46,Ideal,G,VS2,62.3,56,7.28,7.2,4.51,10302
8991,0.5,Premium,E,SI1,62.6,56,5.07,5.06,3.17,1314
8993,1,Very Good,J,SI2,62.8,63,6.26,6.19,3.19,3293
8996,1.01,Very Good,E,SI1,63.6,56,6.3,6.37,4.03,6132
8997,0.41,Premium,D,SI1,61,59,4.76,4.78,2.91,791
9002,0.91,Good,F,SI1,58,57,6.36,6.47,3.72,4067
9004,1.72,Premium,H,SI2,62.3,58,7.71,7.6,4.77,10869
9008,0.55,Ideal,F,VS2,61.2,55,5.3,5.28,3.24,1698
9010,0.7,Premium,D,SI1,62.6,58,5.67,5.6,3.53,2550
9011,1.12,Ideal,G,VS1,62.3,57,6.59,6.64,4.12,6918
9013,0.31,Ideal,I,VS2,59.9,57,4.4,4.38,2.63,558
9014,0.59,Ideal,F,VVS2,61.2,56,5.45,5.43,3.33,2345
9015,0.3,Premium,D,SI1,61.7,59,4.31,4.28,2.65,709
9016,0.27,Very Good,G,VVS2,62.1,56,4.14,4.18,2.58,504
9018,0.7,Premium,D,SI2,59.5,60,5.78,5.73,3.43,2423
9019,0.41,Ideal,G,SI2,61.3,56,4.78,4.81,2.94,605
9020,1.22,Ideal,G,VS2,,55,6.83,6.87,4.25,7783
9022,0.54,Ideal,G,IF,61.6,57,5.22,5.27,3.23,2361
9023,0.76,Very Good,E,SI1,63,59,5.76,5.8,3.64,2668
9026,0.41,Ideal,E,VS1,,56,4.78,4.75,2.96,1153
9027,1.5,Premium,H,SI1,61,60,7.33,7.27,4.45,9820
9030,0.9,Premium,D,VS2,62.6,59,6.14,6.17,3.85,5001
9033,2,Ideal,F,SI2,62,57,8.03,8.1,5,17710
9040,0.54,Ideal,J,VVS1,62.2,54,5.23,5.25,3.26,1239
9042,1.01,Good,G,SI1,63.3,59,6.24,6.31,3.97,4781
9043,2.19,Premium,H,SI2,61.7,58,8.38,8.28,5.14,17554
9047,0.55,Premium,D,SI1,60.7,58,5.3,5.24,3.2,1819
9048,0.74,Premium,D,VS2,61.8,58,5.81,5.77,3.58,2897
9053,0.3,Ideal,I,VS1,62.2,53.9,4.29,4.33,2.68,486
9055,1.09,Ideal,E,VS2,61.2,56,6.62,6.67,4.07,7443
9059,1.52,Ideal,E,VS2,62.4,55,7.42,7.32,4.6,15488
9060,0.3,Good,H,VVS2,63.1,60,4.24,4.28,2.69,605
9062,1.73,Good,E,SI1,64.2,58,7.54,7.5,4.83,14479
9066,0.3,Ideal,H,VS1,62.1,54,4.32,4.35,2.69,526
9071,1.01,Fair,F,SI1,65.9,58,6.16,6.1,4.04,4276
9073,2,Very Good,D,SI2,60,56,8.16,8.23,4.92,17953
9075,0.32,Good,D,SI1,63.8,56,4.35,4.33,2.77,756
9077,0.72,Ideal,I,VS1,60.7,57,5.78,5.81,3.51,2539
9078,0.41,Ideal,D,VS2,61.6,55,4.74,4.77,2.93,1007
9082,0.27,Very Good,E,SI1,60.6,57,4.19,4.25,2.55,646
9083,0.7,Good,F,SI1,59.7,64,5.71,5.74,3.42,2337
9084,0.52,Very Good,F,SI1,61.9,58,5.1,5.15,3.17,1298
9088,1.5,Ideal,H,SI2,62.8,55,7.27,7.31,4.58,8614
9090,1.15,Premium,H,SI1,62,58,6.77,6.71,4.18,5433
9091,0.51,Ideal,E,VS1,61.8,55,5.15,5.18,3.19,1697
9092,0.33,Premium,H,VVS2,61.6,58,4.42,4.45,2.73,666
9093,1.57,Premium,D,SI1,62.2,59,7.37,7.45,4.61,11976
9097,0.49,Fair,D,VS2,57.5,68,5.18,5.11,2.96,1249
9098,1.13,Premium,H,VS2,62,57,6.68,6.62,4.12,5650
9100,0.9,Very Good,E,VVS2,62.2,60,6.04,6.12,3.78,6289
9105,1.51,Very Good,D,VS2,62.3,59,7.29,7.34,4.56,14112
9106,0.9,Premium,H,SI1,62.7,58,6.14,6.2,3.87,3545
9108,0.38,Premium,D,VS1,58.2,58,4.81,4.77,2.79,1064
9109,1.11,Ideal,H,SI1,62,56,6.65,6.61,4.11,5102
9111,1.07,Very Good,H,VS2,61.5,57,6.57,6.63,4.06,5254
9114,1.01,Premium,F,VS2,61.7,58,6.42,6.48,3.98,6416
9119,0.34,Very Good,E,VS2,62.6,58,4.43,4.45,2.78,745
9120,1.32,Premium,H,SI2,59.4,54,7.21,7.09,4.25,4879
9122,0.77,Ideal,G,VS2,61.7,55,5.87,5.9,3.63,3154
9126,2.04,Premium,H,SI2,62.7,56,8.12,8.06,5.07,15760
9128,0.77,Ideal,G,VS1,62.2,56,5.9,5.85,3.66,3148
9130,0.8,Ideal,H,VS1,63.1,58,5.89,5.96,3.74,3111
9136,0.33,Ideal,D,VVS2,,57,4.52,4.47,2.71,1062
9139,1,Premium,J,SI1,62.7,57,6.4,6.33,3.99,3416
9140,0.3,Premium,E,VVS2,61.8,58,4.29,4.26,2.64,1013
9142,0.91,Very Good,G,SI2,62.9,54,6.14,6.22,3.89,3615
9143,0.33,Ideal,G,VVS2,62.6,53,4.45,4.43,2.78,901
9147,1.07,Fair,E,SI2,62.2,66,6.57,6.48,4.06,4496
9150,0.63,Very Good,G,VS1,63.1,58,5.42,5.46,3.43,2157
9153,0.71,Good,I,VS1,63.6,56,5.65,5.7,3.61,2306
9154,0.33,Very Good,F,VVS1,60.1,56,4.53,4.56,2.73,841
9159,0.91,Very Good,F,SI1,62.3,60,6.08,6.15,3.81,4049
9162,0.71,Premium,D,SI1,61.3,58,5.75,5.73,3.52,2822
9163,0.47,Very Good,F,SI1,63.3,60,4.98,4.94,3.14,1086
9164,0.53,Ideal,E,VS2,61.8,55,5.21,5.24,3.23,2163
9166,0.73,Fair,H,VS2,65.9,55,5.68,5.64,3.74,2278
9175,0.72,Premium,J,VS2,61.7,58,5.67,5.77,3.53,1941
9177,0.3,Ideal,G,VS2,61.4,54,4.36,4.31,2.66,675
9179,1,Ideal,F,SI1,60,57,6.45,6.41,3.86,4939
9182,0.71,Ideal,E,VS2,62.2,57,5.79,5.62,3.55,2776
9186,0.31,Premium,F,VS2,62,58,4.37,4.31,2.69,802
9187,0.51,Good,F,SI1,63.6,56,5.08,5.11,3.24,1220
9188,0.35,Ideal,H,VS1,62,56,4.54,4.56,2.82,614
9193,0.95,Fair,J,SI1,58,66,6.5,6.46,3.76,3154
9198,0.31,Ideal,E,VVS1,61.1,56,4.38,4.42,2.69,865
9201,0.41,Very Good,E,VVS1,59.8,62,4.79,4.84,2.88,1057
9203,0.42,Ideal,H,SI2,61.4,56,4.81,4.86,2.97,625
9206,1.15,Good,H,VS2,63.1,56,6.62,6.7,4.2,5646
9207,0.81,Premium,G,VS1,61.7,59,6.07,5.96,3.71,3402
9210,0.57,Very Good,D,SI2,62.9,57,5.26,5.3,3.32,1413
9213,0.41,Ideal,I,VVS2,,55,4.78,4.8,2.95,788
9220,0.25,Ideal,F,VS2,62.2,54,4.03,4.07,2.52,460
9231,0.72,Premium,G,VS1,58.9,58,5.93,5.85,3.47,3032
9233,0.3,Premium,G,SI1,61.6,59,4.28,4.26,2.63,574
9236,0.43,Premium,D,VS2,59.7,59,4.89,4.93,2.93,901
9237,1.91,Fair,H,SI2,64.6,56,7.76,7.7,4.99,6632
9238,1.5,Very Good,H,SI2,63,58,7.2,7.25,4.55,7888
9240,0.93,Very Good,J,VS2,61.1,59,6.32,6.34,3.87,3180
9246,0.71,Good,G,SI1,64.1,58,5.6,5.63,3.6,2240
9247,0.41,Very Good,F,SI1,63.4,58,4.75,4.68,2.99,852
9252,1.1,Premium,I,SI1,62.7,58,6.58,6.54,4.11,4435
9255,1.02,Good,J,SI2,63.1,58,6.34,6.38,4.01,3298
9256,0.32,Ideal,F,SI2,61.7,56,4.44,4.41,2.73,720
9258,0.71,Very Good,I,SI2,61.1,56,5.75,5.79,3.53,1938
9262,0.35,Ideal,H,VS2,61.7,56,4.55,4.59,2.82,571
9267,0.9,Ideal,H,VVS2,62,57,6.2,6.15,3.83,4838
9268,1,Very Good,E,SI1,63.1,57,6.36,6.39,4.02,5051
9269,1.7,Ideal,H,VS2,62.4,57,7.61,7.56,4.73,13681
9272,1,Premium,F,SI1,62.9,57,6.37,6.32,3.99,4586
9274,1.03,Ideal,F,SI2,61.6,55,6.46,6.49,3.99,4683
9277,1.01,Premium,F,SI2,62.2,59,6.41,6.38,3.98,5096
9278,0.72,Very Good,G,VS2,63.1,57,5.74,5.71,3.61,2732
9285,0.97,Premium,F,SI2,58.9,58,6.51,6.47,3.82,4020
9286,1.04,Premium,G,VVS1,58.2,60,6.71,6.66,3.89,6890
9287,1.08,Ideal,G,VS2,62.5,56,6.57,6.54,4.1,6530
9294,0.4,Premium,H,VVS2,60.6,60,4.75,4.79,2.89,877
9297,1.01,Ideal,G,SI1,62.3,57,6.41,6.36,3.98,4694
9299,0.7,Fair,D,VVS2,58.5,62,5.72,5.81,3.37,3296
9307,0.9,Good,F,SI2,63.1,58,6.11,6.13,3.86,3519
9314,0.77,Ideal,J,VS2,62.5,57,5.8,5.91,3.66,2257
9320,0.53,Ideal,E,SI2,63,57,5.16,5.13,3.24,1262
9323,0.51,Very Good,H,SI1,61,55,5.18,5.21,3.17,1698
9327,1.14,Ideal,I,SI2,62.1,55,6.71,6.72,4.17,4276
9328,1.24,Premium,G,VS1,62,59,6.88,6.92,4.28,7660
9329,0.3,Ideal,G,VS1,61.9,56,4.29,4.34,2.67,605
9330,0.24,Very Good,I,VS1,61.8,56,3.98,4.01,2.46,397
9332,0.37,Ideal,E,VS2,,56,4.59,4.56,2.85,1041
9335,0.71,Premium,G,SI1,62.8,61,5.64,5.59,3.53,2215
9336,0.83,Premium,H,SI1,58.6,61,6.2,6.16,3.62,2613
9337,1.06,Ideal,I,VS1,62,55,6.55,6.58,4.07,5577
9338,0.32,Ideal,E,VS2,61.4,56,4.4,4.43,2.71,702
9339,0.4,Ideal,E,SI1,61.2,57,4.7,4.74,2.89,737
9340,0.3,Ideal,D,VVS1,61.3,57,4.29,4.32,2.64,1000
9342,0.31,Premium,I,VS2,59.3,59,4.42,4.38,2.61,521
9344,0.32,Good,D,SI1,63.7,55,4.38,4.35,2.78,756
9345,0.7,Ideal,G,VVS2,63,55,5.65,5.69,3.57,2993
9347,0.74,Very Good,E,VS1,62.8,59,5.68,5.76,3.59,3416
9350,1.04,Very Good,G,VVS2,62.8,54,6.39,6.5,4.05,7481
9351,1.24,Premium,G,VVS2,59.9,60,7,6.98,4.19,10388
9353,0.42,Very Good,D,SI1,63.3,58,4.75,4.73,3,942
9358,0.3,Very Good,F,VS2,63,55,4.28,4.29,2.7,524
9361,0.69,Ideal,F,VVS1,61.6,56,5.69,5.71,3.51,3784
9363,0.9,Very Good,H,VVS1,63.5,57,6.02,6.07,3.84,4485
9364,0.75,Very Good,E,SI1,60.2,60,5.89,5.93,3.56,2968
9366,1.2,Premium,G,VS2,62.5,58,6.74,6.67,4.19,9677
9371,1.01,Premium,H,SI1,60,62,6.51,6.45,3.89,4836
9373,0.94,Very Good,F,SI2,62.4,58,6.17,6.23,3.87,3518
9375,1.7,Very Good,I,SI1,63.1,57,7.51,7.46,4.72,10341
9376,0.38,Premium,J,SI1,61.3,59,4.62,4.68,2.85,513
9379,1.03,Ideal,I,SI2,62.2,57,6.5,6.46,4.03,3997
9382,0.97,Premium,D,SI1,62,60,6.25,6.29,3.89,4721
9387,0.74,Very Good,E,VS2,61.8,58,5.79,5.82,3.59,3180
9390,1.51,Premium,E,SI1,59.6,61,7.53,7.43,4.46,12236
9397,1.27,Ideal,F,SI2,62,55,6.9,6.95,4.3,5308
9405,0.57,Ideal,I,VS1,62.2,55,5.28,5.33,3.3,1448
9411,0.55,Very Good,J,SI1,62.5,57,5.22,5.24,3.27,965
9414,0.7,Very Good,D,VS2,60.7,60,5.72,5.74,3.48,2913
9418,0.7,Good,E,SI1,61.4,64,5.71,5.66,3.49,2822
9419,0.3,Premium,D,VS2,62,58,4.32,4.29,2.67,911
9424,1.88,Very Good,D,SI2,63.2,60,7.84,7.79,4.94,9791
9425,1.51,Very Good,F,VS1,,63,7.34,7.43,4.4,14673
9428,1.01,Very Good,J,SI1,63,54,6.35,6.41,4.02,4194
9430,0.59,Ideal,E,SI1,61.6,55,5.41,5.43,3.34,1994
9434,0.53,Ideal,H,SI2,61.9,54,5.21,5.23,3.23,1020
9435,1.04,Ideal,I,SI1,61.8,59,6.46,6.48,4,4484
9439,0.25,Premium,E,VS2,59.7,61,4.1,4.08,2.44,525
9440,2.06,Ideal,F,SI2,62.7,57,8.19,8.09,5.1,15970
9441,1.51,Ideal,G,VVS2,62.1,58,7.34,7.31,4.54,15529
9442,0.79,Good,F,SI2,64.3,60,5.82,5.75,3.72,1943
9444,1.51,Very Good,I,VS1,63,59,7.28,7.3,4.59,9343
9445,1.02,Fair,G,VVS2,64.6,59,6.31,6.29,4.07,6736
9446,0.79,Ideal,E,VS2,62.2,55,5.97,5.9,3.69,3861
9447,0.7,Very Good,G,SI1,61.8,56,5.7,5.76,3.54,2106
9448,0.25,Very Good,E,VVS2,62.2,61,3.98,4.03,2.49,548
9449,0.31,Premium,D,VS1,,58,4.45,4.4,2.64,1011
9450,1,Premium,F,VS1,61.3,59,6.45,6.42,3.95,6692
9452,2,Fair,H,SI1,65.1,56,7.86,7.77,5.09,14430
9460,0.4,Fair,F,SI1,64.7,58,4.67,4.63,3.01,857
9464,0.42,Premium,E,SI2,58.5,60,4.94,4.91,2.88,814
9466,0.4,Very Good,H,VVS1,62.3,55,4.73,4.77,2.95,1139
9468,0.3,Very Good,G,VS1,62,60,4.23,4.28,2.64,605
9471,0.7,Ideal,E,SI1,62.5,57,5.7,5.72,3.57,2757
9474,0.44,Very Good,G,SI1,,61,4.83,4.88,2.99,772
9475,0.31,Good,D,SI1,63.5,56,4.29,4.31,2.73,571
9476,1.55,Premium,I,SI1,62.5,60,7.35,7.33,4.59,9027
9480,1.2,Ideal,G,SI2,62.2,56,6.74,6.84,4.22,5385
9482,0.34,Good,G,SI1,63.9,58,4.43,4.4,2.82,650
9485,0.5,Premium,G,VVS2,59.6,60,5.18,5.15,3.08,1935
9486,1.02,Very Good,E,VVS1,62.2,57,6.4,6.59,4.04,10672
9487,0.33,Ideal,G,VS1,61.9,55,4.44,4.49,2.77,699
9488,1.01,Good,I,SI2,62.6,59,6.34,6.43,4,3823
9489,1.7,Very Good,I,VS1,61.9,57,7.67,7.64,4.74,12621
9496,0.5,Ideal,H,VVS1,61.4,57,5.08,5.11,3.12,1684
9498,1,Premium,E,SI1,60.5,59,6.45,6.4,3.89,5396
9502,0.33,Premium,H,VS1,59.2,58,4.5,4.55,2.68,579
9505,1.16,Very Good,H,SI2,59.6,59,6.85,6.87,4.09,4455
9506,1.56,Premium,H,SI1,61.9,59,7.46,7.4,4.6,10990
9507,0.24,Very Good,E,VVS2,61.6,59,3.98,4.01,2.46,552
9508,0.76,Premium,I,VVS1,58.8,59,6,5.94,3.51,2790
9509,1.27,Good,J,SI2,66,59,6.71,6.75,4.44,4542
9511,2.03,Very Good,E,SI2,63.1,56,8.01,7.99,5.05,14646
9517,0.92,Very Good,E,SI1,62.1,58,6.15,6.22,3.84,4562
9518,1.16,Ideal,F,VVS1,61.5,56,6.76,6.81,4.17,13595
9521,0.5,Good,E,SI1,64,57,5.04,4.99,3.21,1155
9531,0.91,Ideal,E,VVS1,61.7,56,6.18,6.23,3.83,9636
9535,1.03,Very Good,G,SI2,63.9,59,6.33,6.39,4.07,4769
9542,0.3,Premium,H,SI1,62.2,60,4.28,4.24,2.65,540
9543,0.73,Premium,E,SI2,61.8,58,5.76,5.71,3.54,2278
9546,0.29,Very Good,D,SI2,59.7,56,4.37,4.4,2.62,705
9553,0.3,Ideal,G,IF,62.4,54,4.31,4.34,2.7,863
9554,0.3,Ideal,H,SI1,62,58,4.25,4.33,2.66,407
9556,1.5,Very Good,I,VVS2,59.7,60,7.46,7.62,4.5,10551
9557,0.41,Ideal,E,SI1,62.7,57,4.77,4.74,2.98,969
9558,0.3,Ideal,D,VS2,62.5,55,4.3,4.31,2.69,710
9560,0.42,Premium,D,VVS2,59.6,59,4.96,4.9,2.94,1210
9562,0.71,Very Good,E,VVS1,63,57,5.66,5.7,3.58,3808
9566,1,Premium,J,VS1,62.8,57,6.39,6.35,4,4032
9580,0.3,Good,G,VS1,63.6,54,4.31,4.25,2.72,776
9582,0.32,Premium,J,VS2,61.9,59,4.35,4.38,2.7,393
9584,0.54,Ideal,E,VS2,61.8,55,5.26,5.24,3.24,1847
9587,0.94,Premium,D,VS1,62.3,58,6.34,6.28,3.93,5980
9588,1.06,Good,I,VS1,57.5,62,6.71,6.83,3.9,5293
9591,2.4,Ideal,J,SI1,62,57,8.53,8.47,5.27,12468
9592,0.55,Ideal,G,VVS2,,53.8,5.25,5.28,3.27,2064
9595,1.78,Very Good,F,SI1,60.6,57,7.89,7.94,4.8,13659
9598,0.3,Ideal,E,VVS2,61.8,56,4.31,4.33,2.67,789
9599,0.41,Premium,F,VS1,61.1,58,4.74,4.78,2.91,1007
9601,1.25,Ideal,H,VS1,62.1,57,6.89,6.92,4.29,8365
9603,1,Very Good,G,VS1,60.6,63,6.42,6.45,3.9,6699
9608,0.51,Premium,I,SI1,62.7,59,5.09,5.06,3.18,1080
9611,0.4,Very Good,I,VVS1,63.5,57,4.68,4.65,2.96,1080
9612,0.32,Ideal,H,VS2,62.1,56,4.37,4.42,2.73,505
9615,0.4,Ideal,E,VVS2,61.7,57,4.73,4.77,2.93,988
9618,0.3,Ideal,H,IF,61.5,56,4.31,4.34,2.66,789
9624,1.06,Ideal,F,IF,61.9,55,6.54,6.57,4.06,12539
9625,0.6,Very Good,E,VS2,62.9,59,5.34,5.38,3.37,2085
9626,0.7,Good,G,VS2,,59,5.51,5.55,3.53,2353
9627,0.3,Very Good,D,VVS2,62.9,56,4.27,4.29,2.69,752
9629,1.51,Premium,E,SI2,61.1,60,7.37,7.27,4.47,9513
9630,0.26,Ideal,H,VS1,61.9,55,4.1,4.13,2.55,448
9633,0.58,Good,F,SI1,63.1,57,5.29,5.33,3.35,1388
9634,0.41,Ideal,G,VS2,61.4,54,4.84,4.77,2.95,1061
9636,1.51,Premium,J,SI1,61.2,62,7.36,7.32,4.49,6976
9638,0.9,Ideal,I,SI2,62.8,55,6.19,6.14,3.87,3104
9640,0.73,Ideal,E,VS2,62.4,57,5.75,5.79,3.6,3201
9641,0.31,Ideal,I,SI1,62.5,56,4.35,4.29,2.7,537
9644,0.33,Premium,G,VS2,62.6,58,4.44,4.41,2.77,743
9645,1.51,Very Good,D,SI2,63.2,59,7.25,7.18,4.56,7915
9653,0.31,Ideal,E,VS2,62.3,57,4.35,4.32,2.7,872
9654,0.32,Ideal,E,VS2,61.3,57,4.42,4.45,2.72,702
9656,1.01,Good,G,SI1,63.7,60,6.32,6.28,4.01,5113
9657,0.5,Ideal,F,SI1,60.2,63,5.12,5.15,3.09,1374
9659,0.36,Very Good,G,VS1,61.8,56,4.57,4.6,2.84,741
9665,0.5,Ideal,E,VVS2,61.1,57,5.13,5.15,3.14,2165
9667,0.5,Very Good,G,VS1,63.2,59,5.03,5.07,3.19,1580
9671,0.3,Ideal,H,SI1,61.6,54,4.33,4.37,2.68,450
9674,1,Good,E,VS2,57.4,62,6.56,6.53,3.76,6272
9678,1.5,Premium,F,VS2,60.9,60,7.42,7.35,4.5,13853
9682,0.91,Premium,E,SI2,61.1,59,6.24,6.2,3.8,3639
9684,0.96,Very Good,D,SI2,60,60,6.43,6.47,3.87,4060
9685,1.21,Ideal,G,VS1,61.8,55,6.81,6.87,4.23,8864
9686,0.33,Premium,F,SI1,60.9,59,4.42,4.45,2.7,550
9687,0.4,Ideal,J,VVS2,62.5,53,4.74,4.79,2.98,662
9688,0.37,Premium,F,VS2,61.9,59,4.57,4.61,2.84,746
9689,0.7,Premium,F,VS1,60.7,60,5.78,5.75,3.5,2792
9690,0.35,Premium,I,VS1,60.7,62,4.59,4.53,2.77,709
9691,0.43,Premium,G,SI1,62.7,56,4.83,4.8,3.02,968
9694,0.5,Very Good,G,VVS2,62.9,57,5.04,5.11,3.19,1838
9695,0.72,Very Good,H,VS2,62.9,58,5.7,5.75,3.6,2396
9696,1.01,Premium,H,SI2,61.1,59,6.54,6.46,3.97,4242
9701,0.23,Very Good,E,VVS2,61.1,58,3.93,3.99,2.42,505
9706,0.7,Ideal,H,VS2,62.4,58,5.67,5.71,3.55,2429
9718,1.54,Premium,H,SI1,62.2,58,7.45,7.32,4.59,10466
9719,0.6,Very Good,F,VS2,59.5,57.8,5.48,5.56,3.28,1940
9720,1.2,Very Good,H,SI2,58.8,61,6.94,6.98,4.09,5211
9725,1.01,Very Good,F,VS2,62.7,56,6.37,6.43,4.01,6159
9726,1.04,Ideal,F,VVS2,62.2,56,6.46,6.53,4.04,9115
9732,1.24,Ideal,J,SI1,61.9,56,6.95,6.88,4.28,5125
9734,0.55,Premium,G,VS2,59.6,59,5.32,5.36,3.18,1448
9738,2.04,Ideal,J,SI1,61.7,57,8.11,8.17,5.02,14130
9746,0.43,Good,D,SI1,63.4,55,4.78,4.84,3.05,774
9747,1.19,Ideal,F,VVS1,,57,6.84,6.79,4.22,12776
9751,1.21,Good,H,SI1,63.8,64,6.72,6.63,4.26,5407
9752,2.52,Premium,F,SI2,60.6,60,8.78,8.7,5.3,18179
9753,1.12,Ideal,F,VVS2,60.4,56,6.82,6.78,4.11,10236
9755,1.05,Ideal,H,SI2,61.9,56,6.49,6.56,4.04,4504
9766,0.43,Very Good,E,SI1,63.1,56,4.83,4.8,3.04,948
9769,1,Premium,D,SI1,62,58,6.41,6.29,3.94,4704
9775,1.11,Ideal,H,VS2,64,58,6.52,6.46,4.16,5632
9779,1.73,Premium,J,SI1,60.7,58,7.78,7.73,4.71,9271
9780,0.42,Ideal,F,VVS2,62.2,56,4.82,4.79,2.99,1221
9781,1.27,Ideal,J,SI2,,56,6.99,6.95,4.27,5021
9782,0.38,Ideal,E,VS1,61.4,56,4.66,4.69,2.87,920
9785,1.53,Premium,I,VS2,62,58,7.36,7.41,4.58,10013
9786,1.54,Premium,I,VS2,59.8,59,7.61,7.53,4.53,9659
9789,0.3,Very Good,D,VS2,62.9,56,4.24,4.28,2.68,710
9793,1.29,Ideal,I,SI2,61.9,57,6.99,7.04,4.34,6097
9794,0.51,Ideal,D,VS2,61.2,55,5.16,5.18,3.16,1787
9797,0.55,Ideal,F,VVS1,62.1,56,5.25,5.28,3.27,2359
9798,0.33,Premium,G,VS1,60.5,58,4.49,4.43,2.7,854
9799,0.32,Very Good,H,VS1,62.8,55,4.35,4.41,2.75,561
9800,0.59,Ideal,I,VVS1,61.2,56,5.42,5.46,3.33,2049
9803,0.54,Ideal,E,VS1,61,56,5.24,5.35,3.23,1939
9804,0.44,Ideal,I,VVS1,60.9,56,4.9,4.96,3,1145
9809,1,Ideal,H,SI2,61.2,57,6.42,6.45,3.94,4260
9817,0.52,Ideal,E,VS1,61.7,56,5.13,5.18,3.18,1742
9825,0.29,Ideal,F,VVS1,60.9,57,4.29,4.32,2.62,669
9828,1.51,Premium,G,VS2,61.3,58,7.39,7.33,4.51,16091
9830,2.09,Very Good,F,SI2,63.4,55,8.18,8.11,5.16,18640
9834,2.04,Premium,J,VS2,,59,8.25,8.21,5.01,11209
9835,0.7,Very Good,I,VS1,63.1,54,5.61,5.67,3.56,2129
9836,0.41,Ideal,H,VS1,61,54,4.84,4.8,2.94,1024
9837,1.14,Good,G,I1,63.7,56,6.63,6.55,4.2,2327
9839,1.93,Ideal,F,SI1,59.5,60,8.1,8.13,4.83,18306
9842,0.38,Very Good,D,SI2,62.1,55,4.62,4.65,2.88,633
9845,0.36,Ideal,H,VS2,62,55,4.58,4.63,2.86,599
9847,0.38,Very Good,F,VS1,60.4,60,4.7,4.74,2.85,835
9851,0.7,Very Good,E,VS1,62,59,5.65,5.68,3.51,2844
9856,1.15,Very Good,I,SI1,62.5,60,6.68,6.72,4.19,4851
9860,0.29,Very Good,F,VVS2,62.7,58,4.22,4.26,2.66,664
9863,0.39,Ideal,G,VS2,62.2,53.9,4.66,4.69,2.9,787
9865,0.93,Ideal,G,SI1,60.1,57,6.33,6.41,3.83,5126
9867,0.5,Premium,G,VS2,61.5,57,5.12,5.09,3.14,1415
9871,1.01,Premium,G,SI1,62.9,61,6.35,6.33,3.99,5273
9875,0.57,Good,H,SI1,,54,5.28,5.3,3.34,1218
9876,0.36,Good,H,VS2,63.7,55,4.52,4.49,2.87,729
9878,0.9,Premium,J,VS1,62.1,62,6.12,6.05,3.78,2964
9882,0.34,Premium,I,SI1,60,58,4.51,4.55,2.72,459
9883,0.52,Very Good,E,VS1,60.7,54,5.22,5.29,3.19,1682
9886,0.5,Ideal,G,VVS2,61.4,57,5.13,5.1,3.14,1935
9888,1.04,Very Good,H,SI2,60.2,60,6.52,6.57,3.94,4332
9889,0.74,Premium,F,SI2,59.2,60,5.96,5.9,3.51,2383
9891,0.42,Ideal,I,SI1,,55,4.81,4.83,2.98,833
9892,1.26,Premium,J,SI1,61.7,58,6.91,6.99,4.29,5114
9894,0.4,Very Good,D,SI2,63.1,57,4.75,4.72,2.99,798
9896,2.01,Very Good,E,SI2,60.6,59,8.11,8.25,4.96,17118
9897,2.42,Ideal,H,SI2,62.3,57,8.62,8.55,5.35,16826
9900,0.3,Premium,J,VS1,62.6,60,4.22,4.28,2.66,394
9902,1.51,Ideal,H,VS2,62.6,57,7.37,7.33,4.6,10685
9906,1.01,Good,E,SI2,58.5,61,6.51,6.55,3.82,4506
9908,0.9,Good,F,SI1,61.3,60,6.13,6.18,3.77,3893
9909,0.81,Very Good,F,SI1,61.3,57,6.02,6.05,3.7,2858
9913,1.23,Premium,J,VS1,60.1,60,6.9,6.95,4.16,5209
9920,0.71,Ideal,H,VS1,60.8,57,5.74,5.79,3.51,3229
9925,0.3,Ideal,E,VVS2,61.6,57,4.32,4.29,2.65,1013
9931,2.01,Premium,H,VS2,62.6,59,8.02,7.88,4.98,13599
9934,2.24,Premium,I,SI2,61.9,58,8.36,8.29,5.15,15515
9936,0.3,Ideal,F,IF,62.3,57,4.25,4.29,2.66,886
9938,1.63,Very Good,I,SI1,62,54,7.6,7.67,4.73,9090
9941,1.21,Very Good,G,SI1,63.4,60,6.68,6.63,4.22,4637
9942,0.3,Very Good,E,VVS2,61.4,60,4.25,4.28,2.62,789
9944,0.21,Very Good,E,VS2,63.2,54,3.82,3.78,2.4,386
9945,0.76,Premium,E,SI2,62.4,58,5.83,5.86,3.65,2451
9946,1.01,Very Good,G,VS2,61.6,61,6.36,6.46,3.95,5759
9949,1.32,Premium,I,SI2,60.8,58,7.03,7.11,4.3,4704
9950,0.87,Very Good,H,SI1,62.2,57,6.05,6.11,3.78,3180
9953,0.31,Ideal,F,SI1,62.3,56,4.38,4.35,2.72,707
9956,0.32,Ideal,G,IF,61.2,56,4.4,4.43,2.7,918
9962,0.3,Ideal,E,VS2,62.5,56,4.28,4.3,2.68,658
9967,0.4,Ideal,I,VS2,62.6,54,4.74,4.75,2.97,667
9968,1.04,Very Good,F,VS1,61.6,60,6.49,6.54,4.01,8090
9974,0.39,Premium,E,VS2,62.5,60,4.64,4.67,2.91,889
9975,0.28,Very Good,F,VS2,60.8,58,4.19,4.26,2.57,487
9981,0.9,Premium,G,SI1,62.7,59,6.14,6.1,3.84,3774
9984,1.51,Ideal,I,SI2,61.2,58,7.33,7.42,4.51,7362
9988,1,Premium,J,SI1,58.7,58,6.55,6.51,3.83,3920
9990,1.11,Ideal,E,VVS2,62.9,55,6.56,6.62,4.14,11074
9991,0.72,Ideal,F,SI1,62.3,56,5.77,5.79,3.6,3004
9994,1,Ideal,F,SI2,61.1,54,6.51,6.47,3.97,3674
9998,0.37,Ideal,F,VS2,60.6,56,4.64,4.63,2.81,957
9999,0.7,Very Good,E,VS2,61.8,59,5.65,5.68,3.5,2845
10002,1.5,Premium,H,SI1,61.8,60,7.31,7.23,4.49,10567
10004,1.01,Premium,H,SI1,60,58,6.6,6.54,3.94,4965
10005,0.72,Ideal,E,SI2,61.4,55,5.78,5.8,3.56,2526
10007,1.07,Ideal,E,SI2,62.5,57,6.56,6.5,4.08,6060
10010,0.35,Good,F,SI2,63.8,56,4.45,4.48,2.85,460
10012,0.51,Ideal,E,VS2,61.9,56,5.12,5.16,3.18,1656
10015,0.91,Ideal,G,SI1,62.6,56,6.27,6.3,3.81,3991
10016,0.7,Very Good,H,SI1,61.5,57,5.64,5.68,3.48,2107
10017,0.55,Premium,E,VS2,58.1,62,5.46,5.38,3.15,1708
10018,0.63,Ideal,E,VS1,61.5,56,5.5,5.53,3.39,2503
10019,1.22,Ideal,J,SI1,62.3,55,6.91,6.83,4.28,5192
10025,1.19,Ideal,D,SI2,60.4,55,6.91,6.89,4.17,5504
10026,1.01,Fair,F,VS2,66.1,61,6.1,6.04,4.01,4791
10028,0.51,Ideal,D,VS2,60.9,56,5.16,5.19,3.15,1787
10030,0.36,Ideal,G,IF,61.7,56,4.57,4.6,2.83,985
10037,0.37,Very Good,E,SI2,61.9,55,4.63,4.67,2.87,541
10038,0.4,Premium,G,VVS1,61.5,58,4.69,4.74,2.9,1123
10039,1.14,Ideal,H,VS2,62.6,56,6.68,6.65,4.17,6095
10040,1.26,Ideal,D,VS2,62.5,57,6.9,6.85,4.3,8256
10041,1.14,Ideal,I,SI1,62.3,58,6.65,6.7,4.16,5469
10047,0.5,Very Good,G,VVS1,62.3,59,5.01,5.04,3.13,1966
10049,0.31,Ideal,F,VVS1,61.4,56,4.37,4.4,2.69,840
10050,0.7,Ideal,G,SI2,,55,5.66,5.72,3.55,2232
10053,1.01,Good,J,SI1,58.8,57,6.57,6.63,3.88,3853
10055,0.23,Good,E,VVS1,60.6,65,3.95,3.97,2.4,458
10057,1.7,Fair,G,VS2,64.5,58,7.51,7.43,4.82,14860
10062,0.31,Ideal,E,VS2,61.8,54,4.34,4.37,2.69,680
10063,1.04,Good,F,SI1,63.4,59,6.4,6.44,4.07,5045
10065,1.53,Premium,G,VVS2,62.5,60,7.34,7.31,4.58,15505
10067,1.01,Very Good,F,VS2,59.1,59,6.58,6.65,3.91,6196
10068,0.42,Premium,E,SI1,62.7,59,4.78,4.79,3,773
10069,1.58,Premium,G,VS2,62.6,59,7.47,7.44,4.67,13132
10072,0.51,Ideal,G,VVS2,61.9,55,5.14,5.17,3.19,1926
10080,1,Very Good,E,SI1,63.1,59,6.34,6.4,4.02,5175
10087,0.31,Ideal,D,SI1,62.3,56,4.32,4.35,2.7,548
10088,0.72,Premium,D,SI1,60.5,57,5.89,5.85,3.55,3048
10089,0.91,Premium,H,SI1,60.2,52,6.27,6.15,3.74,2935
10090,0.57,Very Good,J,SI2,59.9,60,5.36,5.43,3.23,1235
10094,0.3,Ideal,E,VVS1,60.6,57,4.35,4.33,2.63,956
10095,0.37,Premium,E,VS1,60.4,58,4.66,4.61,2.8,1124
10096,0.8,Premium,E,SI2,60.2,57,6.05,6.01,3.63,2829
10098,0.4,Ideal,E,SI2,61.3,56,4.75,4.78,2.92,629
10101,0.3,Ideal,I,VS2,61.4,58,4.29,4.31,2.64,438
10102,0.53,Ideal,F,IF,62.4,55,5.2,5.19,3.24,2447
10106,0.71,Very Good,E,SI1,60.3,58,5.8,5.85,3.51,2570
10108,0.54,Ideal,F,VVS2,61.2,55,5.25,5.27,3.22,2216
10110,1.09,Very Good,I,VS2,62,56,6.57,6.59,4.08,4959
10112,0.4,Premium,J,VS1,,60,4.76,4.79,2.9,631
10114,0.75,Ideal,E,SI1,61.5,56,5.88,5.84,3.6,2652
10116,1.11,Very Good,H,SI2,59.8,60,6.66,6.75,4.01,4456
10117,0.5,Premium,F,VS1,62.3,55,5.09,5.06,3.16,1838
10122,0.5,Ideal,E,VVS1,61.9,58,5.07,5.11,3.15,2682
10125,0.3,Premium,F,VS2,61.4,60,4.3,4.27,2.63,776
10126,0.5,Good,E,VS2,59.8,57,5.12,5.18,3.08,1395
10127,1.06,Premium,E,SI2,60.5,60,6.61,6.67,4.02,4652
10129,0.3,Good,I,VS1,63.3,59,4.2,4.23,2.67,473
10131,1.01,Fair,H,SI1,65.3,57,6.33,6.23,4.1,4256
10132,1.05,Ideal,G,VS2,61.8,57,6.53,6.48,4.02,6586
10133,1.16,Premium,J,SI1,62.2,58,6.75,6.68,4.18,4326
10134,0.31,Ideal,F,VS2,61.9,55,4.31,4.35,2.68,625
10142,0.41,Very Good,E,SI2,63,57,4.7,4.73,2.97,638
10147,0.29,Ideal,G,VVS2,61.3,56,4.23,4.25,2.6,600
10148,1.27,Premium,J,VS2,62.8,58,6.96,6.92,4.36,4011
10153,0.31,Good,E,SI1,63.7,57,4.31,4.29,2.74,698
10156,1.54,Ideal,I,SI2,60.3,59,7.43,7.46,4.49,8092
10162,0.9,Very Good,F,SI1,62.5,62,6.08,6.11,3.81,3950
10165,0.3,Ideal,D,VS2,62.4,56,4.32,4.27,2.68,911
10166,0.71,Ideal,I,VVS1,62.3,56,5.7,5.73,3.56,2606
10167,1.04,Ideal,H,VS1,62.7,57,6.42,6.46,4.04,5577
10170,0.32,Premium,H,VS1,61.6,59,4.39,4.37,2.7,672
10171,1.2,Premium,F,SI2,62.7,60,6.73,6.67,4.21,4274
10172,0.27,Very Good,E,VVS2,61.2,60,4.16,4.17,2.55,606
10173,0.36,Ideal,F,VS1,60.8,56,4.61,4.64,2.81,803
10174,0.43,Ideal,I,SI1,60.9,57,4.88,4.9,2.98,852
10179,1.25,Ideal,I,SI2,63.3,56,6.87,6.83,4.34,5292
10180,0.51,Good,E,SI2,63.3,56,5.08,5.12,3.23,1130
10183,1,Very Good,F,VS1,61.6,56,6.41,6.44,3.96,7504
10186,0.31,Premium,D,SI1,61.4,58,4.34,4.39,2.68,571
10187,0.9,Ideal,G,SI2,,56,6.14,6.19,3.85,3500
10188,0.71,Very Good,G,VS2,63.1,56,5.58,5.77,3.58,2462
10189,0.33,Premium,G,VVS1,60.9,58,4.47,4.43,2.71,1114
10191,2.06,Premium,F,SI2,61.7,59,8.21,8.13,5.04,16857
10194,0.33,Premium,G,VVS1,62.1,58,4.4,4.43,2.74,868
10202,1.48,Very Good,I,VS2,63,58,7.16,7.19,4.52,8196
10204,1.02,Premium,J,SI1,61.8,58,6.5,6.44,4,3856
10205,0.57,Very Good,E,VS2,61,57,5.33,5.35,3.26,1785
10209,0.3,Ideal,D,VS2,61.4,54,4.34,4.39,2.68,670
10212,2.06,Ideal,I,VS2,59.2,57,8.39,8.29,4.94,15691
10222,0.52,Good,G,VS2,63.3,57,5.09,5.11,3.23,1349
10225,0.51,Very Good,D,VS1,63.1,58,5.05,5.1,3.2,1838
10232,1.22,Very Good,D,SI2,59,58,6.96,7.08,4.14,6607
10240,0.4,Ideal,H,SI1,61.7,56,4.72,4.77,2.93,770
10242,0.9,Fair,E,I1,59.9,66,6.18,6.14,3.69,2138
10244,1.01,Premium,G,SI1,63,60,6.34,6.3,3.98,4118
10246,0.32,Premium,G,VS2,60.8,59,4.44,4.41,2.69,720
10247,0.31,Good,E,SI1,63.1,55,4.33,4.36,2.74,544
10249,0.7,Premium,H,SI2,60.5,61,5.75,5.72,3.47,1808
10251,0.71,Ideal,F,VS1,62.1,57,5.73,5.76,3.57,3066
10252,1.52,Premium,J,VS1,62.2,59,7.32,7.38,4.57,8426
10253,0.31,Premium,D,SI1,60.2,56,4.4,4.37,2.64,732
10254,0.71,Ideal,F,VVS2,61.2,55,5.73,5.84,3.54,3705
10256,1.02,Good,D,SI2,57.5,62,6.62,6.6,3.8,3909
10261,0.7,Fair,I,VVS2,64.7,55,5.62,5.51,3.6,2117
10262,0.3,Ideal,D,VVS2,61.6,58,4.29,4.32,2.65,814
10265,0.53,Premium,D,SI1,60,58,5.29,5.24,3.16,1753
10271,0.52,Ideal,E,SI1,61.6,55,5.19,5.16,3.19,1577
10272,0.52,Good,H,SI1,63.1,57,5.09,5.14,3.23,1111
10273,0.31,Very Good,G,VS1,62.9,57,4.3,4.32,2.71,625
10275,1.03,Very Good,H,SI1,60.4,60,6.41,6.53,3.91,5050
10278,1.01,Good,D,VS1,63.1,59,6.34,6.37,4.01,7955
10279,0.41,Ideal,G,IF,61,57,4.81,4.79,2.93,1431
10280,1.57,Ideal,J,VS1,62.1,54,7.46,7.49,4.64,9683
10281,0.32,Ideal,F,VVS2,61.4,57,4.41,4.45,2.72,728
10283,0.32,Premium,I,VVS2,61.9,59,4.38,4.35,2.7,720
10284,0.54,Ideal,H,VVS1,61.1,57,5.26,5.22,3.2,1944
10292,0.71,Ideal,G,VVS2,62.5,58,5.7,5.73,3.57,2978
10294,0.7,Ideal,J,VS2,61.9,57,5.65,5.69,3.51,1974
10299,0.32,Ideal,E,VVS1,61.2,55,4.41,4.42,2.7,892
10300,0.3,Good,D,SI2,63.3,57,4.26,4.3,2.71,447
10302,1.64,Very Good,F,SI2,63.2,57,7.56,7.47,4.75,8357
10304,0.77,Ideal,H,SI1,61.7,56,5.9,5.85,3.62,2612
10305,0.5,Very Good,G,SI1,60.8,63,5.08,5.11,3.1,1171
10309,0.73,Very Good,F,SI2,58,61,5.94,5.99,3.46,2485
10311,1.42,Premium,H,SI2,61.6,58,7.22,7.17,4.43,7316
10312,0.71,Ideal,E,SI1,60.8,57,5.8,5.84,3.54,3360
10313,0.93,Premium,I,VS2,62.7,61,6.24,6.14,3.88,4073
10314,1.18,Ideal,F,VVS2,60.6,55,6.84,6.88,4.16,11415
10325,1.21,Premium,I,VS2,61.6,61,6.86,6.8,4.21,4669
10327,0.58,Ideal,D,VVS1,62.2,56,5.34,5.36,3.33,3741
10329,0.97,Ideal,H,SI2,60.7,55,6.47,6.41,3.91,3729
10331,0.43,Ideal,H,SI1,60.7,54,4.96,4.92,3,891
10332,0.31,Ideal,G,IF,61.4,56,4.38,4.41,2.7,891
10335,1.61,Ideal,D,VS2,62,55,7.51,7.5,4.67,18318
10336,1.73,Good,J,SI1,65.6,55,7.42,7.47,4.88,8703
10337,0.31,Ideal,J,VS1,61.9,54.7,4.34,4.36,2.69,429
10338,0.4,Very Good,G,VVS2,62.5,60,4.65,4.7,2.92,982
10339,0.3,Ideal,G,IF,61.7,55,4.34,4.31,2.67,956
10343,0.9,Premium,F,SI1,61.7,62,6.19,6.13,3.8,3936
10351,0.9,Fair,F,SI1,65.1,56,6.08,6.05,3.95,3437
10353,0.35,Ideal,H,VS2,61.2,56,4.54,4.55,2.78,571
10356,0.86,Ideal,I,VS2,63,53,6.1,6.06,3.83,2706
10361,1.23,Very Good,H,I1,61.9,60.6,6.79,6.85,4.22,3835
10363,0.56,Very Good,G,SI2,62.8,58,5.19,5.23,3.27,1091
10364,1.01,Very Good,I,SI1,60.9,63,6.51,6.43,3.94,2323
10365,0.5,Fair,E,VS2,66.3,55,4.98,4.94,3.29,1397
10367,0.7,Very Good,I,VVS1,60.9,60,5.68,5.71,3.47,2421
10369,2.01,Good,H,SI2,63.1,55,7.99,8.09,5.07,13849
10376,0.57,Ideal,G,VVS2,60.7,55,5.36,5.34,3.25,2206
10377,0.32,Ideal,E,SI2,62.7,55,4.42,4.39,2.76,576
10381,0.3,Ideal,I,VVS2,62.2,56,4.25,4.3,2.66,495
10382,0.51,Very Good,J,VS2,61.6,58,5.09,5.14,3.15,1008
10385,0.34,Ideal,H,VVS2,61.4,56,4.48,4.51,2.76,852
10387,1.18,Ideal,G,VVS1,61.1,57,6.78,6.84,4.16,9095
10388,0.68,Good,F,VS1,60,60.8,5.67,5.71,3.41,2516
10391,1,Very Good,D,VS2,59.8,60,6.46,6.49,3.87,7281
10394,2.06,Premium,G,SI1,61.5,58,8.2,8.15,5.03,18439
10395,0.71,Ideal,D,SI1,60.8,57,5.75,5.78,3.5,3502
10401,0.7,Ideal,E,SI1,62.7,57,5.64,5.66,3.54,2614
10402,1.21,Ideal,G,VS1,61.4,56,6.9,6.84,4.22,8985
10409,0.31,Ideal,G,VS2,61.8,57,4.34,4.36,2.69,544
10412,0.7,Very Good,E,VVS2,59.2,61,5.79,5.84,3.44,3154
10414,1,Good,F,SI1,64,57,6.29,6.33,4.04,4372
10418,1.07,Ideal,F,SI2,61.5,57,6.57,6.6,4.05,4678
10419,0.5,Premium,D,SI1,62.2,58,5.08,5.12,3.17,1272
10421,0.36,Ideal,G,VVS1,60.9,57,4.63,4.57,2.8,1080
10431,0.41,Good,D,VS2,63.8,55,4.7,4.73,3.01,873
10433,0.33,Premium,F,VS2,60.8,58,4.44,4.47,2.71,666
10434,0.3,Good,H,VS1,63.2,56,4.25,4.29,2.7,526
10435,0.36,Premium,D,VS2,61,59,4.57,4.61,2.8,852
10439,1.11,Premium,G,VS2,60.8,58,6.7,6.65,4.06,6713
10444,0.26,Ideal,I,VS1,61.9,56,4.08,4.16,2.55,358
10447,0.9,Very Good,D,SI1,62.3,53,6.2,6.22,3.87,5123
10448,0.9,Good,F,SI1,63.6,59,6.12,6.07,3.88,3881
10450,0.41,Ideal,F,VS2,61.8,56,4.8,4.78,2.96,1107
10454,0.43,Ideal,G,VVS2,61.9,55,4.84,4.86,3,1056
10456,1.04,Very Good,H,SI1,62.8,57,6.44,6.48,4.06,4564
10460,0.3,Premium,F,VVS2,61.5,58,4.29,4.31,2.64,737
10462,0.25,Ideal,G,VS1,62.3,54,4.05,4.11,2.54,438
10463,0.31,Ideal,D,VS1,62,54,4.35,4.36,2.7,683
10465,0.3,Good,H,VS1,63.2,58,4.22,4.26,2.68,491
10466,1.5,Very Good,E,VS2,61.9,57,7.31,7.38,4.55,11939
10468,0.51,Very Good,D,VS2,63.5,56,5.1,5.04,3.22,1793
10469,0.78,Very Good,E,VS2,61.7,58,5.9,5.93,3.65,3334
10471,0.5,Good,E,VS2,64.9,59,4.89,4.94,3.19,1389
10474,0.61,Premium,D,VS1,62.4,57,5.46,5.44,3.4,2207
10477,1.2,Very Good,G,VS2,62,55,6.8,6.84,4.23,7318
10478,0.74,Very Good,F,VS2,61.3,61,5.8,5.84,3.57,2775
10479,0.56,Ideal,E,SI1,62.7,57,5.27,5.23,3.29,1698
10481,1.24,Very Good,E,VS1,62,58,6.9,6.96,4.3,10185
10491,0.3,Ideal,D,VS2,62.3,56,4.32,4.29,2.68,911
10492,0.5,Good,F,VS2,62.8,61,4.94,5,3.12,1447
10493,1.25,Ideal,I,SI1,59.6,59,7.01,7.09,4.2,6066
10495,1.03,Ideal,F,SI1,62.1,56,6.5,6.46,4.03,6183
10498,1.06,Ideal,I,SI1,61.2,56,6.6,6.57,4.03,4749
10500,0.82,Premium,H,SI2,59.5,62,6.13,6.07,3.63,2499
10501,1.08,Premium,F,VS2,62.1,59,6.59,6.54,4.08,7637
10503,1.01,Premium,G,SI2,62.4,58,6.41,6.38,3.99,4442
10506,1.51,Fair,E,SI1,67.2,53,7.15,7.1,4.79,7468
10508,0.52,Ideal,G,VS2,61.2,56,5.16,5.2,3.17,1586
10510,1.01,Premium,F,VS1,61.7,58,6.4,6.43,3.96,7372
10511,0.77,Premium,E,SI2,62.5,60,5.84,5.8,3.64,2171
10518,0.41,Ideal,D,VVS2,61.1,56,4.81,4.78,2.93,1181
10519,1.86,Very Good,J,VS2,,55,7.81,7.9,4.91,10798
10520,1.3,Premium,D,SI2,61.5,58,6.98,6.91,4.27,7044
10522,0.53,Good,E,SI2,63.2,54,5.16,5.19,3.27,1141
10523,0.28,Ideal,F,IF,61.9,56,4.18,4.21,2.59,787
10524,1.77,Premium,J,SI1,61.3,59,7.83,7.71,4.76,9704
10525,1.06,Very Good,G,VS2,59.4,59,6.68,6.63,3.95,6217
10527,0.71,Ideal,D,VVS2,61.6,56,5.69,5.77,3.53,4222
10530,1.06,Very Good,G,VS1,63.4,57,6.48,6.45,4.1,6595
10533,1.03,Premium,G,VS1,62.1,59,6.48,6.4,4,6479
10534,1.19,Ideal,G,VVS2,60.8,59,6.84,6.81,4.15,9524
10538,1.01,Premium,G,IF,60,61,6.45,6.41,3.86,8120
10539,0.33,Premium,H,VS1,59.5,59,4.53,4.48,2.68,743
10541,1.51,Ideal,I,SI2,62.8,54,7.28,7.34,4.59,7693
10544,0.33,Ideal,E,VVS1,61.9,54,4.45,4.47,2.76,945
10546,1.01,Premium,H,SI2,62.3,60,6.39,6.32,3.96,3782
10547,1.07,Ideal,E,SI2,61.6,55,6.62,6.59,4.07,4564
10548,0.34,Premium,D,SI1,62.8,58,4.48,4.44,2.8,803
10553,0.7,Good,H,SI1,64.2,58,5.59,5.62,3.6,1771
10554,0.72,Premium,J,VS2,61.4,58,5.74,5.76,3.53,1846
10559,0.51,Premium,G,VS2,62.7,58,5.12,5.09,3.2,1546
10561,0.29,Ideal,F,VVS1,60.9,57,4.32,4.29,2.62,858
10562,0.51,Good,G,SI1,63.1,64,5.08,5.03,3.19,1107
10564,0.96,Ideal,G,SI1,62.6,57,6.28,6.24,3.92,4355
10571,0.27,Very Good,D,VS1,63.2,55,4.1,4.16,2.61,470
10578,0.3,Ideal,G,VVS2,,57,4.29,4.26,2.68,878
10581,0.58,Ideal,F,VVS2,62.2,56,5.32,5.36,3.32,2567
10582,0.3,Good,F,SI2,63.5,57,4.22,4.25,2.69,394
10583,0.98,Very Good,G,SI2,62.2,57,6.33,6.37,3.95,4542
10587,2.03,Very Good,E,SI2,63,61,7.99,8.04,5.05,15690
10588,0.91,Very Good,E,SI2,62.8,59,6.1,6.16,3.85,3876
10589,0.86,Fair,E,SI2,55.1,69,6.45,6.33,3.52,2757
10592,0.9,Very Good,G,SI2,63.5,57,6.09,6.13,3.88,3350
10594,0.5,Very Good,F,SI2,63.5,58,5.03,4.98,3.18,1094
10596,1.03,Premium,H,SI1,62.2,60,6.4,6.43,3.99,4843
10598,0.78,Good,E,SI1,57.9,62,6.06,6.03,3.5,2723
10599,2.03,Premium,J,SI1,62.1,59,8.12,8.06,5.02,12979
10600,0.91,Premium,I,SI2,62,59,6.18,6.23,3.85,2913
10601,0.9,Premium,G,VS2,60.8,61,6.22,6.12,3.75,4259
10603,0.75,Ideal,D,SI2,61.3,56,5.85,5.89,3.6,2773
10606,0.75,Premium,E,VS2,62.1,57,5.9,5.79,3.63,3024
10607,0.56,Very Good,G,SI1,61.1,56,5.32,5.34,3.26,1408
10610,1.82,Ideal,F,SI1,61.8,58,7.8,7.84,4.83,15802
10611,1.21,Premium,J,SI1,62.2,57,6.84,6.76,4.23,5266
10612,0.35,Good,I,SI1,63.6,56,4.5,4.53,2.87,472
10614,0.3,Very Good,I,VS1,62,58,4.25,4.3,2.65,473
10615,1.7,Ideal,J,SI1,60.9,57,7.73,7.66,4.69,8758
10617,1.21,Very Good,H,SI1,63.5,60,6.65,6.61,4.21,6566
10618,0.9,Fair,H,VS2,65.6,55,6.01,5.97,3.93,3375
10619,0.43,Very Good,F,SI1,62.9,59,4.79,4.84,3.03,792
10621,0.7,Very Good,I,VS1,62.4,58,5.62,5.67,3.52,1971
10622,0.35,Very Good,D,VS1,59.9,56,4.61,4.64,2.77,846
10628,0.32,Premium,G,VVS1,61.9,58,4.39,4.36,2.71,1080
10632,0.5,Very Good,G,SI1,62.8,61,4.99,5.01,3.14,1197
10634,0.42,Good,D,SI1,63.3,58,4.73,4.75,3,735
10635,0.59,Premium,H,SI1,62.2,59,5.38,5.32,3.33,1106
10639,0.77,Premium,E,SI2,58.2,60,6.01,5.95,3.48,2360
10640,1.51,Ideal,E,VS2,59.8,59,7.55,7.47,4.49,13986
10641,1.02,Fair,H,VS2,64.6,61,6.32,6.24,4.06,4462
10644,1.6,Ideal,F,SI1,61.1,55,7.55,7.58,4.62,13140
10645,1.51,Ideal,H,VS2,62.5,56,7.37,7.33,4.57,11133
10646,0.55,Ideal,G,VS2,61.4,56.3,5.26,5.29,3.24,1662
10648,0.34,Ideal,D,VS1,61.3,56,4.5,4.54,2.77,742
10654,0.33,Ideal,D,SI2,62.4,57,4.42,4.39,2.75,631
10655,0.29,Very Good,F,VVS2,60.1,58,4.32,4.37,2.61,664
10656,0.31,Premium,E,VS2,61.3,60,4.32,4.39,2.67,680
10657,0.75,Very Good,F,SI2,60.5,57,5.88,5.95,3.58,2274
10658,0.4,Premium,E,VS2,,59,4.81,4.77,2.84,975
10660,0.54,Ideal,G,SI2,61.8,55,5.23,5.26,3.24,1028
10661,0.9,Premium,H,VS2,62,57,6.16,6.1,3.8,4082
10662,1.29,Premium,I,SI1,62.1,57,7.03,6.92,4.33,6140
10669,0.38,Very Good,I,VS2,62.4,56,4.65,4.58,2.88,549
10670,0.77,Premium,E,VS2,60.5,59,5.98,5.92,3.6,3234
10675,1.59,Ideal,H,SI1,61.4,55,7.56,7.51,4.63,10284
10677,1.6,Very Good,H,SI2,61.1,57,7.55,7.5,4.6,10340
10678,1.01,Very Good,E,SI1,62.8,59,6.41,6.45,4.04,5416
10683,0.52,Ideal,I,VVS2,62.2,57,5.18,5.11,3.2,1376
10686,0.4,Ideal,I,VVS1,60.5,57,4.76,4.79,2.89,842
10691,0.23,Ideal,H,VVS1,61.1,55,3.98,4.01,2.44,484
10693,2.5,Ideal,J,SI2,60.7,55,8.8,8.66,5.3,15990
10694,1.02,Good,I,SI2,63.6,56,6.4,6.37,4.06,3856
10696,0.34,Ideal,D,SI1,62,55,4.5,4.53,2.8,584
10705,1.12,Premium,G,I1,60.3,60,6.75,6.69,4.05,3017
10719,0.7,Very Good,F,VS2,60.5,57,5.74,5.79,3.49,2400
10724,1.5,Good,G,SI2,57.9,61,7.52,7.48,4.35,6006
10726,1.22,Ideal,F,SI2,61.7,54.9,6.84,6.9,4.24,6132
10727,0.5,Fair,E,VS2,65.4,57,5.01,4.81,3.21,1397
10728,1.84,Ideal,J,VS1,62.4,56,7.84,7.8,4.89,8828
10729,0.95,Very Good,D,SI1,63.7,55,6.2,6.24,3.96,5101
10736,0.72,Ideal,E,SI1,60.8,57,5.77,5.8,3.52,3409
10742,1.09,Ideal,F,SI1,62,56,6.59,6.61,4.09,5816
10745,0.4,Premium,G,VVS1,60.9,57,4.8,4.76,2.91,1200
10746,0.93,Ideal,D,SI1,61.6,57,6.27,6.33,3.88,4724
10747,0.39,Ideal,D,VS1,61.9,57,4.71,4.69,2.91,1170
10750,0.4,Ideal,J,VS1,60.4,56,4.77,4.8,2.89,641
10751,0.72,Ideal,G,VS2,61,55,5.81,5.83,3.55,3547
10752,0.71,Good,G,VVS1,62.7,61,5.64,5.68,3.55,3072
10753,0.73,Premium,J,VS1,60.2,58,5.87,5.82,3.52,2037
10754,0.26,Very Good,F,VVS1,62,59,4.08,4.15,2.55,597
10755,1.31,Ideal,I,VS1,62.2,57,7,7.03,4.36,7751
10757,0.33,Ideal,G,VVS2,61.5,55,4.47,4.51,2.76,713
10758,0.77,Ideal,E,SI1,61,56,5.92,5.94,3.62,3827
10759,0.41,Ideal,F,IF,62.3,55,4.78,4.82,2.99,1439
10760,1.11,Ideal,I,SI1,62.3,56,6.59,6.64,4.12,4645
10761,0.31,Ideal,D,VS2,61.9,56,4.34,4.38,2.7,734
10765,0.31,Ideal,I,VS2,61.4,55,4.35,4.41,2.69,452
10767,1.03,Premium,D,SI2,61.7,58,6.47,6.5,4,4679
10769,1.03,Ideal,F,SI2,60.5,58,6.55,6.49,3.94,4586
10771,2,Good,D,SI2,63.8,57,7.93,7.88,5.04,10528
10774,0.71,Very Good,G,VS1,63.3,59,5.52,5.61,3.52,2768
10775,0.54,Very Good,F,VS2,,60,5.34,5.39,3.12,1551
10778,0.4,Premium,D,VS1,62.1,58,4.7,4.73,2.93,1123
10782,0.4,Good,D,SI1,60.3,61,4.74,4.78,2.87,667
10783,1.13,Ideal,D,SI2,60.1,55,6.79,6.85,4.1,5412
10791,1,Good,E,SI1,57.6,65,6.47,6.44,3.72,3696
10792,0.76,Ideal,G,VVS2,62,56,5.86,5.88,3.64,3927
10794,1,Good,D,SI1,60.4,64,6.39,6.3,3.83,5096
10798,0.53,Good,E,VVS2,63.4,61,5.11,5.18,3.26,2582
10800,0.5,Good,F,SI2,57.7,62,5.22,5.18,3,984
10803,0.61,Ideal,E,I1,63.4,57,5.43,5.37,3.42,1255
10805,1.07,Premium,G,VS2,62.2,58,6.54,6.48,4.05,6040
10807,0.41,Very Good,F,VS1,60.7,56,4.77,4.82,2.91,1007
10809,0.7,Premium,F,SI1,,59,5.73,5.69,3.55,2423
10813,0.25,Very Good,E,VVS2,61.7,57,4.08,4.12,2.53,548
10814,0.8,Very Good,I,SI1,61.9,56,5.94,5.98,3.69,2473
10815,0.57,Ideal,H,VS1,61.7,54,5.33,5.36,3.3,1554
10817,0.59,Ideal,F,VVS2,62,55,5.36,5.38,3.33,2611
10820,0.31,Very Good,D,SI1,63.4,55,4.3,4.28,2.72,732
10822,0.35,Ideal,E,VVS1,61.8,56,4.5,4.53,2.79,905
10823,0.4,Very Good,D,VS2,62.3,60,4.66,4.68,2.91,850
10827,0.34,Good,F,VS1,60.6,63,4.46,4.59,2.74,696
10829,1.09,Ideal,F,SI1,,56,6.63,6.66,4.08,6872
10835,2.02,Premium,I,SI2,59.4,59,8.25,8.21,4.89,14341
10836,0.6,Ideal,D,VVS2,61.9,55,5.41,5.45,3.36,3382
10839,0.26,Premium,F,VS1,59.5,58,4.22,4.18,2.5,580
10840,0.33,Very Good,D,VS2,62.8,54,4.43,4.46,2.79,781
10841,0.51,Very Good,G,VVS2,61.7,58,5.13,5.18,3.18,1875
10842,1.02,Ideal,F,VS1,60.7,56,6.53,6.61,3.99,7091
10844,0.38,Premium,I,VS2,61.8,59,4.64,4.61,2.86,812
10847,1,Premium,E,SI2,60.4,60,6.49,6.46,3.91,4648
10849,0.38,Ideal,F,IF,62.2,54,4.68,4.71,2.92,1229
10852,1.33,Ideal,H,VS1,59.3,57,7.18,7.22,4.27,8558
10854,1.2,Ideal,I,VVS2,61.5,56,6.79,6.84,4.19,7877
10855,0.35,Ideal,G,IF,60.2,55,4.63,4.64,2.79,979
10859,0.7,Ideal,I,SI1,62.6,56,5.66,5.69,3.55,2187
10863,1,Good,E,VS2,57.4,58,6.57,6.61,3.78,6050
10864,0.3,Ideal,F,VS1,61.5,55,4.35,4.33,2.67,754
10865,0.96,Premium,F,SI1,,62,6.39,6.35,3.86,4480
10870,1.03,Ideal,H,SI1,61,55,6.56,6.59,4.01,4759
10871,1.54,Ideal,F,VS2,61,56,7.44,7.49,4.55,17029
10877,0.51,Very Good,E,VS2,59.5,63,5.22,5.17,3.09,1671
10879,0.34,Ideal,F,VVS2,61.8,56,4.49,4.47,2.77,914
10880,0.25,Ideal,H,VVS1,60.2,56,4.1,4.11,2.47,525
10883,0.63,Premium,E,VS1,60.4,58,5.59,5.64,3.39,2171
10884,0.33,Ideal,H,VS1,61.8,56,4.41,4.46,2.74,579
10887,2.04,Very Good,G,SI2,59.9,58,8.26,8.31,4.96,16389
10890,0.91,Good,F,SI1,63.7,58,6.1,6.17,3.91,3993
10893,0.31,Ideal,G,VVS1,61.4,57,4.37,4.39,2.68,772
10898,1,Premium,F,VVS2,61.9,61,6.45,6.32,3.95,7204
10900,0.34,Good,G,SI1,63.4,57,4.42,4.45,2.81,507
10903,0.71,Ideal,E,VS2,61.8,57,5.73,5.7,3.53,2654
10906,0.79,Ideal,E,VS2,59.3,57,6.02,6.06,3.58,3377
10908,1.29,Very Good,I,VS1,,58,6.98,7.03,4.28,5562
10914,1.21,Very Good,H,SI2,62.1,60,6.77,6.82,4.22,5190
10921,0.3,Premium,E,VVS2,61.4,60,4.28,4.25,2.62,1013
10924,0.5,Ideal,D,SI1,60.9,57,5.18,5.14,3.14,1654
10934,0.7,Premium,E,VS1,62.7,57,5.68,5.64,3.55,2818
10935,0.61,Ideal,J,VS1,61.1,56,5.44,5.49,3.33,1569
10936,1.3,Very Good,H,VS1,61.9,56,6.97,7.05,4.34,7747
10941,1.07,Premium,I,I1,59.8,59,6.68,6.62,3.98,2260
10943,0.62,Premium,E,SI2,61.1,59,5.51,5.46,3.35,1579
10944,1,Good,I,VS1,59.6,61,6.48,6.53,3.88,4624
10945,0.52,Ideal,F,VS1,62.5,57,5.17,5.13,3.22,1707
10946,1.11,Premium,F,VS1,62.8,56,6.62,6.57,4.14,7310
10948,0.32,Ideal,D,VS1,61.8,56,4.39,4.41,2.72,736
10949,2.01,Good,H,SI1,63.2,58,7.93,7.98,5.03,15919
10952,1.11,Ideal,J,SI2,61.7,57,6.63,6.69,4.11,4092
10954,0.55,Ideal,E,SI1,61.7,57,5.23,5.27,3.24,1551
10955,1,Good,H,VS2,63.6,61,6.25,6.21,3.96,4722
10958,0.3,Ideal,H,VVS2,62.2,57,4.29,4.26,2.66,776
10961,0.91,Good,G,SI1,57.7,58,6.33,6.4,3.67,5394
10964,1.04,Ideal,F,SI1,61.3,55,6.51,6.53,4,5321
10966,0.23,Very Good,E,VVS2,61.2,60,3.97,4,2.44,505
10969,0.3,Premium,H,VS2,62.7,59,4.26,4.22,2.66,608
10972,0.34,Ideal,G,VS2,61.7,56,4.53,4.48,2.78,765
10978,0.25,Very Good,F,VVS2,60.4,59,4.09,4.12,2.48,575
10979,1.13,Ideal,H,VS2,62,57,6.61,6.69,4.12,6045
10980,2.11,Premium,G,SI2,62.2,58,8.19,8.23,5.11,13598
10981,0.91,Ideal,H,SI2,60.6,57,6.3,6.26,3.81,3854
10985,0.32,Very Good,H,SI1,63.1,55,4.37,4.34,2.75,576
10988,0.41,Ideal,F,VS1,61.7,56,4.76,4.79,2.94,1180
10992,0.3,Ideal,G,VS2,62.2,54,4.29,4.33,2.68,495
10993,0.3,Ideal,F,VS1,61.6,54.7,4.33,4.34,2.67,652
10995,0.57,Premium,F,VS1,59.9,59,5.35,5.4,3.22,1689
10996,1.01,Ideal,D,VVS2,61.1,57,6.47,6.49,3.96,10860
10997,0.7,Premium,F,SI1,61.3,59,5.74,5.68,3.5,2423
11001,0.46,Premium,E,VS1,61.7,59,4.93,4.96,3.05,1372
11002,0.62,Ideal,E,VS1,60.3,57,5.52,5.57,3.35,2492
11003,0.32,Ideal,D,SI1,62.8,56,4.35,4.34,2.73,756
11007,0.73,Fair,I,VS1,55.9,66,6.11,6.01,3.39,2330
11013,0.34,Ideal,G,SI1,61.2,57,4.56,4.53,2.78,650
11015,0.4,Premium,E,SI1,61.3,61,4.76,4.73,2.91,945
11017,0.3,Very Good,G,IF,61,62,4.32,4.34,2.64,895
11023,0.53,Premium,E,SI2,59.9,58,5.31,5.27,3.17,984
11025,0.7,Very Good,D,SI1,58.3,62,5.78,5.84,3.39,2563
11032,1.01,Very Good,F,SI1,61.9,57,6.37,6.42,3.96,4619
11033,2.01,Premium,I,SI1,62.4,61,8.01,7.99,4.99,15528
11038,0.31,Ideal,H,VS2,62.1,55,4.34,4.36,2.7,513
11039,1.54,Premium,H,VS2,61.9,59,7.31,7.33,4.53,11663
11040,0.76,Premium,H,VS2,58.7,61,5.99,5.96,3.51,2622
11044,0.72,Ideal,E,VVS2,62.1,56,5.72,5.77,3.57,4285
11045,0.38,Ideal,G,VS2,61.5,57,4.66,4.68,2.87,840
11046,0.84,Premium,E,VS2,62.4,60,5.98,6.04,3.75,3591
11048,0.41,Very Good,J,VS1,62,55,4.74,4.77,2.95,647
11049,1.04,Very Good,D,SI1,58.9,58,6.66,6.69,3.93,6138
11050,0.54,Ideal,F,VS2,61.4,57,5.25,5.2,3.21,1786
11055,0.9,Good,G,VS2,64.4,62,5.97,6.02,3.86,4135
11057,1.25,Ideal,G,SI2,61.1,55,6.95,6.99,4.26,6371
11058,0.71,Premium,F,SI1,61.6,60,5.79,5.73,3.55,2381
11060,0.41,Ideal,F,VVS1,60.3,56,4.85,4.8,2.91,1356
11061,0.4,Very Good,F,SI1,,58,4.72,4.69,2.98,882
11062,0.76,Ideal,F,SI2,61.5,55,5.87,5.9,3.62,2694
11065,1.51,Ideal,I,VS2,62.6,56,7.32,7.27,4.57,9234
11066,0.33,Very Good,G,SI2,60,56,4.52,4.55,2.73,460
11068,0.34,Ideal,H,VVS1,62,54,4.46,4.48,2.77,775
11071,0.41,Ideal,E,VS1,61.5,56,4.77,4.79,2.94,1007
11075,0.53,Good,E,SI1,63.1,56,5.15,5.19,3.26,1355
11076,0.4,Ideal,E,SI1,62.2,54,4.74,4.78,2.96,673
11078,0.9,Premium,H,VS2,61.8,58,6.12,6.17,3.8,4155
11079,1.32,Ideal,I,SI1,62,57,6.99,7.04,4.35,7162
11082,0.72,Premium,G,SI2,61.6,55,5.79,5.76,3.56,2364
11087,0.33,Ideal,H,VVS1,62.1,55,4.44,4.42,2.75,965
11089,0.63,Fair,H,SI2,64.7,61,5.33,5.27,3.43,1235
11091,0.3,Ideal,E,VVS2,61.9,58,4.28,4.32,2.66,766
11097,0.9,Good,H,VS1,60.6,61,6.13,6.19,3.73,4072
11099,0.7,Very Good,F,VS2,61.6,60,5.59,5.65,3.46,2737
11100,0.3,Ideal,H,VVS1,61.3,57,4.32,4.36,2.66,665
11103,0.7,Very Good,F,SI1,62.9,59,5.62,5.67,3.55,2401
11104,1.5,Ideal,G,VS1,61.8,56,7.38,7.31,4.54,13377
11106,2.01,Premium,I,SI1,61,60,8.16,8.11,4.96,12617
11108,0.63,Premium,E,SI2,58.9,59,5.64,5.6,3.31,1169
11111,0.32,Very Good,H,VS1,61.7,58,4.37,4.41,2.71,561
11112,1.3,Good,J,SI1,64,58,6.91,6.84,4.4,5242
11113,1.69,Ideal,F,SI1,63,57,7.62,7.55,4.78,13872
11115,0.5,Very Good,G,SI1,62.8,56,5.05,5.08,3.18,1237
11116,0.32,Premium,F,VVS2,62.2,59,4.41,4.34,2.72,806
11118,0.28,Ideal,H,VS1,62.2,54,4.18,4.21,2.61,476
11120,0.52,Premium,F,SI1,61.5,60,5.15,5.16,3.17,1191
11123,1.22,Ideal,G,VVS1,61.5,56,6.86,6.9,4.23,12081
11128,1.51,Ideal,H,VS2,62.2,57,7.33,7.29,4.55,11540
11129,0.9,Premium,G,SI1,60.6,60,6.22,6.15,3.75,3407
11134,0.24,Very Good,D,VVS2,60.1,57,4.03,4.09,2.44,499
11135,0.36,Ideal,F,VVS2,62.4,55,4.54,4.57,2.84,896
11137,0.33,Very Good,E,VVS1,61.6,53,4.46,4.5,2.76,848
11138,0.5,Very Good,G,SI1,60,63,5.1,5.06,3.05,1286
11139,1.01,Very Good,I,SI1,63.3,54,6.34,6.36,4.02,4749
11140,0.36,Very Good,I,VS2,61.6,58,4.52,4.57,2.8,505
11146,0.32,Ideal,D,SI1,62.7,54,4.35,4.39,2.74,589
11155,0.58,Very Good,G,SI1,61.9,56,5.35,5.39,3.32,1379
11156,0.9,Good,F,SI1,,59,6.1,6.13,3.82,4119
11157,0.58,Ideal,I,SI2,61.3,56,5.38,5.45,3.32,1158
11160,0.8,Ideal,E,SI1,61.9,55,5.94,5.98,3.69,4125
11161,0.76,Ideal,H,SI1,61.7,56,5.87,5.84,3.61,2338
11162,0.24,Very Good,F,VS2,61.3,54,4.02,4.07,2.47,461
11167,0.53,Very Good,G,SI1,62.5,55,5.12,5.24,3.24,1267
11171,0.73,Ideal,J,SI1,62,56,5.74,5.78,3.57,1902
11172,0.33,Ideal,E,VVS2,61.7,57,4.41,4.44,2.73,868
11174,0.59,Very Good,E,VS2,60.6,60,5.44,5.49,3.31,2094
11178,0.31,Premium,I,SI1,61.5,59,4.35,4.37,2.68,408
11181,1.5,Very Good,E,SI1,60.4,59,7.35,7.39,4.45,12000
11182,0.32,Ideal,G,VS1,62,56,4.41,4.37,2.72,828
11184,2.25,Premium,I,SI1,60.1,60,8.55,8.51,5.13,18034
11186,0.36,Ideal,I,VVS1,61.5,55,4.61,4.63,2.84,645
11188,2.26,Ideal,H,SI2,62.2,56,8.38,8.35,5.2,17312
11189,0.2,Premium,D,VS2,61.7,60,3.77,3.72,2.31,367
11193,0.5,Good,F,SI1,63.1,61,5.06,4.98,3.17,1043
11195,0.51,Very Good,G,VS1,62.4,60,5.05,5.08,3.16,1752
11204,1,Very Good,F,VS2,62.7,58,6.38,6.41,4.01,6319
11205,1.07,Ideal,H,SI2,59.2,57,6.7,6.64,3.95,4434
11206,0.42,Premium,G,VVS2,60.4,59,4.82,4.78,2.9,1103
11207,1,Fair,E,SI2,65.1,59,6.3,6.23,4.08,3575
11208,0.29,Very Good,H,VVS2,62.2,54,4.23,4.26,2.64,466
11210,0.9,Fair,F,VS1,66.2,55,6.11,5.97,4,4183
11211,1.22,Ideal,H,VS2,60.4,57,6.95,6.98,4.21,7506
11212,0.24,Premium,H,VVS1,61.2,58,4.01,3.96,2.44,554
11214,1.01,Very Good,I,SI2,63.2,58,6.34,6.31,4,3309
11217,0.42,Ideal,E,VS2,61.7,56,4.82,4.8,2.97,1024
11218,0.57,Ideal,E,VS2,61.8,55,5.38,5.34,3.31,1949
11228,0.35,Ideal,I,VVS1,61.6,55,4.55,4.58,2.81,628
11229,1,Fair,E,VS1,64.4,55,6.33,6.3,4.07,7392
11230,1.52,Premium,E,SI1,60.2,58,7.44,7.37,4.46,10180
11231,0.46,Ideal,J,VS2,61.4,56,4.96,5,3.06,746
11237,0.31,Ideal,H,VS2,62.2,55,4.36,4.39,2.72,489
11238,0.26,Very Good,E,IF,58.7,63,4.19,4.23,2.47,547
11239,0.54,Ideal,G,VVS2,61.5,57,5.21,5.26,3.22,2060
11240,1.5,Very Good,D,SI1,,59,7.41,7.46,4.46,12060
11242,0.3,Premium,F,VVS1,62,59,4.24,4.28,2.64,868
11243,1.5,Very Good,F,VS2,63.9,57,7.16,7.23,4.6,13037
11247,0.51,Very Good,H,VS2,,57,5.22,5.25,3.13,1251
11248,1.5,Good,G,VS2,63.8,56,7.2,7.15,4.58,11508
11249,0.31,Premium,E,VS2,60.5,60,4.34,4.39,2.64,544
11254,1.21,Very Good,D,VS2,62.6,59,6.72,6.79,4.23,8969
11255,1.02,Very Good,H,SI2,58.3,61,6.57,6.63,3.85,4004
11259,0.93,Premium,G,VS2,62.2,59,6.26,6.21,3.88,4750
11265,0.3,Ideal,F,SI1,62.3,53.9,4.28,4.31,2.68,499
11267,0.32,Premium,E,SI2,59.7,60,4.43,4.45,2.65,449
11270,0.73,Good,I,VS2,63.7,58,5.69,5.64,3.61,2144
11273,1.03,Ideal,F,VVS1,61.3,54,6.56,6.62,4.04,9881
11274,0.75,Good,F,I1,64,59,5.78,5.62,3.66,1013
11276,1.85,Ideal,I,VVS2,62.4,57,7.91,7.86,4.92,14245
11278,0.58,Ideal,E,SI1,60.1,55,5.42,5.56,3.3,1742
11281,0.7,Premium,F,SI1,61.5,57,5.74,5.68,3.51,2354
11285,0.32,Ideal,E,VVS1,61.8,55,4.4,4.43,2.73,921
11287,0.43,Very Good,I,VVS2,62.8,58,4.8,4.82,3.02,850
11288,0.32,Premium,F,VS2,61.5,58,4.42,4.39,2.71,828
11289,2.01,Premium,H,SI1,61.7,60,8.06,7.96,4.94,18188
11293,0.3,Good,G,VS1,63.8,55,4.28,4.25,2.72,776
11297,0.7,Premium,G,VS2,61.3,58,5.74,5.68,3.5,2596
11298,0.53,Good,G,SI1,63.8,56,5.18,5.14,3.29,1363
11304,0.7,Ideal,H,VVS1,61.2,57,5.69,5.72,3.49,2947
11308,0.41,Ideal,D,VS2,62.4,55,4.76,4.79,2.98,1007
11310,0.31,Ideal,G,VVS1,60.6,57,4.4,4.38,2.66,1046
11312,0.98,Premium,F,SI2,62.3,56,6.44,6.35,3.98,3485
11313,1.2,Premium,G,VS1,61.4,60,6.86,6.81,4.2,8596
11316,0.6,Ideal,E,VS1,61.6,55,5.43,5.48,3.36,2442
11320,0.93,Premium,F,VS2,61.7,58,6.22,6.29,3.86,4961
11324,0.82,Good,F,VS2,,62.2,5.97,6.04,3.66,3363
11327,0.38,Ideal,D,VS1,62.3,54,4.64,4.7,2.9,983
11329,0.41,Ideal,G,IF,62,55,4.8,4.81,2.98,1425
11330,1.25,Ideal,G,VVS1,61.3,56,6.95,6.98,4.28,10996
11332,1.01,Very Good,H,SI1,61.2,60,6.41,6.44,3.93,5433
11333,1,Fair,D,SI1,64.9,59,6.2,6.13,4,4704
11338,0.5,Very Good,F,SI1,62.8,56,5.03,5.06,3.17,1250
11341,0.41,Premium,F,VVS2,60.1,59,4.79,4.82,2.89,1115
11349,0.36,Premium,E,VVS2,61.7,59,4.52,4.56,2.8,859
11352,0.53,Ideal,G,VVS2,61.8,58,5.18,5.2,3.21,1941
11354,0.46,Very Good,F,SI2,61.6,55,4.98,5.02,3.08,859
11355,1.76,Premium,I,SI2,62,58,7.76,7.72,4.8,10043
11359,1,Very Good,E,SI2,61.9,59,6.39,6.43,3.97,4311
11364,0.35,Ideal,D,VVS1,62,54,4.56,4.57,2.83,1266
11365,0.32,Ideal,J,IF,62.2,56,4.41,4.37,2.73,684
11366,0.76,Premium,H,VVS2,59.6,57,5.91,5.86,3.51,2792
11368,0.24,Very Good,E,VVS2,57.7,61,4.12,4.13,2.38,478
11369,1,Very Good,F,VS2,63.2,59,6.35,6.3,4,6296
11370,1.11,Premium,I,VS2,58.3,60,6.84,6.78,3.97,4744
11371,1.21,Very Good,F,SI2,62.7,57,6.74,6.81,4.25,5290
11373,0.58,Ideal,G,SI2,61.5,55,5.38,5.42,3.32,1276
11374,0.43,Very Good,J,VS2,,59,4.86,4.9,2.97,731
11375,0.74,Premium,D,SI1,59.5,60,5.95,5.88,3.52,2369
11376,0.51,Ideal,J,SI1,,58,5.11,5.13,3.2,1023
11379,0.32,Ideal,E,VVS1,60.9,57,4.42,4.45,2.7,954
11381,1.05,Very Good,I,SI1,63.5,58,6.46,6.43,4.09,4292
11383,0.49,Premium,D,SI1,61.3,57,5.21,5.02,3.14,1444
11385,0.3,Very Good,G,SI1,61.6,59,4.26,4.28,2.63,447
11390,1.6,Very Good,I,SI2,62.2,59,7.42,7.46,4.63,7906
11391,0.43,Premium,G,SI1,60.4,58,4.9,4.87,2.95,968
11392,1.6,Very Good,I,VVS1,59.8,56,7.6,7.68,4.57,11170
11398,0.82,Premium,F,SI2,59.7,57,6.14,6.12,3.66,2867
11401,1.52,Ideal,H,VS2,61.8,55.1,7.38,7.42,4.58,11333
11403,1.13,Ideal,G,VS2,62.7,57,6.65,6.68,4.18,6525
11404,1.6,Very Good,I,VS1,62.3,59,7.46,7.51,4.66,10238
11406,1.01,Premium,I,VS2,62.5,58,6.44,6.39,4.01,4676
11409,0.24,Good,F,VVS2,65,58,3.89,3.93,2.54,492
11410,1.02,Ideal,G,VS1,61.5,55,6.49,6.52,4,7357
11413,0.31,Very Good,D,VVS1,61.1,56,4.35,4.42,2.68,826
11416,1.51,Very Good,E,SI1,61.8,57,7.36,7.43,4.57,9474
11419,0.5,Ideal,F,VVS2,62.3,57,5.06,5.08,3.16,1850
11421,0.42,Ideal,D,VS2,62.6,56,4.76,4.8,2.99,948
11422,0.3,Ideal,F,SI1,60.6,57,4.34,4.37,2.64,609
11425,0.34,Ideal,F,VVS1,61.4,55,4.53,4.56,2.79,906
11427,0.53,Ideal,G,IF,60.3,56,5.29,5.33,3.2,2293
11428,0.3,Premium,E,VS1,61.9,60,4.3,4.26,2.65,911
11430,0.31,Ideal,D,VS2,62.6,56,4.36,4.33,2.72,942
11435,0.37,Premium,D,SI1,62.2,58,4.62,4.58,2.86,874
11436,0.5,Good,D,SI1,64.1,56,5.03,4.98,3.21,1235
11437,0.53,Ideal,E,VS2,62.5,57,5.18,5.16,3.23,1727
11444,0.31,Good,F,VS2,58.2,58,4.46,4.51,2.61,637
11446,0.91,Premium,E,SI2,61.1,59,6.2,6.24,3.8,3703
11449,2.01,Good,I,SI1,58.5,62,8.24,8.31,4.84,14998
11450,1.8,Ideal,H,VS1,62,57,7.84,7.78,4.84,16683
11451,0.3,Premium,H,VS2,62.7,59,4.27,4.22,2.66,608
11453,0.3,Ideal,E,VS1,61.3,58,4.29,4.32,2.64,694
11454,0.71,Premium,D,VVS2,60,58,5.92,5.84,3.53,3618
11455,0.4,Good,E,SI1,63.8,56,4.7,4.74,3.01,687
11460,0.8,Very Good,G,VS1,62.7,56,5.9,5.94,3.71,3673
11461,0.7,Fair,H,SI1,64.5,59,5.54,5.51,3.56,2176
11466,0.92,Very Good,G,SI1,61.8,54,6.25,6.37,3.9,4281
11468,0.5,Ideal,D,VS2,61.9,59,5.07,5.1,3.15,1712
11469,0.7,Ideal,J,SI1,60.4,56,5.71,5.74,3.46,1926
11470,1.02,Very Good,G,VS2,63.4,59,6.32,6.3,4,6169
11471,1,Very Good,H,SI1,62,54,6.43,6.47,4,4995
11472,0.34,Ideal,F,SI2,61.9,57,4.5,4.52,2.79,438
11474,0.51,Ideal,D,VS1,62.2,55,5.15,5.17,3.21,1810
11476,0.42,Premium,F,SI1,61.5,58,4.8,4.83,2.96,773
11477,0.52,Ideal,H,SI2,61,55,5.22,5.19,3.18,1065
11478,0.34,Premium,H,VS2,61.3,60,4.47,4.53,2.76,537
11482,1.32,Ideal,G,SI2,62.9,57,6.98,6.94,4.38,6409
11483,0.33,Ideal,E,VVS2,61,54,4.49,4.52,2.75,741
11485,0.34,Ideal,H,VVS1,62,54,4.48,4.46,2.77,995
11488,0.9,Ideal,I,SI1,62.3,57,6.12,6.15,3.82,3455
11489,0.52,Premium,G,SI2,58.4,62,5.33,5.28,3.1,1076
11493,0.34,Ideal,D,IF,59.8,57,4.59,4.57,2.74,2346
11495,0.31,Premium,G,SI1,60.4,58,4.42,4.39,2.66,593
11498,0.44,Ideal,D,VS1,61.3,56,4.92,4.87,3,1294
11500,1.03,Very Good,F,SI2,62,58,6.43,6.51,4.01,4414
11503,1,Very Good,F,VS2,63.8,56.9,6.29,6.36,4.04,6841
11504,2.27,Good,J,VS1,59.3,61,8.47,8.55,5.05,17051
11507,1.5,Very Good,H,VVS1,60.9,61,7.36,7.39,4.49,11688
11508,1.01,Fair,H,SI1,64.6,55,6.29,6.25,4.05,4191
11509,1.52,Good,H,VS2,63.3,57,7.32,7.33,4.64,10428
11513,1.2,Very Good,F,VS2,61.8,58,6.75,6.78,4.18,9007
11516,0.86,Good,D,VVS1,64.3,53,6.02,6.12,3.89,5029
11517,1.56,Premium,F,SI1,60.5,59,7.54,7.49,4.55,9120
11520,0.29,Very Good,D,SI1,59.8,55,4.3,4.35,2.58,737
11521,0.76,Ideal,F,SI1,61.4,56,5.88,5.92,3.62,2894
11523,2.01,Ideal,I,VS1,62.5,56,8.08,8.02,5.03,17068
11524,1,Good,H,SI2,63.9,58,6.36,6.28,4.03,3528
11529,0.76,Premium,J,VS2,59.9,59,5.94,5.92,3.55,2052
11534,0.35,Ideal,G,IF,61.4,55,4.59,4.56,2.81,1116
11535,0.32,Ideal,G,VS2,62,57,4.4,4.37,2.72,720
11537,1.24,Premium,F,VVS2,62,55,6.95,6.88,4.29,11231
11539,0.23,Very Good,E,VVS1,60.9,58,3.95,3.96,2.41,530
11540,1.52,Very Good,D,SI1,62,58,7.37,7.4,4.58,11595
11541,1.5,Fair,H,SI2,59.3,58,7.31,7.37,4.35,7098
11542,0.51,Premium,G,VVS2,61.7,58,5.18,5.13,3.18,1974
11544,1.7,Very Good,I,VS1,59.8,59,7.7,7.79,4.63,12622
11545,1,Premium,J,VS1,62.8,57,6.39,6.35,4,4144
11551,0.74,Very Good,E,VS2,61.4,63,5.79,5.77,3.55,2638
11552,0.53,Premium,F,SI1,62.2,58,5.19,5.16,3.22,1266
11554,0.32,Ideal,F,SI1,60.6,57,4.45,4.49,2.71,604
11555,0.57,Premium,F,VS2,59.8,59,5.4,5.37,3.22,1760
11557,1.15,Very Good,H,SI2,,57,6.68,6.72,4.15,4654
11559,0.35,Premium,H,VVS1,62.1,58,4.52,4.46,2.79,1024
11560,0.3,Ideal,H,VVS2,62.5,54,4.3,4.3,2.7,567
11564,1.02,Good,J,SI2,62.2,61,6.41,6.48,4.01,3639
11566,1.27,Very Good,H,SI2,63.1,57,6.88,6.84,4.33,4978
11569,1.56,Ideal,H,VS2,61.5,56,7.46,7.5,4.6,11531
11574,0.81,Premium,H,SI2,62.2,56,5.98,5.92,3.7,2534
11575,0.31,Good,G,SI1,63.6,57,4.33,4.29,2.74,593
11582,1.51,Very Good,G,SI2,60.5,54.6,7.36,7.4,4.46,8637
11583,0.7,Premium,H,VVS2,59.6,59,5.83,5.78,3.46,2717
11590,0.51,Good,F,SI1,63.8,56,5.04,5.08,3.23,1220
11591,0.57,Premium,G,VS2,,55,5.31,5.26,3.31,1728
11592,0.25,Ideal,H,SI1,62.8,54,4.05,4.07,2.55,357
11593,0.5,Premium,E,SI1,62.2,58,5.03,4.87,3.1,1073
11594,0.78,Ideal,I,VVS2,62.4,56,5.87,5.9,3.67,3267
11596,1.33,Premium,I,VS1,61.5,58,7.02,7.06,4.33,6963
11597,0.26,Ideal,G,VS1,62.1,55,4.09,4.12,2.55,478
11598,0.32,Ideal,G,VS1,61.9,55,4.4,4.42,2.73,602
11600,0.24,Very Good,F,VVS1,59,58,4.07,4.1,2.41,552
11602,0.33,Ideal,D,SI1,62.8,55,4.45,4.41,2.78,780
11606,0.71,Premium,F,VS1,59,60,5.82,5.8,3.43,2839
11607,0.47,Ideal,H,SI1,61.1,55,5.04,5.07,3.09,787
11610,0.3,Premium,D,SI1,62.5,59,4.26,4.22,2.65,520
11614,0.33,Ideal,E,VS2,61.7,55,4.45,4.47,2.75,792
11618,0.39,Premium,G,SI1,62.4,58,4.72,4.67,2.93,878
11621,0.9,Premium,F,SI1,61.2,59,6.19,6.16,3.78,4158
11625,0.34,Ideal,G,SI1,61.2,57,4.53,4.56,2.78,507
11627,1.5,Good,I,SI1,63.8,56,7.26,7.15,4.59,6224
11629,0.41,Very Good,D,SI2,62.7,58,4.75,4.78,2.99,683
11632,0.74,Ideal,G,VS2,62.9,54,5.81,5.78,3.64,2723
11634,1.45,Fair,F,SI2,64.4,58,7.17,7.11,4.59,6455
11635,0.71,Ideal,H,VS1,61.9,56,5.7,5.74,3.54,2909
11638,1.03,Premium,G,SI1,60.5,60,6.52,6.48,3.93,5105
11642,0.51,Premium,E,VS1,61.9,58,5.1,5.15,3.17,1831
11646,0.26,Ideal,E,VS1,61.8,55,4.13,4.09,2.54,580
11650,0.51,Ideal,G,VVS2,60.1,56,5.22,5.24,3.14,1813
11653,1.01,Good,G,VS2,58.9,61,6.46,6.55,3.83,5756
11654,0.33,Ideal,E,VS2,,56,4.4,4.45,2.75,723
11659,1.57,Ideal,J,SI1,62,55.6,7.43,7.47,4.62,8035
11661,1.2,Very Good,I,SI2,63.7,56,6.66,6.71,4.26,5490
11663,0.63,Ideal,D,IF,62.5,55,5.47,5.5,3.43,6549
11666,0.63,Ideal,E,VVS1,61.1,58,5.49,5.54,3.37,3181
11669,0.41,Good,G,I1,63.8,56,4.7,4.74,3.01,467
11671,0.35,Ideal,J,IF,61.8,53,4.58,4.61,2.84,569
11673,1.01,Premium,H,VS2,61,61,6.47,6.39,3.92,5190
11674,1.13,Ideal,H,I1,61.1,56,6.71,6.77,4.12,3603
11677,0.31,Ideal,H,IF,61.8,57,4.32,4.35,2.68,789
11678,1.5,Premium,E,SI1,60,58,7.5,7.47,4.49,11795
11682,1.51,Very Good,E,SI2,58.8,58,7.53,7.61,4.45,9727
11683,0.34,Good,H,VS2,63.7,57,4.44,4.42,2.82,689
11685,0.9,Good,G,SI2,63.8,59,6.05,6.02,3.85,3246
11687,0.3,Ideal,H,VS1,62.5,56,4.24,4.27,2.66,526
11689,0.36,Ideal,I,VS1,62.1,57,4.54,4.58,2.83,568
11692,0.72,Ideal,F,SI2,,57,5.74,5.79,3.57,2058
11693,1.26,Ideal,H,SI1,61,56,7,7.04,4.28,6715
11695,1.71,Very Good,G,VS2,62.5,58,7.56,7.66,4.76,15829
11697,1.01,Good,G,VVS2,63.4,55,6.34,6.41,4.04,6843
11701,0.36,Ideal,E,VVS1,61.4,57,4.64,4.61,2.54,1043
11714,1.01,Ideal,H,SI1,61.7,57,6.37,6.44,3.96,5387
11715,0.3,Ideal,E,VVS2,61.8,56,4.33,4.35,2.68,789
11719,0.32,Very Good,D,SI1,63,57,4.35,4.38,2.75,526
11723,0.92,Good,J,SI2,59,63,6.3,6.35,3.73,3070
11725,0.78,Ideal,D,SI1,62.2,55,5.92,5.95,3.69,3389
11729,0.5,Ideal,H,VS1,61.9,54,5.12,5.15,3.18,1370
11730,0.52,Ideal,E,VS2,61.5,56,5.17,5.14,3.17,1767
11732,0.72,Ideal,D,VS2,62.8,57,5.68,5.73,3.58,3179
11733,0.77,Good,H,SI1,63,65,5.82,5.74,3.64,2393
11734,0.52,Ideal,F,VS1,62.3,55,5.16,5.21,3.23,1778
11738,0.55,Ideal,G,VVS2,62.3,53,5.27,5.29,3.29,1799
11739,0.74,Ideal,D,VS2,61.8,56,5.79,5.82,3.59,3858
11741,0.91,Very Good,D,SI1,59.3,58,6.33,6.38,3.77,4253
11743,0.31,Very Good,I,VVS2,61.6,59,4.31,4.33,2.66,544
11744,0.31,Ideal,J,SI2,,54,4.35,4.37,2.71,344
11745,0.77,Ideal,D,SI2,60.6,56,5.9,5.95,3.59,2973
11746,1.01,Good,I,SI2,64.1,58,6.31,6.26,4.03,3411
11748,0.32,Ideal,G,VS2,62,57,4.37,4.4,2.72,561
11753,0.31,Very Good,I,SI1,62.8,60,4.29,4.31,2.7,418
11755,1.5,Very Good,F,SI2,63.1,63,7.27,7.21,4.57,8702
11757,0.91,Ideal,J,VS1,61.9,56,6.19,6.22,3.85,3863
11765,1.09,Ideal,F,SI1,62.5,57,6.59,6.54,4.1,5527
11767,0.91,Ideal,G,SI1,62,56,6.19,6.22,3.85,4922
11768,0.41,Very Good,G,VS1,62.7,57,4.74,4.77,2.98,899
11770,0.7,Premium,G,VS1,62.6,60,5.58,5.66,3.52,2512
11771,0.7,Premium,E,VS1,62.6,59,5.69,5.66,3.55,2837
11773,0.31,Very Good,E,SI1,61.2,58,4.34,4.38,2.67,507
11776,1.12,Ideal,F,VS1,62.1,54,6.66,6.73,4.16,9030
11777,0.31,Ideal,H,VS2,61.5,57,4.38,4.33,2.68,628
11782,0.42,Premium,I,SI1,61.2,60,4.82,4.78,2.94,803
11790,0.9,Fair,I,VVS2,60.9,66,6.1,6.12,3.72,3288
11791,0.7,Premium,J,SI1,61.3,59,5.75,5.73,3.52,1827
11793,0.51,Ideal,D,VVS2,61.3,56,5.14,5.15,3.16,3223
11794,0.71,Good,H,SI1,58.4,62.1,5.8,5.83,3.4,2282
11797,1.01,Very Good,E,VS1,57.7,62,6.57,6.63,3.81,8668
11803,0.96,Very Good,D,SI2,60.2,63,6.3,6.36,3.81,3480
11804,0.7,Fair,G,I1,67.5,55,5.59,5.37,3.71,1069
11816,2.01,Ideal,I,SI1,64.8,62,7.92,7.82,5.1,16287
11818,0.91,Very Good,E,SI1,61.9,61,6.1,6.12,3.78,4211
11821,0.66,Ideal,H,VS1,61,57,5.61,5.66,3.43,2131
11822,1.02,Very Good,E,VS2,59.2,58,6.52,6.58,3.88,6612
11825,1.04,Premium,I,SI2,62,57,6.53,6.47,4.03,3774
11826,0.91,Good,E,SI2,63.1,61,6.04,6.14,3.84,3520
11833,1.82,Very Good,J,VS1,62.2,56,7.83,7.96,4.91,10090
11835,0.71,Premium,D,VS2,59.2,59,5.86,5.8,3.45,3161
11837,0.9,Ideal,E,SI1,63,56,6.15,6.1,3.86,4092
11839,0.37,Ideal,I,IF,61.4,55,4.65,4.67,2.86,754
11843,0.31,Ideal,D,VS2,62.1,54,4.36,4.4,2.72,626
11844,1.53,Ideal,F,SI1,60.3,57,7.45,7.52,4.51,11713
11847,0.5,Very Good,G,SI2,58.6,61,5.16,5.21,3.04,983
11854,0.4,Ideal,F,IF,61.9,54,4.75,4.81,2.96,1406
11857,0.91,Good,H,SI1,63.8,56,6.09,6.04,3.87,3323
11859,0.31,Ideal,E,VVS1,61,57,4.33,4.36,2.65,924
11864,2.08,Very Good,E,SI2,62.4,60,8.13,8.15,5.08,18128
11866,0.96,Fair,H,I1,68.9,59,6.09,5.96,4.15,1773
11868,0.71,Ideal,D,VS2,60.4,53,5.81,5.85,3.52,3020
11870,1.51,Very Good,I,SI1,61.4,60,7.37,7.33,4.51,8073
11871,0.3,Good,G,VVS1,63.1,58,4.28,4.31,2.71,789
11874,1.5,Very Good,H,SI1,60.6,60,7.45,7.36,4.49,10380
11875,2.53,Fair,H,SI2,64.6,59,8.54,8.45,5.4,17103
11878,1.23,Premium,E,SI1,59.2,62,7.05,7,4.16,7274
11880,1.05,Premium,G,VS1,61.6,58,6.48,6.51,4,6936
11882,1,Very Good,F,VS1,58.4,63,6.58,6.47,3.81,6098
11883,2.06,Ideal,H,SI2,62,57,8.1,8.06,5.01,11040
11886,0.94,Very Good,G,SI2,62.3,59,6.2,6.26,3.88,3351
11887,0.44,Good,D,VS2,63.6,56,4.81,4.84,3.07,1009
11889,0.34,Premium,E,VS2,61.1,60,4.48,4.45,2.73,956
11890,0.63,Ideal,J,SI2,61.4,54,5.54,5.56,3.41,1065
11891,0.3,Premium,D,SI1,62.1,59,4.29,4.31,2.67,515
11892,0.33,Ideal,D,SI1,60.9,56,4.46,4.5,2.73,736
11897,1.5,Fair,D,SI2,68.8,57,6.9,6.86,4.73,7469
11900,0.91,Ideal,G,SI1,62.5,56,6.19,6.22,3.88,4673
11905,0.32,Premium,H,IF,61.8,58,4.35,4.39,2.7,763
11911,0.32,Ideal,G,VVS1,61.4,57,4.39,4.41,2.7,814
11914,1.5,Ideal,G,SI1,61,57,7.38,7.41,4.51,12009
11915,0.57,Ideal,G,VS2,61.8,57,5.3,5.32,3.28,1608
11917,1.54,Ideal,H,SI1,61.1,56,7.45,7.42,4.54,9562
11919,1.5,Premium,H,SI2,61.8,57,7.34,7.31,4.53,6443
11920,1,Good,J,VVS2,63.7,57,6.34,6.31,4.03,3265
11924,0.24,Very Good,E,VVS1,63.4,57,3.91,3.95,2.49,478
11928,0.34,Premium,H,VVS1,61.2,58,4.51,4.48,2.75,862
11929,0.41,Ideal,E,VVS2,60.9,56,4.81,4.75,2.91,1243
11930,1,Ideal,E,I1,61.8,56,6.43,6.38,3.96,3584
11932,0.73,Ideal,G,VVS1,61.7,57,5.77,5.8,3.57,4182
11936,1.2,Very Good,G,SI2,59.7,59,6.89,6.94,4.13,5116
11949,0.35,Ideal,D,VS1,61,56,4.53,4.58,2.78,1065
11952,1,Ideal,H,SI2,62.6,56,6.38,6.34,3.98,4256
11954,2.18,Ideal,J,VS2,62.2,55,8.32,8.36,5.19,16427
11956,1.06,Premium,E,SI1,63,56,6.54,6.45,4.09,4689
11958,0.39,Premium,E,VVS2,59.5,58,4.77,4.74,2.83,1126
11960,0.73,Ideal,E,VVS2,61.6,55,5.8,5.83,3.58,3535
11961,0.43,Ideal,H,VS2,62.5,56,4.81,4.85,3.02,1218
11963,0.32,Ideal,E,VS2,61.9,55,4.43,4.42,2.74,900
11964,1.55,Very Good,G,VS2,63.1,57,7.36,7.31,4.63,11703
11965,1.5,Very Good,I,VS2,58.4,61,7.42,7.48,4.35,8662
11969,0.38,Premium,G,VS1,61.9,58,4.66,4.62,2.87,1069
11970,1.2,Ideal,J,SI1,62.3,56,6.77,6.81,4.23,4830
11976,0.32,Ideal,F,VVS1,61.7,56,4.37,4.42,2.71,809
11978,1.02,Fair,J,SI2,65,59,6.34,6.24,4.08,3119
11979,0.46,Ideal,E,SI2,61.3,56,5.02,4.96,3.06,1116
11983,1.04,Premium,H,SI1,59.5,58,6.67,6.58,3.94,4980
11987,0.3,Ideal,D,VS2,61.2,57,4.29,4.34,2.64,670
11988,1.26,Very Good,H,SI1,60.6,60,6.97,7,4.23,6546
11989,2,Very Good,E,SI2,63.5,59,7.9,7.98,5.04,15864
11990,1.01,Premium,G,VVS2,63,61,6.36,6.34,4,7665
11991,0.34,Ideal,E,VS2,62.4,56,4.49,4.45,2.79,956
11996,0.73,Ideal,I,VS2,61.3,56,5.8,5.84,3.57,2756
11999,1.27,Ideal,G,VS2,61.9,57,6.9,6.93,4.28,9489
12001,0.3,Premium,H,VVS1,62.2,58,4.29,4.26,2.66,878
12002,1.38,Premium,H,SI2,62.1,60,7.13,7.08,4.41,6646
12004,0.57,Very Good,E,VS2,63,59,5.25,5.29,3.32,1654
12005,0.7,Ideal,E,VS1,61,56,5.7,5.77,3.5,3446
12006,0.54,Ideal,I,VS1,61.5,56,5.24,5.26,3.23,1147
12010,0.73,Ideal,E,VS1,62.8,57,5.75,5.78,3.62,3327
12012,1.02,Premium,E,VS2,60,59,6.56,6.54,3.93,7311
12016,2.14,Very Good,J,VS2,62.8,57,8.27,8.16,5.16,14065
12017,0.42,Premium,E,VS2,60.9,59,4.81,4.85,2.94,958
12018,0.8,Premium,J,SI1,58.4,59,6.12,6.04,3.55,2016
12020,1.22,Ideal,J,VS2,62.1,58,6.82,6.84,4.24,5297
12024,0.33,Ideal,G,SI1,61.6,56,4.43,4.46,2.74,498
12026,0.7,Good,H,VVS2,63.7,54,5.72,5.62,3.61,2427
12029,0.41,Ideal,H,IF,62.9,54,4.74,4.71,2.97,1243
12030,1.01,Premium,G,SI1,61.5,59,6.48,6.43,3.97,5006
12031,0.35,Ideal,F,VS2,62.4,57,4.5,4.51,2.81,706
12034,0.54,Ideal,G,VVS2,61.2,56,5.25,5.3,3.22,1914
12035,1,Very Good,E,I1,63,57,6.32,6.35,3.99,3300
12036,1,Fair,H,SI2,66.1,59,6.18,6.13,4.07,3472
12039,0.3,Very Good,H,SI1,63.1,56,4.29,4.27,2.7,554
12040,0.59,Ideal,E,SI1,61.7,56,5.35,5.45,3.33,1633
12042,0.59,Very Good,E,SI1,62.9,57,5.33,5.36,3.36,1664
12043,0.86,Ideal,E,SI2,60,56,6.22,6.24,3.74,3478
12046,0.9,Fair,D,SI2,64.6,59,6.04,6.01,3.89,3847
12048,2.01,Ideal,E,SI2,62.2,57,8.04,8.09,5.02,17688
12049,1.02,Very Good,E,VS2,63.3,57,6.37,6.43,4.05,6582
12050,1.13,Premium,F,SI2,58.3,61,6.88,6.78,3.98,4025
12051,0.3,Ideal,H,VS2,61.9,54.6,4.27,4.33,2.67,486
12052,1.01,Fair,G,SI2,65.1,58,6.29,6.21,4.07,3461
12053,0.6,Ideal,D,VS2,62.8,57,5.37,5.39,3.38,2061
12060,0.31,Ideal,G,VVS1,61.6,55,4.38,4.42,2.71,789
12061,0.41,Premium,F,VS2,60.3,60,4.84,4.81,2.91,1107
12063,0.5,Premium,J,SI1,60.7,58,5.13,5.11,3.11,1125
12065,0.26,Ideal,H,VVS2,61.8,55.7,4.08,4.1,2.53,478
12074,0.39,Ideal,F,SI1,62.5,55,4.63,4.68,2.91,718
12076,1.06,Ideal,F,VVS2,62.1,57,6.5,6.54,4.05,8954
12077,1.55,Premium,H,SI2,62,56,7.41,7.37,4.58,7319
12080,0.4,Ideal,G,VVS2,62.6,57,4.68,4.75,2.95,931
12087,1.01,Ideal,H,SI1,60.4,58,6.5,6.54,3.94,5020
12088,0.27,Ideal,F,VVS2,61.2,58,4.15,4.19,2.55,667
12089,0.52,Ideal,D,VS2,61.8,57,5.16,5.2,3.2,1822
12090,0.62,Fair,J,SI1,65.4,59,5.39,5.28,3.49,1101
12091,0.39,Premium,H,VS1,61.7,57,4.68,4.65,2.88,1009
12092,0.23,Premium,D,VVS2,59.6,61,4.03,3.99,2.39,640
12094,1,Good,D,VS1,62.7,62,6.21,6.23,3.9,7672
12095,0.56,Ideal,E,VS2,61.5,57,5.27,5.3,3.25,1819
12096,0.71,Ideal,F,VS1,61.1,56,5.71,5.74,3.5,3199
12103,1.51,Good,I,SI1,63.8,57,7.21,7.18,4.59,6046
12104,0.3,Premium,G,VS1,61.7,60,4.28,4.24,2.63,776
12105,0.3,Very Good,F,VS2,62.8,58,4.25,4.28,2.68,605
12107,1.5,Good,D,SI1,61.3,61,7.32,7.39,4.51,13603
12108,1.65,Premium,I,SI2,62,59,7.61,7.54,4.7,8590
12111,1.52,Ideal,I,VS2,61.3,56,7.44,7.41,4.55,9278
12112,1.01,Very Good,F,SI2,62.7,55,6.32,6.4,3.99,4853
12115,0.27,Very Good,F,VS1,62.5,56,4.14,4.18,2.6,518
12116,1,Very Good,D,SI1,61.3,54,6.37,6.39,3.91,5390
12119,1.02,Ideal,D,VVS2,62,56,6.48,6.43,4,11167
12121,0.3,Ideal,D,VS2,62,55,4.34,4.31,2.68,911
12122,0.52,Ideal,G,VVS1,62,55,5.15,5.18,3.2,2029
12123,0.7,Good,G,VVS1,58.5,62,5.8,5.82,3.4,3380
12124,1.6,Premium,G,SI1,62.2,58,7.44,7.5,4.65,11818
12127,1.24,Very Good,J,SI2,63.3,60,6.83,6.75,4.29,3908
12128,1,Good,G,VS1,63.7,60,6.38,6.31,4.04,4805
12130,0.41,Ideal,E,VS1,61.2,56,4.82,4.89,2.97,1144
12131,0.42,Ideal,G,VVS1,61.1,56,4.84,4.82,2.95,1235
12132,0.55,Ideal,I,SI1,61.3,56,5.29,5.34,3.26,1367
12136,0.41,Ideal,G,VS1,62.4,57,4.75,4.7,2.95,961
12140,0.54,Ideal,F,VS2,61.9,56,5.22,5.21,3.23,1836
12143,0.54,Ideal,F,VVS2,61.2,55,5.27,5.25,3.22,2333
12152,0.24,Ideal,F,VVS1,61.8,59,4,4.03,2.48,526
12155,1.03,Fair,E,SI1,65.1,58,6.35,6.24,4.1,5624
12158,1,Ideal,J,VS2,62.4,54,6.4,6.46,4.01,4539
12160,1.03,Premium,J,SI1,61.7,54,6.56,6.5,4.03,4153
12162,1.21,Very Good,I,SI1,62.1,56,6.76,6.92,4.25,5324
12163,0.3,Ideal,G,VVS2,62.2,57,4.25,4.3,2.66,655
12165,1.15,Premium,E,SI2,62.5,58,6.65,6.72,4.18,4250
12167,0.59,Good,F,VS2,63.5,55,5.31,5.36,3.39,1573
12170,0.71,Ideal,F,VS1,61.4,56,5.75,5.78,3.54,3710
12171,0.75,Very Good,I,VVS2,62,59,5.81,5.83,3.61,2749
12174,0.38,Very Good,D,VS2,63.1,55,4.6,4.59,2.9,1005
12175,0.47,Good,E,VS1,58.3,61.2,5.11,5.15,2.98,1447
12176,2.08,Premium,I,SI2,,58,8.18,8.13,5.08,14947
12178,0.7,Ideal,E,VS2,61,56,5.74,5.78,3.52,3504
12180,0.51,Very Good,H,VS2,63.5,60,5.04,5.01,3.19,1268
12184,1.51,Premium,G,VS1,61.1,58,7.38,7.36,4.5,13293
12185,0.31,Ideal,H,VS1,62,53,4.34,4.37,2.7,562
12188,0.9,Very Good,E,SI2,61.6,59,6.18,6.26,3.83,3924
12190,0.32,Premium,H,VS1,62.4,58,4.4,4.35,2.73,720
12192,0.9,Good,D,SI1,58.5,63,6.21,6.3,3.66,4469
12196,0.31,Ideal,H,SI1,61.5,55,4.39,4.42,2.71,464
12200,1.01,Fair,F,SI2,67.3,62,6.09,6.03,4.08,3597
12202,0.91,Ideal,E,SI1,61.9,55,6.18,6.22,3.84,4623
12208,1.5,Very Good,J,VS1,,57,7.24,7.2,4.57,8896
12210,0.32,Premium,H,VS2,60.5,59,4.39,4.43,2.67,505
12211,0.38,Ideal,E,SI2,61.2,57,4.71,4.67,2.87,812
12216,1.05,Premium,F,SI2,62.6,59,6.47,6.43,4.04,4557
12219,0.5,Ideal,F,VS1,61.6,57,5.07,5.09,3.13,1695
12220,0.31,Good,G,VVS1,63.1,56,4.33,4.35,2.74,816
12221,0.9,Very Good,F,VS2,62.3,58,6.14,6.16,3.83,4924
12222,0.7,Good,D,VS2,57.7,60,5.83,5.86,3.37,3082
12224,0.59,Ideal,F,SI2,60.1,57,5.45,5.49,3.29,1371
12225,0.32,Good,F,SI2,63.8,55,4.34,4.35,2.77,421
12234,1.42,Very Good,E,SI1,61.1,62,7.17,7.2,4.39,9278
12235,0.72,Very Good,H,SI1,60.3,55,5.84,5.85,3.52,2505
12237,1.51,Very Good,E,SI2,61.1,60,7.27,7.37,4.47,9343
12238,0.35,Premium,D,SI1,62.1,58,4.54,4.51,2.81,827
12239,0.3,Premium,G,VVS2,62.7,56,4.31,4.24,2.68,878
12240,1.03,Premium,H,SI1,,61,6.64,6.6,3.88,4406
12241,1.2,Premium,F,VVS2,60.5,60,6.98,6.87,4.19,10064
12243,1.06,Premium,E,VS2,62.3,58,6.49,6.52,4.05,6716
12251,0.57,Ideal,F,VS2,59.2,57,5.45,5.5,3.24,1637
12254,2.01,Premium,E,SI2,61.2,58,8.07,8.05,4.93,14948
12256,1.01,Good,E,SI2,63.9,58,6.37,6.31,4.05,3737
12257,0.64,Ideal,J,VVS2,62.4,57,5.48,5.51,3.43,1709
12258,1.01,Good,H,SI2,64.8,58,6.24,6.29,4.06,4149
12259,0.8,Very Good,F,SI2,61.5,56,5.93,5.98,3.66,2652
12261,0.72,Premium,G,SI1,60.6,62,5.81,5.77,3.51,2246
12266,0.31,Premium,F,SI1,62.7,58,4.31,4.33,2.71,516
12269,0.41,Good,I,VVS2,63.9,55,4.74,4.71,3.02,1061
12270,1.16,Ideal,I,VS2,61.5,57,6.75,6.78,4.16,5207
12271,0.77,Premium,I,VS2,61.6,58,5.92,5.96,3.66,2275
12276,0.7,Ideal,F,SI1,61.9,55,5.7,5.74,3.54,3119
12277,1.03,Ideal,H,SI2,62.4,57,6.43,6.36,4,3172
12279,1.2,Ideal,H,SI1,62,58,6.78,6.83,4.22,6450
12281,0.4,Premium,E,VS2,62.2,59,4.74,4.71,2.94,975
12282,0.33,Premium,F,VS2,62.4,58,4.41,4.37,2.74,854
12284,2,Premium,G,SI2,61.4,59,8.14,8.06,4.97,11544
12285,0.32,Ideal,G,VS1,59.8,57.9,4.44,4.47,2.67,696
12286,0.31,Ideal,G,IF,61.6,55,4.37,4.39,2.7,891
12288,0.23,Very Good,F,VS1,59.8,57,4.04,4.06,2.42,402
12289,1.01,Ideal,G,VS2,59.7,57,6.49,6.44,3.86,6024
12291,0.71,Ideal,H,SI2,62.1,56,5.76,5.71,3.56,2086
12295,1.1,Very Good,F,VS2,63.5,55,6.58,6.52,4.16,5218
12301,1.03,Good,D,SI2,59.3,58,6.57,6.61,3.91,4671
12304,1.05,Ideal,H,SI2,61.2,57,6.55,6.62,4.03,4331
12307,1.1,Ideal,G,VS2,60,57,6.74,6.7,4.03,6653
12308,1.66,Very Good,H,SI1,62.8,56,7.53,7.57,4.74,10134
12314,1,Fair,F,SI1,68.7,55,6.06,5.88,4.11,3387
12316,0.3,Premium,D,SI1,58.8,57,4.44,4.4,2.6,662
12321,0.3,Premium,D,SI1,63,58,4.27,4.24,2.68,709
12324,0.3,Ideal,E,SI1,62.3,56,4.29,4.32,2.68,499
12326,0.41,Premium,H,SI1,60.5,58,4.85,4.81,2.92,876
12331,1,Premium,D,SI1,62.2,58,6.45,6.34,3.98,5723
12332,0.52,Premium,F,VS2,60,57,5.24,5.22,3.14,1651
12334,0.34,Very Good,D,VS2,62.9,56,4.44,4.5,2.81,805
12338,0.33,Very Good,D,VVS2,59.5,56,4.51,4.56,2.7,933
12343,0.33,Very Good,G,VS1,62.9,57,4.38,4.43,2.77,666
12349,0.4,Very Good,G,VS2,61.9,59,4.67,4.7,2.9,772
12353,0.7,Premium,G,SI1,62,61,5.71,5.68,3.53,2352
12354,0.78,Good,E,SI1,59.4,62,6.02,6.07,3.59,3578
12355,0.33,Ideal,E,VS2,61,57,4.46,4.43,2.71,928
12356,0.31,Premium,D,SI1,61.2,60,4.35,4.41,2.68,571
12357,0.71,Ideal,E,VS1,62.1,53,5.76,5.73,3.57,2963
12367,0.32,Ideal,E,SI1,61.5,55,4.4,4.44,2.72,682
12370,0.95,Fair,G,SI1,66.7,56,6.16,6.03,4.06,2841
12371,0.54,Premium,E,SI1,61.6,61,5.23,5.2,3.21,1637
12375,0.71,Ideal,D,VVS2,61.3,57,5.7,5.81,3.53,3856
12378,1,Premium,F,VS2,,55,6.38,6.35,4,5864
12388,0.29,Ideal,E,VVS1,62.7,55,4.22,4.2,2.64,858
12389,0.71,Good,F,IF,62.1,62,5.68,5.79,3.56,3393
12391,1.5,Ideal,G,VS1,61.3,53.9,7.37,7.42,4.53,13820
12393,2.42,Premium,J,SI2,58.5,59,8.85,8.82,5.17,16198
12394,0.59,Premium,F,SI1,61.7,60,5.37,5.39,3.32,1412
12398,0.34,Premium,I,VVS1,60.5,59,4.54,4.48,2.73,803
12401,0.35,Ideal,D,VS2,60.9,57,4.55,4.51,2.76,1063
12403,0.78,Ideal,I,VS2,60.9,57,5.97,5.92,3.62,2422
12404,1.03,Good,E,VS1,63.3,59,6.4,6.45,4.07,7251
12405,0.61,Ideal,D,VS2,61.6,56,5.46,5.49,3.37,2364
12406,0.41,Premium,E,SI2,61.3,57,4.83,4.79,2.95,876
12407,1.52,Ideal,I,SI2,61.3,60,7.33,7.39,4.51,7582
12408,0.3,Premium,H,VVS2,60.8,60,4.29,4.33,2.62,605
12409,0.54,Good,G,VS1,59,62,5.3,5.28,3.12,1640
12411,0.32,Ideal,E,VS2,62,57,4.41,4.39,2.73,900
12416,1.2,Premium,I,VS2,62.6,58,6.77,6.72,4.22,5699
12420,0.7,Very Good,H,SI2,60,60,5.76,5.8,3.47,2077
12421,0.5,Ideal,H,IF,61,56,5.15,5.17,3.15,1923
12423,0.44,Very Good,F,SI2,62.8,60,4.82,4.86,3.04,648
12425,1.17,Good,H,SI2,63.8,58,6.73,6.57,4.24,4914
12426,1.6,Premium,H,SI1,62.1,60,7.54,7.49,4.66,9017
12429,0.26,Ideal,F,VS1,60.9,57,4.13,4.11,2.51,580
12430,1.02,Very Good,H,SI1,63.4,57,6.42,6.36,4.05,4884
12431,0.42,Premium,F,VS1,60.9,59,4.8,4.85,2.94,1031
12433,0.73,Ideal,G,VVS1,61.3,56,5.79,5.82,3.56,3667
12435,0.3,Ideal,I,VS1,61,56,4.37,4.35,2.66,608
12436,0.41,Premium,D,SI1,60.5,60,4.77,4.81,2.9,791
12437,0.7,Premium,H,SI2,61.3,61,5.67,5.62,3.46,1749
12438,1.5,Premium,D,SI2,59.6,59,7.54,7.46,4.47,7076
12441,0.72,Very Good,F,VS1,60.2,59,5.79,5.84,3.5,2846
12445,0.41,Ideal,F,VS1,62.7,55,4.77,4.74,2.98,1076
12446,1.51,Fair,I,SI1,68.3,57,6.95,6.87,4.72,8355
12448,0.36,Ideal,I,VS2,61.6,55,4.6,4.65,2.85,523
12451,0.4,Premium,I,VVS1,62.7,59,4.67,4.71,2.94,842
12453,1.21,Premium,J,VS2,59.9,59,6.92,6.86,4.13,4841
12454,0.47,Premium,G,SI1,62.7,58,4.97,4.99,3.12,931
12457,2.02,Ideal,I,SI2,60.9,60,8.08,8.14,4.94,14027
12458,0.41,Ideal,G,VVS2,61.3,56,4.77,4.76,2.92,1076
12459,0.72,Ideal,E,VS2,62.1,57,5.73,5.76,3.57,3235
12460,2.21,Very Good,F,SI2,61,58,8.36,8.43,5.12,18483
12461,2.12,Premium,I,SI2,60.6,59,8.3,8.27,5.02,15235
12464,1.11,Premium,H,SI1,,58,6.63,6.59,4.09,4960
12466,0.31,Very Good,E,VS2,61.7,58,4.31,4.34,2.67,680
12467,0.72,Good,I,VS1,61.3,63,5.67,5.75,3.5,2451
12470,0.9,Premium,J,VS2,59.8,62,6.24,6.21,3.72,2863
12473,0.52,Premium,D,VS2,62.4,58,5.09,5.13,3.19,1749
12475,1.08,Ideal,H,SI1,60.6,59,6.61,6.65,4.02,5756
12476,0.41,Very Good,F,VVS1,61.4,58,4.76,4.78,2.93,1122
12480,0.7,Ideal,I,VS1,62.1,57,5.69,5.71,3.54,2398
12482,0.32,Ideal,H,IF,61.9,54.2,4.38,4.42,2.72,783
12483,0.63,Premium,F,VS2,61,61,5.6,5.49,3.38,2211
12493,1.28,Very Good,H,SI2,60.2,58,7.03,7.13,4.26,5984
12494,0.43,Premium,H,SI1,59,58,4.93,4.96,2.92,716
12496,0.32,Premium,H,SI1,62.3,60,4.4,4.36,2.73,591
12498,1.07,Ideal,H,SI1,61.1,56,6.63,6.6,4.04,4955
12500,1.31,Premium,I,VS2,60,58,7.15,7.11,4.28,6921
12502,0.7,Ideal,I,VS2,61.6,56,5.67,5.72,3.51,2351
12503,0.23,Very Good,F,VVS2,63.1,56,3.93,3.96,2.49,472
12511,0.71,Ideal,F,VS1,61.1,56,5.76,5.8,3.53,3701
12514,1.25,Ideal,G,IF,60.6,57,6.97,6.99,4.23,11705
12516,1.23,Premium,G,SI2,58.9,62,7.03,6.97,4.12,4408
12521,0.41,Ideal,F,VS1,60.6,57,4.84,4.79,2.92,1076
12522,0.38,Very Good,D,VS1,59.5,61,4.66,4.69,2.78,921
12525,2.01,Very Good,I,SI1,61.8,62,7.98,8.07,4.96,13691
12526,0.47,Ideal,H,IF,61.9,56,4.99,5.02,3.1,1865
12527,0.33,Premium,E,SI2,60,59,4.49,4.47,2.69,594
12529,0.53,Ideal,G,VVS2,62.5,54,5.19,5.21,3.25,1818
12532,0.36,Premium,E,SI1,60.9,60,4.61,4.56,2.79,810
12536,1.01,Very Good,D,SI1,62.9,58,6.33,6.38,4,5731
12538,0.42,Ideal,F,SI1,60.6,57,4.84,4.9,2.95,773
12539,0.66,Very Good,H,VVS1,61.9,59,5.59,5.65,3.48,2323
12541,0.66,Ideal,E,SI1,62.8,57,5.58,5.53,3.49,1901
12543,0.31,Good,E,SI1,63.1,57,4.3,4.35,2.73,544
12546,1.22,Very Good,J,SI2,62.2,60,6.77,6.89,4.25,4058
12548,0.53,Premium,H,VS1,60.5,57,5.34,5.27,3.21,1607
12552,0.26,Ideal,I,VS2,61.8,55,4.12,4.17,2.56,371
12557,0.67,Good,I,VS2,60.7,61.4,5.6,5.64,3.41,1708
12564,0.24,Ideal,F,VVS2,62.4,55,3.99,4.02,2.5,526
12565,0.3,Ideal,H,VVS2,61.5,56,4.33,4.35,2.67,605
12567,1.05,Very Good,E,SI1,60.7,56,6.54,6.6,3.99,5770
12568,1.71,Very Good,J,VS1,61.9,59,7.6,7.69,4.73,10428
12574,0.53,Ideal,E,SI1,61.9,55,5.18,5.22,3.22,1435
12575,1.33,Premium,H,SI1,61.5,59,7.06,7.03,4.33,7472
12576,0.42,Very Good,H,VS2,62.9,56,4.72,4.79,2.99,773
12577,1.04,Good,G,VS1,63.8,57,6.42,6.37,4.08,6360
12579,0.7,Premium,G,VS2,61.8,60,5.67,5.63,3.49,2479
12583,0.35,Premium,E,SI1,62.9,58,4.52,4.48,2.83,788
12590,0.52,Ideal,I,VVS1,62,55,5.19,5.17,3.21,1619
12591,1.04,Ideal,G,VS2,60.7,56,6.59,6.54,3.99,7415
12593,2.21,Very Good,I,SI1,62.9,59,8.3,8.34,5.23,17784
12594,0.42,Premium,G,SI1,61.7,58,4.8,4.76,2.95,945
12595,1.54,Good,H,VS1,,57,7.34,7.4,4.65,10769
12597,0.7,Ideal,F,SI1,62.8,56,5.63,5.68,3.55,2528
12598,0.9,Very Good,H,VS2,61.6,63,6.14,6.1,3.77,3810
12600,1.03,Ideal,G,VS1,63,56,6.46,6.43,4.06,6659
12601,0.26,Ideal,G,SI1,61.8,55,4.08,4.11,2.53,377
12602,0.9,Very Good,E,VS2,62.9,57,6.16,6.18,3.88,4580
12603,0.42,Ideal,H,IF,61.9,56,4.79,4.81,2.97,1216
12605,0.34,Ideal,D,SI1,,57,4.5,4.44,2.74,803
12606,1.08,Premium,G,VS2,62.4,57,6.56,6.49,4.07,6532
12607,0.91,Premium,G,SI2,59.8,58,6.3,6.29,3.77,2813
12608,0.5,Good,F,VS2,63.3,58,4.98,5.03,3.17,1436
12611,0.4,Ideal,F,VS2,62,57,4.74,4.68,2.92,1080
12612,0.3,Premium,F,VVS1,,59,4.26,4.29,2.64,868
12615,0.51,Very Good,G,SI2,63.2,57,5.07,5.03,3.19,1100
12622,1.02,Ideal,H,SI1,60,59,6.56,6.55,3.93,4724
12623,1.49,Ideal,H,SI1,62.4,56,7.28,7.24,4.53,9132
12624,0.73,Ideal,I,VS2,61.9,56,5.77,5.82,3.59,2426
12628,0.92,Premium,F,SI1,62,60,6.26,6.19,3.86,3910
12629,0.3,Ideal,E,VVS1,62.5,56,4.28,4.3,2.68,862
12631,0.34,Premium,G,VS2,61.6,58,4.45,4.51,2.76,596
12635,1.66,Premium,I,SI2,60,59,7.63,7.56,4.56,5310
12637,0.7,Premium,F,SI1,61.3,59,5.71,5.74,3.51,2161
12641,1.01,Very Good,H,VS2,62.2,56,6.35,6.44,3.98,4821
12644,0.74,Ideal,G,SI1,61.3,57,5.81,5.83,3.57,3130
12645,0.77,Very Good,H,VS1,62.8,58,5.75,5.78,3.62,2961
12647,0.33,Premium,E,SI1,60.9,58,4.5,4.46,2.73,743
12649,1.01,Good,E,SI2,63.9,55,6.38,6.33,4.08,4440
12650,1.51,Very Good,G,SI2,63.1,58,7.23,7.19,4.55,7154
12652,0.91,Ideal,F,SI1,62,55,6.21,6.24,3.86,5176
12653,1.75,Premium,I,VS1,60.6,60,7.8,7.84,4.74,12416
12656,1.02,Very Good,G,VS2,,60,6.53,6.49,3.94,6906
12657,0.61,Ideal,I,VVS1,62.5,54,5.43,5.49,3.41,1713
12660,1.38,Ideal,H,VS1,63.6,56,7.05,7,4.47,8037
12663,0.41,Very Good,H,SI1,63.3,56,4.74,4.71,2.99,876
12665,0.4,Very Good,D,VS1,63.3,57,4.66,4.72,2.97,967
12666,0.71,Very Good,F,SI1,61.1,57,5.71,5.74,3.5,2333
12671,1.08,Premium,H,VS2,62.1,58,6.63,6.51,4.08,5250
12675,0.7,Premium,G,SI1,62.6,60,5.61,5.57,3.5,2415
12676,1.34,Premium,D,SI2,61.5,58,7.07,7.04,4.34,7438
12681,1.23,Ideal,E,VVS2,61.7,57,6.85,6.91,4.25,12539
12683,1.24,Premium,F,VS1,61.5,57,6.97,6.86,4.25,9333
12684,1.35,Ideal,H,SI1,62.8,57,6.98,7.09,4.42,7619
12687,0.37,Premium,G,VS2,62.8,60,4.59,4.55,2.87,833
12689,0.26,Very Good,D,VVS2,60.4,59,4.15,4.19,2.52,597
12690,0.83,Premium,H,SI1,60,59,6.08,6.05,3.64,2825
12697,1.24,Premium,G,SI2,60,60,6.94,6.88,4.15,3896
12704,2.04,Very Good,I,SI1,62.9,54,8.16,8.08,5.1,17323
12711,0.33,Premium,D,SI1,60,59,4.5,4.47,2.69,780
12712,1.01,Premium,G,SI1,,59,6.48,6.44,3.96,5006
12714,1.02,Premium,I,SI1,61.7,58,6.48,6.45,3.99,4113
12716,0.33,Good,F,SI1,61.8,62,4.4,4.45,2.74,536
12720,1,Premium,G,VS2,60.1,57,6.42,6.35,3.84,6272
12722,0.52,Very Good,E,SI2,62.9,56,5.12,5.15,3.23,1120
12724,0.9,Ideal,E,SI2,62.1,56,6.25,6.19,3.86,3804
12725,0.5,Good,I,SI2,65.3,56,4.91,5.01,3.24,855
12727,0.71,Fair,D,VS1,65.4,59,5.62,5.58,3.66,2747
12734,0.3,Ideal,G,VVS1,61.3,56,4.34,4.3,2.65,1013
12738,0.25,Very Good,E,VVS1,60.1,57,4.08,4.11,2.46,526
12741,0.29,Ideal,E,VS1,60.6,55,4.33,4.35,2.63,619
12743,0.85,Premium,G,SI2,62,58,6.08,6.04,3.76,2444
12747,0.31,Very Good,G,VS1,60.8,61,4.33,4.35,2.64,625
12749,0.3,Ideal,H,VVS2,62.1,56,4.32,4.28,2.67,776
12750,0.31,Premium,G,SI2,61.3,58,4.4,4.37,2.69,523
12755,0.93,Ideal,F,SI2,59.5,57,6.37,6.33,3.78,3828
12757,1.2,Premium,G,VS2,62.4,59,6.74,6.68,4.19,7405
12762,0.61,Very Good,I,VS2,62.4,57,5.4,5.43,3.38,1572
12763,0.31,Premium,H,VS2,58.9,61,4.46,4.43,2.62,586
12767,1.22,Ideal,G,VS2,61.4,56,6.88,6.9,4.23,8213
12768,0.5,Premium,F,VS1,61.8,60,5.06,5.1,3.14,1710
12770,1.01,Premium,G,SI2,,60,6.48,6.44,3.88,4270
12771,1.2,Ideal,E,SI2,61.1,55,6.9,6.87,4.21,5494
12772,0.54,Very Good,F,SI1,61.2,55,5.23,5.29,3.22,1346
12773,0.33,Good,F,VVS1,63.3,57,4.38,4.44,2.79,764
12774,0.31,Ideal,E,VVS2,61.3,55,4.34,4.37,2.67,864
12775,1.01,Premium,G,I1,59.4,61,6.51,6.45,3.85,3348
12776,1.02,Ideal,F,VS1,61.2,57,6.45,6.52,3.98,8024
12778,0.31,Ideal,D,VS2,62.1,56,4.35,4.34,2.7,942
12781,0.32,Ideal,G,VS2,61.8,57,4.42,4.38,2.72,720
12788,1.7,Ideal,I,VS2,61.7,56,7.72,7.64,4.74,11360
12789,1.14,Ideal,H,VS2,61.6,56,6.68,6.72,4.13,5831
12790,0.29,Fair,F,SI1,55.8,60,4.48,4.41,2.48,1776
12791,0.5,Very Good,E,SI2,62.8,55,5.05,5.08,3.18,1077
12793,1.1,Premium,H,SI2,62.6,57,6.6,6.56,4.12,4435
12794,0.3,Premium,F,VVS2,61.4,59,4.36,4.31,2.66,945
12795,1.06,Very Good,H,VS1,61.9,58,6.57,6.49,4.04,5627
12797,0.72,Good,D,VS1,63.3,55,5.69,5.75,3.62,3570
12798,0.71,Good,E,VS2,59.2,61,5.8,5.88,3.46,2772
12801,1.7,Premium,E,SI2,59.8,59,7.76,7.66,4.61,9596
12802,0.59,Ideal,D,SI1,62.1,56,5.36,5.4,3.34,1684
12803,1.01,Good,D,IF,63.2,59,6.34,6.38,4.02,15081
12804,0.7,Premium,G,VVS2,62.9,59,5.68,5.61,3.55,2874
12807,1.52,Premium,H,VVS2,61.2,58,7.48,7.41,4.56,11979
12808,2.11,Premium,J,SI2,60.7,60,8.27,8.2,5,12554
12810,0.31,Ideal,E,VS1,61.2,55,4.4,4.43,2.7,722
12812,1,Fair,E,SI2,69,56,6.01,5.94,4.12,3763
12814,0.4,Premium,G,VVS2,62.7,59,4.69,4.72,2.95,982
12816,0.5,Premium,G,VS1,59.8,58,5.15,5.19,3.09,1624
12818,0.43,Very Good,F,VS1,61,57,4.84,4.89,2.97,1056
12819,0.71,Ideal,J,VS1,62.3,55,5.7,5.73,3.56,2085
12826,0.23,Premium,E,VVS1,61.1,60,4.01,3.95,2.43,680
12828,1.51,Very Good,I,VVS1,63,59,7.24,7.3,4.58,11088
12831,1.24,Ideal,I,SI1,62.1,56,6.84,6.88,4.26,5797
12833,1.05,Premium,E,IF,59,58,6.7,6.66,3.94,11946
12837,0.95,Very Good,J,SI1,,55,6.25,6.21,3.95,3154
12840,1.1,Ideal,H,VS1,61.7,56,6.61,6.65,4.09,6630
12842,1.22,Very Good,J,VS2,61.9,57,6.82,6.87,4.24,4793
12844,1,Very Good,E,SI2,61.4,61,6.36,6.41,3.92,4620
12847,0.91,Fair,D,VS2,65.7,58,6.04,5.99,3.95,4107
12848,0.32,Very Good,I,VS1,,54,4.42,4.38,2.78,648
12850,0.39,Premium,D,VS2,61.3,58,4.7,4.73,2.89,958
12851,0.43,Ideal,J,IF,62.4,56,4.84,4.87,3.03,890
12856,1.04,Ideal,F,I1,61.6,57,6.51,6.46,4,3718
12857,0.58,Ideal,H,SI1,61.6,57,5.34,5.38,3.3,1184
12858,0.3,Ideal,G,VS2,60.8,57,4.33,4.38,2.65,491
12859,1,Premium,G,VVS2,59.5,61,6.46,6.42,3.83,7589
12861,1.63,Ideal,G,VS1,61.5,57,7.58,7.6,4.67,16241
12862,0.32,Ideal,E,VVS2,60.9,55,4.41,4.43,2.69,837
12864,0.7,Good,I,VS2,63.9,65,5.6,5.56,3.56,2268
12865,1.01,Premium,G,SI2,62.9,57,6.39,6.33,4,3750
12866,0.81,Ideal,E,VS2,61.5,57,6,6.06,3.71,3975
12867,0.62,Premium,G,VS2,60.9,59,5.52,5.48,3.35,1841
12868,1.01,Premium,D,VVS2,62.4,60,6.31,6.36,3.95,10221
12872,0.53,Ideal,E,VS2,62.1,54.6,5.19,5.21,3.23,1690
12878,0.32,Ideal,E,VS2,62,55,4.41,4.37,2.72,804
12879,0.31,Ideal,G,VS2,62.2,54,4.34,4.38,2.71,562
12880,0.47,Premium,H,VS1,60.3,61,5.05,5.04,3.04,1244
12881,0.6,Ideal,D,VS1,61.9,54.9,5.4,5.43,3.35,2527
12883,1.28,Ideal,H,SI2,61.8,57,7,6.97,4.32,5676
12884,0.4,Ideal,G,VVS1,62,56,4.73,4.76,2.94,1043
12886,0.74,Premium,F,SI1,58.7,58,5.93,5.86,3.46,2452
12887,0.41,Very Good,D,VS1,62.3,59,4.72,4.79,2.96,1018
12891,0.51,Ideal,G,VS1,62.7,56,5.08,5.1,3.19,1656
12894,0.25,Ideal,E,VS2,62.1,57,4.01,4.05,2.5,535
12896,0.31,Ideal,E,VS1,61.7,53,4.36,4.39,2.7,800
12902,1.7,Ideal,I,SI2,60.7,59,7.69,7.64,4.65,8743
12905,1.55,Very Good,G,SI2,61.9,60,7.31,7.36,4.54,8873
12906,0.31,Ideal,H,VVS1,62,54.2,4.35,4.39,2.71,660
12912,0.31,Ideal,E,VS1,61.9,54.4,4.33,4.37,2.69,685
12915,1.01,Fair,E,SI2,67.6,57,6.21,6.11,4.18,2862
12920,1.56,Premium,I,VVS2,60.5,58,7.53,7.45,4.53,8858
12923,1.51,Premium,J,SI1,58.4,60,7.58,7.53,4.41,7314
12925,0.51,Ideal,G,VS2,62,56,5.11,5.18,3.19,1343
12926,2.03,Very Good,H,SI2,56.8,61,8.52,8.42,4.81,16442
12927,0.4,Ideal,H,VVS1,62.3,54,4.74,4.77,2.96,1017
12930,0.7,Ideal,I,VS2,62.5,54,5.68,5.71,3.56,2390
12936,2.01,Premium,I,SI1,62.4,61,8.01,7.99,4.99,15707
12944,0.52,Premium,G,SI1,60.6,61,5.19,5.17,3.14,1249
12951,1.33,Premium,G,SI2,61.3,59,7.06,6.93,4.29,4634
12952,1.12,Premium,I,SI1,61.3,58,6.69,6.68,4.1,4077
12956,1.53,Premium,G,VS2,59.9,61,7.54,7.45,4.49,13206
12961,0.33,Ideal,F,VVS1,61.7,54,4.46,4.49,2.76,893
12963,0.33,Very Good,I,SI1,62.8,58,4.39,4.43,2.77,445
12965,0.54,Ideal,D,VS2,61.3,56,5.22,5.26,3.21,1892
12967,0.51,Ideal,D,VS2,,57,5.18,5.21,3.16,1769
12970,0.32,Fair,F,SI1,64.4,54,4.36,4.33,2.8,638
12973,1.06,Very Good,E,VVS2,61.8,58,6.52,6.56,4.04,9997
12976,0.74,Very Good,J,IF,60.3,58,5.82,5.86,3.52,2277
12979,0.75,Premium,G,SI1,60.4,58,5.88,5.84,3.54,2415
12982,0.3,Ideal,E,VS2,62.3,56,4.34,4.3,2.69,844
12990,0.57,Ideal,E,VVS1,61.8,56,5.33,5.35,3.3,2739
12992,1.22,Ideal,E,SI2,62.7,57,6.84,6.81,4.28,6343
12994,1.06,Premium,I,SI1,61.9,59,6.52,6.5,4.03,4452
12996,0.7,Good,F,SI2,64.1,58,5.58,5.53,3.56,1792
12999,0.28,Ideal,E,VVS1,62,56,4.19,4.23,2.61,646
13002,1.5,Premium,H,VS2,62.4,59,7.29,7.32,4.56,11092
13003,2.01,Very Good,J,SI2,60.6,60,8.11,8.19,4.94,11406
13005,0.32,Ideal,D,SI2,62.4,54,4.4,4.38,2.74,612
13007,1.07,Good,H,SI1,58.1,60,6.72,6.78,3.92,4832
13011,0.77,Premium,I,VS1,62.6,55,5.9,5.85,3.68,2524
13015,0.92,Ideal,D,SI2,61.9,56,6.27,6.2,3.86,2840
13016,0.4,Ideal,F,VVS1,61.3,56,4.73,4.76,2.91,1263
13019,1.5,Premium,H,VS2,60,62,7.41,7.38,4.44,11322
13020,1.66,Premium,J,VVS2,62.6,59,7.58,7.54,4.73,10062
13021,0.33,Very Good,E,SI2,60,59,4.47,4.49,2.69,463
13023,0.54,Very Good,E,SI2,60.7,56.5,5.24,5.28,3.19,1415
13026,0.32,Ideal,H,VVS1,62,54,4.39,4.42,2.73,708
13027,0.72,Good,F,SI1,63.9,62,5.7,5.63,3.62,2188
13028,1.13,Ideal,I,VS2,62.3,56,6.63,6.73,4.16,4940
13032,0.31,Premium,G,VS2,61.2,58,4.32,4.37,2.66,544
13034,0.36,Very Good,E,SI1,60.8,59,4.56,4.59,2.78,631
13041,1.01,Ideal,F,VS1,61.8,57,6.41,6.46,3.98,8860
13042,0.3,Good,F,VVS2,66,55,4.19,4.21,2.77,613
13047,2.1,Ideal,I,SI2,61.9,56,8.22,8.2,5.08,15653
13048,1.22,Premium,I,SI1,61.2,59,6.86,6.9,4.21,5368
13050,0.32,Ideal,G,VS2,62.4,55,4.39,4.36,2.73,672
13051,0.3,Premium,H,SI1,61.3,61,4.27,4.25,2.61,540
13061,0.35,Premium,H,SI2,61.6,58,4.49,4.54,2.78,441
13063,1.01,Ideal,E,SI1,60.8,56,6.53,6.47,3.95,6346
13065,1.52,Very Good,F,VS1,63.8,56,7.25,7.3,4.64,15819
13067,0.54,Ideal,G,VS2,60.7,56,5.29,5.25,3.2,1637
13068,1.51,Very Good,D,VS2,63.1,62,7.24,7.22,4.56,14205
13069,2.2,Premium,H,SI2,58.2,59,8.52,8.47,4.94,11147
13072,0.43,Ideal,G,IF,62.5,54,4.83,4.86,3.03,1318
13074,0.52,Premium,E,VS2,60.9,58,5.2,5.18,3.16,1646
13075,0.5,Ideal,F,VS2,60.9,57,5.14,5.16,3.14,1749
13078,1.01,Very Good,F,SI1,59.7,61,6.49,6.55,3.89,4899
13079,0.48,Very Good,D,IF,60.6,55,5.08,5.12,3.09,2677
13084,0.7,Very Good,E,SI2,,59,5.7,5.74,3.52,2464
13086,0.3,Premium,G,VVS2,61,60,4.3,4.32,2.63,684
13090,0.53,Ideal,D,VS2,60.2,57,5.26,5.24,3.16,1956
13091,1.02,Ideal,H,SI2,61.6,55,6.49,6.43,3.98,2856
13097,0.32,Ideal,E,VS2,62,55,4.46,4.38,2.74,900
13098,2.01,Fair,G,SI2,65.9,57,7.85,7.78,5.15,10887
13099,1.01,Ideal,H,SI1,62.4,53,6.47,6.42,4.02,4642
13100,0.3,Good,H,SI2,63.9,57,4.27,4.24,2.72,485
13101,0.3,Ideal,E,VS2,62.3,57,4.32,4.29,2.68,844
13102,0.42,Ideal,D,VVS2,62.5,57,4.77,4.8,2.99,1326
13103,0.95,Ideal,H,SI2,59.3,59,6.42,6.46,3.82,3994
13104,0.51,Ideal,D,VS2,61.5,57,5.11,5.14,3.15,1787
13106,1.01,Very Good,E,VS1,62.9,60,6.33,6.43,4.01,7332
13107,1.2,Good,J,VS2,64.3,56,6.65,6.57,4.25,4637
13109,0.53,Premium,D,VS2,59.9,58,5.26,5.29,3.16,1734
13110,0.3,Ideal,H,VS1,61.6,55,4.27,4.3,2.64,526
13112,0.71,Good,G,SI1,63.6,56,5.65,5.67,3.6,2428
13115,0.32,Ideal,G,VVS1,61.4,57,4.42,4.44,2.72,814
13118,1.01,Very Good,E,SI1,62.3,60,6.36,6.39,3.97,5224
13121,0.51,Ideal,I,SI1,61.7,54,5.18,5.19,3.2,1000
13122,0.32,Ideal,F,VS1,61.6,57,4.39,4.42,2.71,716
13123,0.64,Ideal,H,VS2,62.3,54,5.52,5.55,3.44,1831
13124,1.16,Premium,G,VVS2,60,59,6.89,6.82,4.11,9146
13126,0.42,Ideal,E,VS2,62.2,55,4.79,4.83,2.99,958
13131,1.19,Premium,I,VS2,59.3,59,6.98,6.88,4.11,4591
13133,1.51,Ideal,J,SI1,61.4,57,7.38,7.43,4.55,8049
13134,1.5,Premium,J,SI1,61.7,59,7.36,7.32,4.53,7258
13137,1.01,Fair,G,SI2,59.8,66,6.42,6.48,3.86,3816
13138,2.02,Good,E,SI2,58.8,61,8.21,8.25,4.84,18236
13140,0.5,Premium,E,VS2,61.8,58,5.07,5.09,3.14,1624
13143,0.7,Ideal,F,SI1,61.5,56,5.74,5.7,3.52,2348
13145,0.3,Very Good,F,VS1,59.8,60,4.39,4.31,2.6,640
13147,0.9,Very Good,D,VS1,60.3,58,6.23,6.28,3.77,5331
13150,1.24,Premium,H,VS1,61.2,59,6.91,6.94,4.24,7358
13152,1,Good,D,VS2,63.9,56,6.34,6.31,4.04,7200
13156,1.01,Fair,E,SI2,55.2,65,6.78,6.67,3.71,4118
13157,1.04,Premium,E,SI2,59.2,58,6.64,6.7,3.95,4484
13160,1.3,Ideal,F,SI2,62.2,56,7,6.96,4.34,6559
13161,0.58,Ideal,F,SI1,60.9,55,5.39,5.41,3.29,1569
13164,0.75,Very Good,E,VVS2,62.8,57,5.74,5.78,3.62,4005
13165,0.32,Ideal,G,IF,60.9,56,4.43,4.41,2.69,1020
13166,1.06,Ideal,E,SI2,62.2,55,6.51,6.54,4.06,5223
13167,1.52,Ideal,H,SI1,60.1,60,7.5,7.42,4.48,9235
13168,1.67,Very Good,I,VS1,61.6,59.1,7.61,7.64,4.7,11867
13169,0.5,Ideal,D,SI2,61.6,57,5.13,5.1,3.15,1332
13174,0.7,Ideal,F,SI1,61,56,5.75,5.8,3.52,2840
13176,2.01,Premium,I,SI1,60.1,59,8.21,8.15,4.92,14752
13177,1.19,Ideal,E,SI2,60.2,57,6.84,6.87,4.13,5717
13178,1.62,Premium,F,SI1,63,58,7.47,7.43,4.69,13298
13179,2.03,Good,D,SI2,63.1,59,8.12,7.99,5.08,13109
13182,2.01,Very Good,H,SI2,63.4,60,7.97,7.89,5.03,11780
13185,0.81,Premium,J,VS2,60.6,60,6.04,6,3.65,2129
13186,0.8,Ideal,F,SI1,62.8,54,5.9,5.97,3.74,2975
13189,0.3,Very Good,D,SI1,62.6,56,4.24,4.29,2.67,552
13193,0.53,Ideal,F,VVS2,62.1,56,5.22,5.15,3.22,2290
13194,0.3,Ideal,F,VS1,61.3,55,4.36,4.32,2.66,731
13195,0.32,Premium,H,VS2,62.5,59,4.38,4.33,2.72,648
13198,1.58,Premium,D,SI1,62.7,60,7.41,7.37,4.63,13995
13199,0.9,Good,F,SI1,58,58,6.24,6.28,3.63,3699
13200,0.54,Ideal,G,IF,61.5,55,5.24,5.3,3.23,2289
13201,0.3,Premium,G,VS2,61.6,60,4.33,4.28,2.65,675
13203,0.41,Ideal,E,VS1,61.4,55,4.8,4.84,2.96,1007
13204,0.33,Ideal,G,SI2,,56,4.45,4.41,2.74,557
13205,0.7,Very Good,G,VS2,63.1,55,5.64,5.61,3.55,2657
13210,0.83,Very Good,G,SI2,61.6,57,6.02,6.06,3.72,2725
13216,1.65,Very Good,H,VS1,62,58,7.56,7.66,4.72,12773
13219,1.71,Very Good,D,SI2,62.1,58,7.56,7.64,4.72,11737
13223,1.53,Very Good,H,SI1,60.4,60,7.39,7.44,4.48,9332
13224,1.27,Ideal,G,SI2,58.8,56,7.16,7.06,4.18,4936
13229,0.71,Ideal,F,SI1,61.9,56,5.69,5.74,3.54,2999
13230,1.03,Ideal,F,VS2,60.4,56,6.59,6.56,3.97,6467
13234,0.51,Ideal,E,SI1,61.5,54,5.15,5.19,3.18,1356
13242,0.44,Premium,G,SI1,61.6,61,4.88,4.83,2.99,990
13247,1.57,Very Good,H,SI1,62,60,7.4,7.44,4.6,10200
13248,0.74,Premium,D,SI1,60.6,60,5.88,5.84,3.55,2655
13253,1.01,Very Good,E,SI2,62.2,58,6.36,6.43,3.98,4575
13254,0.5,Premium,F,VS1,61.3,59,5.15,5.09,3.14,1838
13257,0.72,Ideal,E,SI1,61,57,5.77,5.8,3.53,3012
13262,1.7,Ideal,H,SI2,61.9,59,7.59,7.67,4.72,9864
13263,1.5,Fair,G,VS2,64.4,56,7.16,7.09,4.59,12787
13267,0.3,Ideal,F,IF,62.1,57,4.27,4.3,2.66,886
13278,1.22,Premium,E,SI2,60.5,60,6.93,6.89,4.18,4974
13279,0.41,Ideal,J,VS1,62.4,55,4.75,4.77,2.97,648
13280,0.71,Good,D,SI1,63.1,56,5.68,5.73,3.6,2719
13282,1.18,Very Good,H,SI1,63.3,55,6.75,6.72,4.26,5815
13285,1.21,Premium,H,VS2,58.8,59,7.01,6.98,4.11,6708
13286,0.7,Ideal,F,SI2,62.6,53,5.72,5.69,3.57,2011
13288,0.41,Premium,F,VVS2,60.1,58,4.79,4.83,2.89,1115
13297,1.26,Ideal,G,SI2,,55,7.05,7,4.28,6046
13300,0.5,Good,F,SI1,64.3,57,5.03,4.94,3.21,975
13307,0.71,Ideal,H,SI1,60.7,59,5.75,5.81,3.51,2328
13310,0.91,Premium,H,VS2,61.8,60,6.18,6.22,3.83,4313
13311,0.3,Premium,I,VVS1,61.1,59,4.33,4.31,2.64,709
13312,0.31,Very Good,G,VVS2,63.3,57,4.31,4.28,2.72,907
13318,0.4,Ideal,F,VVS2,62.8,56,4.73,4.69,2.96,1163
13322,0.42,Ideal,G,VVS2,62.2,56,4.77,4.81,2.98,1031
13323,1.17,Ideal,I,VS1,62.2,53,6.78,6.81,4.23,6013
13325,1.57,Very Good,H,VS1,62.8,60,7.36,7.44,4.65,11605
13327,0.4,Very Good,G,SI1,60,63,4.76,4.8,2.87,702
13329,0.37,Very Good,E,SI2,61.6,56,4.61,4.65,2.85,493
13332,2.03,Ideal,G,SI1,60.3,56,8.27,8.21,4.97,16224
13333,0.31,Ideal,G,IF,61,56,4.38,4.37,2.67,988
13334,1.02,Ideal,G,SI1,62.2,57,6.43,6.49,4.02,4988
13337,0.73,Fair,F,VS1,58.6,66,5.92,5.88,3.46,3002
13342,0.81,Good,G,SI2,59.2,64,6.11,6.15,3.63,2474
13344,1.5,Premium,G,SI2,61.8,59,7.29,7.21,4.48,9072
13346,0.7,Very Good,D,VS2,63.3,56,5.6,5.58,3.54,2826
13348,0.5,Very Good,E,VS1,63.9,55,4.98,5.03,3.2,1604
13349,0.7,Premium,F,VVS2,58.7,60,5.8,5.75,3.39,3062
13350,1.01,Premium,G,VS2,61.5,60,6.45,6.42,3.96,6108
13352,1.14,Ideal,G,IF,61.1,57,6.7,6.76,4.11,10313
13354,0.91,Very Good,E,SI1,62.1,60,6.21,6.25,3.87,4284
13356,1.45,Fair,J,SI2,58.6,68,7.45,7.33,4.34,4570
13359,1.3,Ideal,G,VS2,61.9,55,7.01,7.04,4.35,9060
13360,1.56,Ideal,I,SI1,62.5,54,7.45,7.37,4.63,9788
13361,1.21,Very Good,G,VVS2,60.4,56,6.88,6.92,4.17,9484
13362,0.57,Ideal,G,VS2,61.5,55,5.33,5.37,3.29,1691
13363,0.32,Very Good,G,VVS1,61.2,59,4.41,4.45,2.71,876
13365,0.33,Ideal,G,IF,61.5,56,4.46,4.48,2.75,992
13368,1.59,Premium,J,SI1,62.5,60,7.42,7.46,4.65,7695
13369,0.31,Ideal,G,VS1,61.9,56,4.34,4.38,2.7,542
13371,0.9,Good,F,SI1,63.9,59,6.09,6.06,3.88,3992
13372,0.92,Ideal,D,VS2,61.4,56,6.26,6.28,3.85,6513
13373,1.32,Very Good,H,SI1,63.5,57,6.88,6.92,4.38,5717
13376,0.42,Ideal,G,SI1,62.2,53,4.85,4.86,3.02,777
13383,0.57,Premium,D,VS1,60.9,57,5.43,5.37,3.29,2093
13386,0.43,Ideal,H,SI1,62.4,56,4.81,4.83,3.01,716
13387,0.56,Ideal,G,VS1,62,56,5.28,5.3,3.28,1822
13388,1.02,Ideal,F,VS2,62.8,57,6.41,6.36,4.01,7037
13390,0.3,Ideal,G,VVS1,61.5,57,4.28,4.31,2.64,764
13391,2.2,Premium,H,SI1,61.2,59,8.42,8.37,0,17265
13394,0.72,Ideal,E,SI1,59.8,57,5.86,5.91,3.52,2265
13397,1.13,Very Good,H,SI2,62.7,55,6.61,6.69,4.17,4661
13402,0.58,Very Good,F,VS2,60.7,63,5.39,5.36,3.26,1914
13408,0.4,Ideal,E,VS1,61.2,57,4.77,4.74,2.91,1125
13412,0.6,Ideal,G,IF,62,55,5.39,5.44,3.36,2570
13414,1,Very Good,D,SI1,63.1,56,6.34,6.3,3.99,5645
13421,0.7,Good,D,VVS2,63.6,57,5.61,5.58,3.56,3312
13422,1.12,Ideal,F,VS2,61.8,55,6.63,6.67,4.11,9138
13423,0.36,Ideal,F,IF,61.4,56,4.57,4.61,2.82,1063
13424,0.3,Ideal,G,VS1,61.8,55,4.31,4.33,2.67,605
13425,1.03,Good,J,SI1,63.6,57,6.38,6.29,4.03,2855
13427,1.01,Very Good,F,SI1,63.3,59,6.42,6.38,4.05,4989
13429,1.01,Ideal,G,SI2,59.3,60,6.54,6.58,3.89,4556
13430,0.33,Premium,G,VS1,62.3,58,4.41,4.45,2.76,666
13432,0.75,Premium,E,SI1,61.7,60,5.84,5.8,3.59,3024
13434,0.39,Very Good,G,VS2,60.4,61,4.71,4.73,2.85,734
13437,1.01,Good,I,VS2,57.1,63,6.6,6.56,3.76,3717
13440,1.5,Very Good,E,SI2,63.5,60,7.19,7.12,4.54,6300
13441,0.3,Premium,D,SI1,61,61,4.29,4.27,2.61,709
13443,1.27,Very Good,G,VVS2,61.5,58,6.9,6.96,4.26,10321
13445,0.3,Ideal,H,VS2,61.9,57,4.28,4.31,2.66,491
13447,0.44,Good,J,VS1,63.1,57,4.83,4.87,3.06,694
13448,1.51,Good,F,SI2,64.2,61,7.24,7.19,4.63,7695
13450,0.59,Ideal,F,SI1,62.3,54,5.37,5.41,3.36,1424
13451,0.33,Ideal,E,VS1,60,57,4.5,4.47,2.69,802
13454,1.01,Good,E,VS1,63.4,58,6.36,6.38,4.04,7234
13458,0.77,Premium,D,VS2,61.8,58,5.84,5.81,3.6,3291
13464,1.01,Premium,F,SI1,59.5,62,6.53,6.45,3.86,4989
13465,0.33,Premium,I,VS2,60.6,58,4.47,4.44,2.7,594
13466,0.35,Ideal,F,SI2,62.8,55,4.53,4.48,2.83,591
13472,0.51,Very Good,G,VVS2,60.9,56,5.17,5.21,3.16,1768
13473,1.26,Ideal,I,SI1,62.6,57,6.89,6.92,4.32,6597
13474,0.71,Ideal,I,IF,61.5,56,5.74,5.77,3.54,2925
13475,0.28,Very Good,H,VS1,63.1,55,4.17,4.2,2.64,429
13479,0.31,Premium,G,VS1,62.2,56,4.36,4.32,2.7,802
13480,1.06,Ideal,D,VVS2,61.8,56,6.49,6.53,4.03,13588
13482,0.3,Very Good,D,VS2,62.9,61,4.27,4.29,2.69,710
13485,0.37,Premium,E,SI1,59.9,59,4.7,4.68,2.81,833
13492,1.04,Premium,H,SI1,60.7,58,6.55,6.53,3.97,5179
13493,0.41,Premium,G,SI1,60.3,60,4.8,4.76,2.88,923
13494,0.3,Very Good,H,VS1,62.9,54,4.28,4.31,2.7,526
13495,1.7,Premium,H,VS2,59,58,7.77,7.72,4.57,10333
13499,0.72,Ideal,E,SI2,62.5,55,5.69,5.74,3.57,2530
13500,0.83,Very Good,F,SI1,62.1,58,5.98,6.06,3.74,3010
13502,1,Very Good,H,SI2,63.7,58,6.31,6.35,4.03,4395
13503,0.59,Ideal,D,SI1,61.2,56,5.38,5.43,3.31,1694
13504,0.9,Ideal,F,SI1,,56,6.13,6.16,3.84,4054
13511,1.01,Ideal,G,VVS1,61.1,56,6.51,6.49,3.97,8647
13514,2.01,Premium,G,SI2,60.1,60,8.25,8.18,4.94,17403
13516,0.9,Good,E,SI2,59.9,61,6.16,6.2,3.7,3660
13517,1.54,Ideal,F,VS2,61.9,57,7.42,7.35,4.57,12978
13518,2.44,Premium,I,SI2,61.4,56,8.74,8.7,5.35,13027
13520,1,Premium,E,VS2,60.4,57,6.49,6.46,3.91,6720
13522,0.7,Ideal,F,VS1,61.7,55,5.72,5.76,3.54,3154
13528,0.3,Premium,G,VS2,61.9,58,4.33,4.3,2.67,675
13531,2.05,Good,G,I1,56.9,58,8.46,8.3,4.77,7026
13537,0.4,Ideal,E,VVS2,61.6,56,4.74,4.77,2.93,1145
13539,0.7,Ideal,F,SI1,61.9,57,5.66,5.75,3.53,2230
13546,1.04,Premium,G,SI1,59.2,61,6.68,6.63,3.94,4811
13547,0.9,Good,G,VS2,60.8,56,6.14,6.19,3.75,4210
13548,0.82,Ideal,F,SI2,62.3,56,5.96,6.02,3.73,2841
13551,0.52,Good,D,SI2,63.7,55,5.11,5.1,3.25,1293
13553,0.4,Ideal,G,VVS2,61.5,57,4.74,4.76,2.92,1172
13560,0.32,Premium,H,VS2,61.7,59,4.35,4.4,2.7,505
13561,1.5,Ideal,I,VS1,62.2,54,7.33,7.4,4.57,10406
13565,0.59,Very Good,F,SI1,61.7,57,5.39,5.43,3.34,1412
13566,0.36,Good,H,VS2,63.5,54,4.55,4.59,2.9,568
13567,1.02,Premium,G,SI2,62.5,58,6.4,6.43,4.01,4471
13568,0.53,Ideal,F,VVS2,61.3,57,5.2,5.24,3.2,2160
13570,1.2,Very Good,G,VS1,62.5,57,6.84,6.75,4.25,8150
13572,0.32,Ideal,E,VVS1,61.6,56,4.42,4.41,2.72,1020
13574,0.9,Very Good,I,VVS1,63.5,58,6.06,6.09,3.86,4161
13576,0.81,Very Good,E,SI2,63.7,57,5.86,5.94,3.76,2735
13577,1.17,Premium,H,SI1,62.6,59,6.78,6.71,4.22,4631
13581,1.05,Ideal,D,SI1,62.8,57,6.46,6.48,4.06,5914
13583,0.9,Premium,F,VS1,62.7,58,6.14,6.17,3.86,5088
13584,2.34,Premium,I,I1,61.5,60,8.47,8.43,5.2,8491
13586,1.01,Ideal,G,VS2,62.7,54,6.43,6.47,4.04,6937
13588,0.32,Good,D,VS2,63.6,55,4.35,4.42,2.79,657
13590,1.51,Ideal,F,SI1,62.3,57,7.33,7.3,4.56,12459
13592,2.09,Premium,G,SI2,59.8,59,8.37,8.32,4.99,14024
13593,0.51,Ideal,G,VVS1,62.6,57,5.14,5.08,3.2,2111
13594,1.21,Ideal,I,SI2,60.6,56,6.94,6.92,4.2,5184
13596,0.41,Premium,E,VS1,61.8,58,4.75,4.73,2.93,1153
13598,2.06,Good,I,VS2,60.2,64,8.34,8.14,4.97,15046
13599,0.33,Very Good,D,VS2,60.8,60,4.52,4.46,2.73,615
13602,0.34,Ideal,H,VS2,62.2,56,4.48,4.53,2.8,537
13606,0.81,Ideal,E,SI1,61.3,57,6.08,6.03,3.71,3338
13608,0.24,Ideal,H,IF,62.1,57,4,4.04,2.5,504
13609,0.9,Good,E,SI1,,55,6.12,6.22,3.92,3570
13611,0.46,Ideal,D,VS1,61.6,57,4.95,4.98,3.06,1637
13612,1.04,Very Good,F,SI1,59.7,59,6.67,6.56,3.95,5152
13614,2.13,Ideal,H,SI2,61.8,57,8.21,8.25,5.09,15288
13618,1.02,Very Good,F,VVS2,61,54,6.53,6.58,4,9043
13621,0.51,Very Good,E,VVS1,59.7,59,5.19,5.2,3.1,2369
13622,0.59,Ideal,E,SI1,61.4,56,5.36,5.39,3.3,1664
13626,0.25,Very Good,F,IF,63.3,59,3.99,4.04,2.54,526
13629,0.72,Ideal,D,SI2,62.3,57,5.8,5.75,3.6,2457
13630,2.02,Ideal,H,VS2,61.6,56,8.17,8.12,5.02,18050
13633,0.6,Ideal,F,VVS2,60.8,57,5.44,5.49,3.32,2856
13634,1.51,Good,J,VS2,59.5,61,7.45,7.62,4.48,7476
13635,1.61,Ideal,G,SI1,62.4,55,7.51,7.48,4.68,11859
13637,1.01,Fair,F,SI1,57.9,57,6.53,6.57,3.79,5144
13638,0.71,Premium,H,SI1,61,58,5.73,5.77,3.51,2006
13642,0.38,Ideal,D,VVS1,,56,4.63,4.66,2.87,1400
13649,0.72,Ideal,E,VS1,62.6,55,5.7,5.73,3.58,3275
13651,0.37,Ideal,G,SI1,61.1,56,4.64,4.66,2.84,531
13654,0.9,Ideal,F,VS2,62.3,56,6.17,6.19,3.85,6830
13656,0.8,Very Good,F,VS2,63.3,59.8,5.79,5.83,3.68,3283
13658,1.01,Very Good,I,SI1,63.4,62,6.25,6.18,3.94,4072
13660,0.37,Premium,H,SI1,60.4,59,4.63,4.58,2.78,666
13661,1.08,Ideal,I,VS2,61.9,57,6.54,6.61,4.07,5172
13663,1.02,Very Good,G,VS2,61.9,54,6.45,6.48,4,6569
13665,0.83,Ideal,F,SI1,62.1,57,6,6.02,3.73,3010
13666,1.23,Very Good,H,VS2,61.6,59,6.84,6.86,4.22,6459
13668,1.7,Ideal,H,VS1,62.4,55,7.61,7.69,4.77,13823
13674,0.41,Very Good,D,SI1,63.1,59,4.71,4.7,2.97,1015
13675,0.32,Premium,G,VS2,60.2,57,4.45,4.42,2.67,720
13680,0.42,Premium,D,SI2,62,59,4.83,4.78,2.98,862
13683,0.32,Ideal,E,VS1,61.8,55,4.4,4.43,2.73,758
13684,1.05,Good,F,SI1,57.9,62,6.68,6.73,3.88,4729
13688,0.37,Ideal,F,VVS1,61.3,56,4.65,4.68,2.86,997
13693,0.32,Ideal,F,IF,60.7,56,4.43,4.46,2.7,990
13694,0.32,Premium,G,SI1,62.5,58,4.43,4.4,2.76,612
13703,0.67,Very Good,D,SI1,60.2,60,5.61,5.68,3.4,2007
13705,1.21,Premium,H,SI1,62.5,60,6.77,6.7,4.21,5871
13706,1.57,Ideal,E,VS2,62.3,57,7.39,7.44,4.62,16570
13708,0.5,Good,D,SI1,63.7,56,5.05,5.09,3.23,1436
13710,1.7,Ideal,E,SI1,60.1,57,7.71,7.74,4.64,14623
13711,1,Very Good,G,SI1,62.6,59,6.29,6.33,3.95,4844
13714,0.42,Ideal,G,VS1,61.8,57,4.79,4.82,2.97,921
13720,1.51,Ideal,H,SI2,61.7,57,7.39,7.36,4.55,6384
13722,2.21,Ideal,G,SI2,60.2,60,8.38,8.47,5.07,18128
13724,1.52,Very Good,G,VVS2,62.9,59,7.25,7.29,4.57,15265
13727,0.74,Very Good,G,VS1,60.9,59,5.9,5.86,3.58,3389
13728,0.91,Very Good,D,SI2,62.3,57,6.14,6.22,3.85,3848
13734,0.31,Very Good,H,SI1,60.5,60,4.33,4.4,2.64,446
13737,0.7,Very Good,H,VS2,63.2,57,5.58,5.62,3.54,2137
13738,0.71,Ideal,H,SI2,62.2,55,5.72,5.7,3.55,2360
13739,0.31,Ideal,H,IF,62.1,54,4.37,4.33,2.7,1046
13741,1.01,Good,F,SI1,64.2,58,6.33,6.31,4.06,4276
13743,0.37,Premium,D,SI1,61.9,59,4.65,4.62,2.87,874
13745,0.7,Premium,H,VS2,62.2,58,5.74,5.68,3.55,2184
13746,0.54,Ideal,H,VS1,,56,5.24,5.23,3.22,1637
13747,0.54,Ideal,I,SI1,62.4,55,5.19,5.23,3.25,1170
13749,1.51,Very Good,G,VS2,62.8,57,7.25,7.3,4.57,11923
13758,1.14,Very Good,I,SI1,63.5,56,6.62,6.58,4.19,4788
13764,1.06,Ideal,E,VS1,62.1,57,6.49,6.52,4.04,8413
13765,0.36,Ideal,G,SI1,61.1,55,4.58,4.62,2.81,571
13766,0.33,Ideal,G,VVS1,61.8,55,4.42,4.45,2.74,868
13767,1,Ideal,G,VS2,62.3,56,6.38,6.36,3.97,5824
13771,0.4,Premium,E,SI1,61,59,4.74,4.71,2.88,882
13773,0.53,Premium,D,VS1,60,61,5.3,5.26,3.17,2147
13774,0.72,Premium,J,VS1,63,56,5.72,5.67,3.59,1875
13777,1.01,Premium,E,VS1,62.9,60,6.36,6.32,3.99,7839
13780,1.52,Premium,J,VS1,62.5,58,7.37,7.34,4.6,9014
13781,0.53,Good,E,VS2,63.5,59,5.13,5.17,3.27,1561
13782,0.36,Ideal,D,SI1,62,56,4.61,4.55,2.84,851
13784,0.31,Ideal,F,IF,61.2,56,4.37,4.42,2.69,921
13789,0.34,Premium,I,VS2,61.8,58,4.51,4.48,2.78,612
13792,0.75,Very Good,H,SI2,63,58,5.76,5.79,3.64,2180
13793,1.21,Very Good,I,VS1,61.2,58,6.85,6.91,4.21,5866
13794,0.3,Ideal,G,VVS1,62.9,57,4.3,4.26,2.69,1013
13800,0.31,Premium,F,IF,61.6,58,4.33,4.37,2.68,874
13806,0.35,Very Good,E,IF,57.9,56,4.71,4.75,2.74,1025
13808,0.78,Ideal,E,SI1,62.1,58,5.86,5.9,3.65,3146
13809,0.5,Ideal,E,SI1,60.1,57,5.14,5.27,3.13,1410
13815,0.71,Ideal,F,VS2,61.5,55,5.74,5.77,3.54,3516
13818,0.53,Ideal,D,VVS1,62.1,57,5.15,5.18,3.21,3442
13821,1.16,Premium,G,VS2,59.9,60,6.88,6.85,4.11,7203
13823,1.5,Very Good,H,VS2,62.8,57,7.25,7.3,4.57,10959
13826,0.32,Very Good,G,SI1,62,55,4.41,4.43,2.74,477
13827,1.1,Premium,E,VVS2,60.1,58,6.76,6.69,4.04,10577
13828,1.23,Ideal,H,I1,61.8,56,6.91,6.85,4.25,4098
13830,0.7,Ideal,E,SI2,61.2,55,5.76,5.68,3.5,2239
13831,0.38,Ideal,G,VVS2,,57,4.64,4.66,2.89,879
13833,1.21,Very Good,H,VS2,62.8,57,6.77,6.82,4.27,6684
13835,1.91,Ideal,G,SI2,62.2,55,7.9,7.94,4.93,12700
13839,0.91,Good,G,VS1,63.6,60,6.11,6.03,3.86,4209
13840,2,Ideal,I,SI2,61.7,56,8,8.13,4.98,15092
13841,0.71,Ideal,H,SI2,62.6,56,5.75,5.69,3.58,1800
13842,1.03,Ideal,H,SI2,61.6,54,6.51,6.55,4.02,4611
13843,0.5,Ideal,D,VVS2,60.7,57,5.2,5.15,3.14,2376
13845,0.41,Very Good,D,VS2,,54,4.77,4.82,2.96,939
13847,0.32,Ideal,F,VVS1,61.8,56,4.45,4.42,2.74,990
13848,1.04,Premium,I,I1,61.6,61,6.47,6.45,3.98,2870
13849,0.37,Good,E,VS1,62.8,65,4.51,4.54,2.84,889
13850,0.44,Ideal,E,VS2,61.5,56,4.92,4.9,3.02,1073
13854,0.7,Premium,F,SI1,60.4,58,5.76,5.82,3.5,2196
13855,0.9,Very Good,E,SI1,63.6,57,6.08,6.12,3.88,3863
13856,2.05,Premium,E,SI2,59.7,59,8.39,8.27,4.97,17237
13858,0.36,Ideal,F,VS2,61.5,55,4.57,4.6,2.82,629
13866,0.28,Ideal,E,VS1,62,56,4.21,4.18,2.6,625
13871,1,Fair,D,SI2,65,56,6.27,6.23,4.06,3965
13873,0.3,Ideal,E,VS2,61.2,55,4.35,4.31,2.65,844
13877,0.44,Ideal,D,VVS1,61,57,4.91,4.93,3,2290
13878,1.03,Ideal,G,SI1,60.3,58,6.57,6.62,3.98,5143
13884,1.02,Fair,J,SI1,66.8,55,6.25,6.18,4.15,3027
13886,1.2,Ideal,F,VS2,62.3,56,6.82,6.79,4.24,8590
13889,0.51,Ideal,F,VS1,61.7,54,5.17,5.14,3.18,1836
13890,0.56,Ideal,F,VS2,61.3,54,5.34,5.37,3.28,1723
13895,0.53,Very Good,G,VS1,60.2,55,5.25,5.28,3.17,1722
13896,0.59,Very Good,I,SI1,62.8,59,5.34,5.36,3.36,1109
13897,2,Very Good,E,SI1,60.5,59,8.09,8.14,4.94,18709
13901,0.9,Premium,G,VVS2,63,58,6.15,6.07,3.85,4486
13903,0.42,Ideal,G,VS2,61.8,56,4.81,4.84,2.98,847
13905,0.74,Premium,E,SI2,,58,5.77,5.73,3.6,2617
13907,1.03,Ideal,G,SI1,61.6,55,6.48,6.52,4,5518
13908,0.34,Ideal,G,VS2,62.7,55,4.49,4.48,2.81,765
13909,1.13,Premium,D,SI2,62,58,6.64,6.68,4.13,5280
13912,1.78,Very Good,D,SI2,62.5,57,7.76,7.8,4.86,12981
13913,0.36,Very Good,G,VVS2,59.5,56,4.68,4.73,2.8,858
13924,0.33,Ideal,G,VVS1,61.7,54,4.47,4.48,2.76,868
13926,1.3,Ideal,G,VVS2,62,57,6.96,7.03,4.34,11073
13927,0.34,Ideal,H,SI1,61.4,55,4.51,4.55,2.78,440
13934,0.7,Very Good,G,VS2,59.3,60,5.77,5.83,3.43,2539
13937,0.9,Premium,I,VVS2,60.9,59,6.25,6.22,3.8,3730
13939,0.31,Ideal,E,VS2,61.4,54,4.38,4.41,2.7,680
13940,0.51,Ideal,E,VS2,62.6,55,5.08,5.11,3.19,1656
13941,1,Fair,E,SI1,65.8,59,6.07,6.15,4.02,4798
13946,1.32,Premium,H,SI1,61.5,61,7.05,6.97,4.31,7163
13948,0.41,Good,E,SI1,63.6,58,4.72,4.74,3.01,705
13949,0.54,Good,H,VS1,63.2,58,5.12,5.16,3.25,1361
13950,1.04,Ideal,E,SI2,61.6,55,6.51,6.54,4.02,5163
13951,1.11,Premium,H,SI1,61.5,59,6.69,6.64,4.1,5315
13954,1.24,Ideal,I,VS2,62,55,6.9,6.87,4.27,6076
13960,0.31,Ideal,D,VS2,61.2,55,4.37,4.42,2.69,734
13962,1.26,Premium,D,VS2,62.5,59,6.91,6.85,4.3,9720
13969,0.32,Premium,H,VS2,62.5,59,4.33,4.38,2.72,505
13970,0.91,Very Good,I,VS2,61,57,6.2,6.26,3.8,3664
13974,2.05,Premium,I,SI2,62.1,59,8.13,8.07,5.03,9850
13983,0.51,Premium,J,SI1,61.7,56,5.17,5.14,3.18,956
13991,0.39,Fair,G,IF,,61,4.83,4.88,2.77,1127
14001,0.36,Ideal,E,VS2,61.2,56,4.62,4.6,2.82,1013
14002,1.01,Premium,F,SI2,61.9,58,6.39,6.34,3.94,4676
14003,0.43,Very Good,E,VVS1,60.3,58,4.86,4.93,2.95,1433
14010,0.71,Good,J,VS2,63.8,58,5.61,5.58,3.57,1774
14012,0.71,Ideal,E,SI1,60.5,56,5.77,5.73,3.47,2823
14014,0.5,Premium,G,SI2,60.7,57,5.15,5.07,3.1,978
14021,0.9,Good,H,SI1,58.9,61,6.27,6.36,3.72,3734
14026,0.5,Good,D,SI1,63.9,56,5.02,4.93,3.18,1257
14028,0.31,Very Good,G,VS1,62.7,54,4.35,4.36,2.73,542
14031,0.41,Ideal,D,VS2,62.2,54,4.77,4.81,2.98,1007
14033,0.51,Ideal,E,VVS1,62.3,53.7,5.1,5.12,3.19,2524
14036,0.74,Ideal,H,VS2,62.2,55,5.83,5.81,3.62,3178
14037,0.27,Ideal,E,VS1,61.6,57,4.12,4.16,2.55,470
14039,0.52,Ideal,G,VVS2,60.8,57,5.16,5.21,3.15,1911
14040,1.51,Ideal,I,SI1,62.2,56,7.36,7.27,4.55,7145
14042,0.3,Ideal,E,SI1,62.9,56,4.31,4.24,2.69,675
14046,0.72,Ideal,F,VS1,61.8,56,5.72,5.77,3.55,3489
14047,1.59,Ideal,H,VS1,61.8,56,7.49,7.53,4.64,14031
14048,0.7,Good,F,VS1,59.4,62,5.71,5.76,3.4,2759
14050,0.3,Ideal,G,VVS2,62.5,55,4.3,4.34,2.7,665
14051,0.28,Ideal,F,VS2,61.8,54,4.18,4.23,2.6,490
14060,0.42,Premium,F,VVS2,60.3,59,4.86,4.83,2.92,1221
14063,1.12,Premium,J,VS2,58.6,58,6.85,6.81,4,4422
14064,1.7,Very Good,H,SI1,63.6,59,7.46,7.55,4.77,11560
14065,0.31,Ideal,J,VS2,62.2,55,4.32,4.36,2.7,396
14072,0.9,Very Good,E,SI1,59.8,58,6.21,6.26,3.73,4165
14074,1.79,Very Good,I,VS2,60.5,56,7.87,7.9,4.77,12610
14076,1.24,Very Good,G,SI2,63.3,57,6.85,6.79,4.32,4462
14077,0.7,Premium,G,VS1,61.4,59,5.59,5.74,3.51,2512
14078,0.7,Very Good,E,VS1,63.4,60,5.63,5.66,3.58,3068
14079,0.31,Ideal,G,VVS1,62.1,53,4.36,4.4,2.72,789
14082,0.72,Ideal,H,VS2,61.7,56,5.74,5.77,3.56,3122
14083,1.21,Ideal,H,VS2,62.9,57,6.8,6.75,4.26,6302
14085,0.53,Ideal,G,VVS1,61.2,55,5.19,5.23,3.19,2005
14090,0.3,Very Good,D,VS2,62.5,59,4.23,4.28,2.66,710
14091,0.3,Premium,D,VVS2,60.7,59,4.33,4.34,2.63,741
14092,1.21,Very Good,F,VS2,63.5,55,6.77,6.71,4.28,7928
14094,0.51,Good,G,VVS2,63.1,58,5.07,5.11,3.21,1875
14097,0.31,Ideal,E,VS2,60.5,56,4.41,4.38,2.66,872
14103,1.62,Very Good,H,SI1,62.8,59,7.4,7.45,4.66,10521
14108,0.3,Ideal,F,VS2,61.6,57,4.33,4.3,2.66,776
14109,0.43,Good,H,VVS1,61.2,61,4.84,4.9,2.98,1037
14110,1.6,Ideal,E,SI2,62.7,53.9,7.43,7.49,4.68,10798
14124,0.77,Ideal,H,SI2,60.8,57,5.96,5.89,3.6,2302
14130,0.7,Good,H,SI2,61.5,63,5.59,5.63,3.45,1899
14135,0.34,Premium,D,VVS2,60.1,58,4.55,4.53,2.73,1052
14137,0.74,Ideal,F,VS1,62.3,57,5.79,5.77,3.6,3170
14145,0.66,Good,G,VS1,61.6,61,5.56,5.63,3.43,2139
14148,0.7,Good,D,SI2,58.3,60,5.81,5.89,3.41,2242
14149,0.43,Ideal,H,VVS2,,56,4.9,4.86,2.99,1008
14150,0.38,Premium,D,VS2,58.8,61,4.74,4.71,2.78,1117
14154,0.33,Ideal,I,VS2,61.5,57,4.42,4.49,2.74,463
14160,0.33,Ideal,F,VS1,62.1,55,4.43,4.46,2.76,738
14163,2.14,Very Good,I,SI1,61.3,61,8.28,8.32,5.09,15769
14164,0.69,Premium,H,VS2,60.8,59,5.77,5.74,3.5,1863
14165,1.51,Very Good,I,VS1,60.5,60,7.42,7.46,4.5,9704
14168,1.19,Very Good,F,SI1,60.8,59,6.85,6.89,4.18,6526
14169,0.76,Premium,E,VS2,63,59,5.79,5.76,3.64,3107
14170,0.52,Very Good,F,VVS1,61.7,56,5.17,5.22,3.2,2205
14171,1.51,Very Good,E,VVS2,60.2,61,7.34,7.4,4.44,17689
14173,0.33,Premium,E,VS2,61.9,58,4.47,4.42,2.75,804
14176,2.09,Ideal,H,SI2,60.6,57,8.3,8.2,5,16703
14181,0.82,Premium,E,SI2,60.8,60,6.05,6.03,3.67,2824
14182,0.7,Ideal,I,SI2,61.3,57,5.7,5.73,3.5,1961
14190,0.5,Good,F,VS1,58,61,5.18,5.23,3.02,1415
14191,0.81,Very Good,F,SI1,63.1,59,5.85,5.79,3.67,2809
14194,1.02,Ideal,E,VS1,62.2,54,6.44,6.46,4.01,8011
14199,0.3,Ideal,G,VS1,62.2,55,4.28,4.31,2.67,605
14201,0.9,Premium,I,VS1,61,55,6.29,6.27,3.83,3720
14202,0.84,Premium,F,SI1,59,59,6.18,6.13,3.63,3115
14203,0.7,Premium,J,IF,60.5,59,5.67,5.73,3.45,2150
14207,0.53,Ideal,E,VS1,61.5,55,5.22,5.24,3.22,1917
14208,0.9,Very Good,E,SI1,62.6,61,6.06,6.11,3.81,4315
14209,1,Good,E,SI1,63.7,60,6.24,6.29,3.99,5082
14217,1.01,Ideal,E,I1,62,57,6.41,6.37,3.96,3450
14218,0.3,Ideal,G,IF,60.9,57,4.35,4.39,2.66,863
14225,0.3,Ideal,D,VS2,62.6,56,4.31,4.28,2.69,911
14229,1.51,Ideal,J,VS2,61.1,57,7.36,7.3,4.48,8033
14230,1.5,Good,J,VS2,63.6,58,7.2,7.23,4.59,7177
14234,0.51,Premium,F,VS2,60.7,59,5.16,5.19,3.14,1402
14237,1,Fair,I,VS1,,49,6.43,6.39,4.1,3951
14240,0.56,Ideal,G,VS1,61.2,54,5.36,5.32,3.27,1890
14241,1.27,Premium,J,SI2,60.4,58,7.04,7,4.24,4660
14242,1.67,Ideal,H,VS1,61.8,55.9,7.57,7.6,4.69,13887
14245,1.37,Good,I,VS2,64.1,58,6.92,6.9,4.43,5449
14249,1.01,Fair,G,SI2,67.1,59,6.27,6.19,4.18,2942
14250,0.97,Fair,F,SI2,67.2,61,6.09,6,4.06,2338
14251,0.52,Ideal,G,VS2,60.8,57,5.19,5.21,3.16,1595
14253,1.22,Very Good,F,SI1,,58,6.91,6.97,4.2,7372
14254,0.7,Very Good,G,SI2,58.2,63,5.82,5.79,3.38,1966
14256,1.01,Good,D,VS1,64.1,55,6.29,6.38,4.06,8339
14258,1.82,Premium,H,SI1,62,59,7.81,7.77,4.83,14949
14259,0.7,Ideal,I,SI1,59.9,59,5.75,5.8,3.46,2083
14261,0.42,Premium,D,SI1,62.1,59,4.77,4.79,2.97,810
14263,1.51,Ideal,E,VS1,62.2,57,7.37,7.32,4.57,17649
14264,1.01,Premium,G,VS2,61.6,60,6.51,6.42,3.98,6108
14268,0.38,Ideal,F,VS2,62.1,53.8,4.66,4.67,2.9,789
14271,0.39,Very Good,G,SI1,62.5,55,4.68,4.7,2.93,694
14272,1.01,Premium,H,VVS1,60.5,57,6.55,6.48,3.94,4955
14274,0.33,Ideal,G,VVS1,62.2,57,4.46,4.41,2.76,1114
14276,1.04,Premium,E,VVS1,62.5,59,6.46,6.41,4.02,10539
14278,0.68,Premium,E,SI1,62,59,5.67,5.65,3.51,2224
14280,2.01,Very Good,J,SI1,62.4,59,8.02,8.08,5.02,12392
14292,1.24,Premium,H,VS2,61.2,59,6.89,6.93,4.23,6850
14295,0.7,Good,D,VVS2,63.3,54,5.6,5.64,3.56,3267
14297,0.23,Very Good,D,VVS2,60.4,59,3.95,4,2.4,530
14298,1.5,Premium,E,SI2,61.5,60,7.29,7.22,4.46,7182
14300,1.06,Premium,E,SI2,60.5,60,6.67,6.61,4.02,4737
14301,0.4,Premium,E,SI1,60.9,60,4.77,4.75,2.9,945
14306,2.09,Very Good,F,SI2,62.5,60,8.14,8.06,5.06,16210
14308,1.01,Very Good,E,VS2,63,60,6.32,6.35,3.99,6221
14312,0.76,Premium,E,VS2,60.1,59,6.01,5.97,3.6,3192
14313,1,Fair,G,I1,67.3,57,6.26,6.12,4.18,1954
14317,0.9,Very Good,G,VS2,61.5,60,6.13,6.16,3.78,4386
14324,1.25,Premium,H,SI2,60.5,61,6.97,6.91,4.2,4200
14325,0.23,Very Good,E,VVS2,61.9,60,3.93,3.96,2.44,505
14327,1.02,Premium,E,SI1,62.6,58,6.44,6.47,4.05,5183
14332,0.93,Very Good,I,VS2,63.1,58,6.19,6.21,3.91,3766
14335,0.35,Ideal,F,VVS1,61.8,55,4.53,4.57,2.81,945
14336,0.68,Very Good,F,SI1,60.1,57.9,5.69,5.74,3.43,1964
14342,0.32,Ideal,G,VVS1,61.1,57,4.43,4.41,2.7,1080
14346,0.31,Premium,H,VS2,62.7,59,4.32,4.29,2.7,628
14347,0.39,Premium,E,VS1,59.6,60,4.75,4.72,2.82,1097
14348,0.55,Ideal,D,VVS2,61.6,56,5.23,5.29,3.24,2720
14349,1.7,Ideal,F,VS2,62.3,56,7.65,7.61,4.75,18055
14351,0.7,Good,E,VS1,59.4,61,5.79,5.83,3.45,3063
14352,1.06,Ideal,G,SI2,62.1,58,6.49,6.53,4.04,4987
14356,1.06,Ideal,H,SI2,60.1,59,6.65,6.63,3.99,4401
14358,2.11,Premium,H,SI2,61,58,8.31,8.27,5.06,13233
14359,0.43,Ideal,I,VS1,61.8,55,4.88,4.9,3.02,1218
14362,0.61,Ideal,G,SI1,61.4,56,5.46,5.49,3.36,1659
14366,0.52,Ideal,G,VVS2,60.8,57,5.2,5.17,3.15,1878
14372,0.3,Ideal,G,VS1,61.1,56,4.36,4.35,2.66,673
14373,0.42,Ideal,H,VS1,62,57,4.82,4.8,2.98,1087
14374,0.55,Good,J,VS2,64.1,54,5.18,5.21,3.33,1034
14379,0.31,Ideal,D,VVS2,61.6,56,4.34,4.38,2.69,766
14383,2.05,Ideal,H,VS2,61.6,57,8.2,8.14,5.03,18659
14388,1.02,Very Good,F,SI1,61.9,58,6.43,6.49,4,5019
14389,1.01,Very Good,G,SI1,62.8,56,6.35,6.43,4.01,5049
14391,0.59,Ideal,D,SI1,61.3,59,5.36,5.4,3.3,1793
14393,1.01,Fair,D,SI1,65,57,6.3,6.22,4.07,5385
14394,1.02,Ideal,H,SI1,61.8,57,6.48,6.41,3.98,4558
14398,0.31,Very Good,D,SI1,60.4,60,4.4,4.44,2.67,507
14400,1,Premium,F,VS2,59.9,59,6.46,6.42,3.86,5864
14401,0.99,Very Good,J,SI1,60.3,57,6.44,6.49,3.9,4002
14405,0.55,Ideal,E,VS1,61.2,54,5.3,5.32,3.25,1996
14410,0.9,Premium,I,VS1,61.2,61,6.2,6.15,3.78,3484
14413,0.4,Ideal,D,VVS2,61.3,56,4.75,4.78,2.92,1263
14417,1.5,Very Good,G,VS2,60.7,59,7.31,7.38,4.46,18691
14420,0.56,Very Good,E,VVS2,60.7,57,5.31,5.36,3.24,2442
14422,0.3,Premium,D,VS2,61.7,59,4.25,4.28,2.63,710
14423,1.01,Premium,H,SI2,60.3,60,6.49,6.45,3.9,4412
14424,1.07,Ideal,F,SI1,61.9,56,6.55,6.61,4.07,5264
14427,0.5,Very Good,H,VS2,63,55,5.05,5.08,3.19,1209
14430,0.32,Ideal,D,SI2,62.6,56,4.38,4.4,2.75,477
14431,0.54,Ideal,G,VVS2,61.8,55,5.22,5.3,3.24,1829
14434,0.66,Good,G,VS1,59.6,60.2,5.66,5.71,3.38,2275
14436,0.56,Ideal,E,VS1,61.8,56,5.33,5.28,3.28,2117
14438,0.32,Ideal,E,SI2,61.3,56,4.42,4.45,2.72,427
14439,0.73,Ideal,G,VVS2,61.9,56,5.74,5.81,3.61,3183
14441,0.54,Ideal,D,SI1,60.8,57,5.25,5.31,3.21,1662
14442,1,Good,H,SI2,63.2,60,6.27,6.33,3.98,3991
14443,0.51,Ideal,F,VVS2,62.2,56,5.08,5.12,3.17,2093
14450,0.9,Good,H,I1,57.4,63,6.38,6.33,3.65,1939
14452,0.4,Premium,D,SI1,60.8,59,4.8,4.77,2.91,990
14455,1.01,Good,E,SI1,63.3,57,6.33,6.37,4.02,4692
14457,0.4,Ideal,G,SI1,60.2,56,4.77,4.83,2.89,702
14458,2.01,Very Good,J,SI1,59.3,62,8.15,8.2,4.85,12257
14464,2.03,Premium,G,I1,61.1,58,8.11,8.06,4.94,6377
14467,0.32,Ideal,E,VVS1,61.6,56,4.43,4.37,2.71,1061
14469,0.32,Ideal,H,SI2,61.9,54,4.42,4.46,2.75,420
14473,0.3,Ideal,H,VS2,62.6,55,4.28,4.31,2.69,491
14474,1.01,Fair,D,VS2,59.1,68,6.56,6.44,3.84,5797
14476,1.04,Premium,G,SI2,60.6,59,6.6,6.56,3.99,3896
14478,1.03,Ideal,E,SI1,62,55,6.46,6.5,4.02,5411
14479,1.02,Very Good,H,SI1,63.2,57,6.44,6.38,4.05,4688
14480,0.72,Premium,E,SI2,61.7,58,5.79,5.74,3.56,2125
14481,0.5,Ideal,G,VVS1,62.2,55,5.09,5.14,3.18,1865
14482,0.51,Ideal,G,VVS2,61.8,56,5.16,5.1,3.17,1974
14485,0.32,Very Good,G,IF,62.1,53,4.4,4.45,2.75,918
14492,0.3,Premium,D,VVS2,62.4,58,4.26,4.3,2.67,752
14493,0.34,Premium,G,VS2,62.4,59,4.47,4.41,2.77,765
14494,0.71,Fair,F,SI2,60.1,68,5.8,5.72,3.46,2327
14495,1.11,Fair,J,SI2,64.8,55.1,6.44,6.55,4.21,4056
14496,0.31,Very Good,F,VS2,62.7,57,4.31,4.36,2.72,500
14498,0.9,Very Good,H,VVS2,62.4,58,6.12,6.15,3.83,4740
14499,0.32,Very Good,H,VS2,62.7,54,4.39,4.41,2.76,505
14501,0.5,Ideal,F,VS1,62.1,55,5.08,5.12,3.17,1731
14502,0.83,Ideal,F,SI1,62.1,55,6.05,6,3.74,3198
14504,0.74,Very Good,H,VVS2,60.5,60,5.79,5.81,3.51,2921
14510,1.59,Premium,H,SI2,62.6,59,7.42,7.4,4.64,9385
14511,1.2,Ideal,G,VS1,62.3,56,6.77,6.82,4.23,8442
14516,1.06,Ideal,D,SI2,62.3,55,6.5,6.54,4.06,5159
14517,1.33,Ideal,F,IF,60.2,57,7.12,7.17,4.3,18435
14520,0.9,Very Good,D,VS2,63,62,6.06,6.13,3.84,4668
14523,0.36,Premium,D,SI2,61.2,59,4.56,4.59,2.8,537
14525,1.23,Ideal,D,VVS2,62,55,6.85,6.92,4.27,12848
14527,0.8,Premium,H,SI2,62.2,58,5.99,5.93,3.71,2346
14530,0.81,Ideal,E,SI2,61.4,57,6,5.97,3.68,2673
14531,0.73,Ideal,E,VS2,61.4,55,5.82,5.8,3.57,2902
14533,1.51,Premium,D,SI1,62.2,59,7.34,7.29,4.55,10122
14541,0.71,Very Good,H,SI1,63.5,57,5.67,5.63,3.59,2207
14542,0.4,Ideal,F,VVS2,60.4,56,4.79,4.82,2.9,994
14545,0.7,Good,E,SI1,58.3,64,5.77,5.69,3.34,2370
14546,0.71,Ideal,E,VS2,61.7,56,5.73,5.75,3.54,2709
14547,0.33,Ideal,G,VS1,61.8,56,4.42,4.45,2.74,666
14551,0.3,Premium,G,VS2,62.2,60,4.25,4.24,2.64,675
14556,2.05,Premium,G,SI1,61.6,59,8.2,8.16,5.04,15291
14561,0.79,Ideal,H,VVS1,62,56,5.92,5.96,3.68,3675
14571,0.55,Ideal,I,VVS1,62.7,57,5.23,5.17,3.26,1712
14572,0.7,Premium,G,SI1,61.5,58,5.69,5.76,3.52,2010
14575,0.53,Ideal,E,VS1,61.5,57,5.22,5.25,3.22,1928
14578,0.35,Very Good,H,VS2,60.1,56,4.61,4.64,2.78,567
14582,1.01,Very Good,G,VVS2,63.2,59,6.35,6.27,3.99,7267
14583,0.3,Ideal,F,VS1,62.2,54.4,4.3,4.33,2.68,652
14588,1.02,Ideal,F,VS1,61,56,6.52,6.49,3.97,8157
14592,0.5,Good,G,VS2,59.3,65,5.1,5.12,3.03,1259
14593,1.59,Ideal,J,VS2,62.9,58,7.45,7.39,4.66,8681
14601,1.13,Premium,J,VS1,61.1,59,6.74,6.67,4.1,4873
14606,1.07,Ideal,G,SI2,61.7,57,6.55,6.59,4.05,4421
14607,0.53,Ideal,F,SI1,60,57,5.3,5.27,3.17,1908
14613,0.43,Ideal,G,VS1,62.3,56,4.85,4.82,3.01,1008
14616,0.26,Very Good,E,VVS2,61.5,58,4.08,4.12,2.52,597
14618,0.7,Very Good,E,SI1,63.5,59,5.53,5.49,3.5,2838
14619,2,Fair,G,VS2,67.6,58,7.65,7.61,5.16,18515
14620,1.5,Very Good,E,VS2,62.1,60,7.27,7.32,4.53,14639
14621,0.97,Fair,F,I1,68.5,54,6.26,6.05,4.22,1787
14628,0.33,Ideal,E,VVS1,61.2,56,4.51,4.45,2.74,1052
14632,0.3,Good,E,VVS2,59.8,64,4.34,4.29,2.58,814
14637,1.03,Good,H,SI1,63.1,56,6.35,6.39,4.02,4326
14639,1.54,Ideal,E,VS2,62,56,7.46,7.43,4.61,14529
14642,0.57,Good,D,SI2,63.8,57,5.24,5.26,3.35,1262
14643,1.79,Good,G,SI2,57.8,59,8.07,7.94,4.63,9122
14651,0.5,Good,F,VS2,58.8,64,5.21,5.16,3.05,1433
14658,0.32,Premium,G,SI1,61.6,58,4.36,4.4,2.7,477
14664,0.27,Very Good,J,VVS2,60.8,57,4.16,4.2,2.54,443
14666,0.33,Very Good,D,SI2,62.9,56,4.41,4.43,2.78,492
14667,0.36,Ideal,I,VS1,62,54,4.58,4.61,2.85,587
14669,0.3,Good,H,VVS1,63.4,55,4.28,4.3,2.72,684
14671,1.01,Ideal,D,SI2,,56,6.4,6.34,3.99,4872
14674,1.09,Premium,F,SI1,60.9,59,6.64,6.59,4.03,5384
14675,0.56,Ideal,E,VS1,61.1,56,5.29,5.34,3.25,2010
14677,1.58,Premium,D,SI1,60.2,58,7.6,7.46,4.56,13329
14678,0.47,Ideal,I,VVS1,61,56,5.02,5.04,3.07,1050
14680,0.3,Premium,G,VS1,60,60,4.33,4.3,2.59,776
14681,1.69,Ideal,D,SI1,60.8,57,7.69,7.71,4.68,15011
14682,0.36,Ideal,I,VS2,61.8,55,4.61,4.58,2.84,648
14684,0.72,Premium,G,VS2,61.4,57,5.83,5.77,3.56,2550
14687,0.26,Very Good,F,VVS1,61.3,58,4.13,4.16,2.54,562
14690,0.7,Very Good,F,SI1,60.3,59,5.73,5.82,3.48,2409
14695,1.01,Very Good,F,VVS1,62.1,58,6.37,6.41,3.97,9908
14697,1.01,Very Good,G,IF,63,60,6.31,6.35,3.99,7974
14698,0.31,Ideal,F,SI1,61.2,55,4.37,4.4,2.68,568
14701,2.31,Very Good,I,SI1,62.5,55,8.39,8.44,5.26,17715
14703,2.03,Premium,E,SI2,61.5,59,8.16,8.24,5.04,18310
14707,0.71,Ideal,F,SI2,59.3,57,5.86,5.81,3.46,2331
14709,0.3,Very Good,H,VVS1,63.1,54,4.34,4.28,2.72,819
14710,1.02,Premium,F,SI2,,58,6.49,6.42,3.97,4541
14713,0.3,Premium,H,VS1,61.3,58,4.32,4.29,2.64,675
14717,2.02,Fair,H,SI1,56.2,61,8.8,8.33,4.81,15695
14719,0.4,Ideal,H,IF,60.9,58,4.75,4.78,2.9,1074
14721,0.91,Premium,G,VS1,60.9,54,6.38,6.27,3.85,4510
14722,1.01,Very Good,F,VS1,62.9,58,6.29,6.31,3.96,7455
14723,1,Premium,E,SI2,62.7,58,6.41,6.34,4,4579
14733,0.71,Ideal,D,SI2,61.6,55,5.74,5.76,3.54,2767
14740,0.5,Fair,H,VS1,67.1,58,4.94,4.89,3.3,1134
14749,0.55,Ideal,F,VVS1,61.9,55,5.27,5.3,3.27,2380
14753,0.52,Premium,E,SI2,61.1,57,5.23,5.12,3.16,1088
14754,1.01,Very Good,E,SI2,62.4,58,6.36,6.42,3.99,4355
14755,0.8,Premium,F,VS2,62.4,59,5.92,5.85,3.67,3285
14758,1.35,Premium,G,SI2,60.5,60,7.16,7.11,4.32,5167
14760,1.01,Good,F,VS2,63.9,58,6.39,6.32,4.06,6446
14765,0.7,Good,D,VS1,60.4,62,5.73,5.76,3.47,3463
14766,0.5,Ideal,E,VS2,61.4,57,5.08,5.11,3.13,1624
14768,0.55,Ideal,F,VS2,61.4,57,5.29,5.25,3.24,1865
14776,1.03,Premium,D,SI2,60.6,60,6.52,6.46,3.93,5076
14778,0.52,Ideal,G,VVS2,62.4,55,5.19,5.17,3.23,2012
14779,0.71,Very Good,F,VS2,63.1,58,5.65,5.7,3.58,2588
14783,0.34,Premium,I,SI1,59.2,61,4.58,4.57,2.71,574
14784,1.6,Very Good,G,VS2,61,57,7.55,7.59,4.62,14383
14785,0.42,Premium,G,VVS1,60.2,59,4.82,4.84,2.91,1179
14788,1.02,Premium,G,SI1,61.9,58,6.47,6.42,3.99,4381
14789,1.52,Good,J,VVS2,57.9,62,7.61,7.63,4.41,8861
14791,0.32,Ideal,G,VVS1,61.1,55,4.46,4.48,2.73,796
14794,0.86,Ideal,H,SI2,61.8,55,6.12,6.14,3.79,2892
14795,0.33,Ideal,G,IF,61.9,56,4.43,4.47,2.75,925
14801,0.31,Premium,H,VS2,62.2,59,4.38,4.34,2.71,628
14803,0.52,Very Good,F,VVS2,62.9,57,5.11,5.13,3.22,2035
14804,0.4,Ideal,D,VS2,62.8,56,4.66,4.7,2.94,918
14807,0.31,Ideal,F,IF,62.1,56,4.33,4.36,2.7,979
14808,0.4,Very Good,H,VS1,62.6,58,4.68,4.71,2.94,807
14810,0.23,Very Good,E,VVS2,63,58,3.92,3.95,2.48,498
14814,1.64,Premium,I,SI1,62.4,58,7.58,7.52,4.71,8716
14816,0.91,Premium,I,VS2,62.4,61,6.18,6.16,3.85,3376
14818,1.82,Premium,G,SI1,62.7,58,7.75,7.68,4.84,15162
14819,1.13,Ideal,H,I1,62.2,55,6.65,6.69,4.15,3678
14821,0.88,Very Good,I,VS1,63.3,55,6.11,6.06,3.85,2996
14822,0.7,Good,I,VS2,57.5,62,5.81,5.78,3.33,2268
14826,0.71,Ideal,G,SI2,61.5,55,5.74,5.78,3.54,2264
14831,1.17,Very Good,H,SI1,59.6,62,6.88,6.82,4.08,6336
14835,0.41,Very Good,D,VS2,62.8,55,4.7,4.73,2.96,1007
14836,0.88,Very Good,F,VVS2,62,59,6.09,6.13,3.79,5052
14837,0.35,Ideal,G,VS1,61.3,54,4.58,4.63,2.83,741
14838,0.37,Premium,G,VS1,59.5,58,4.67,4.71,2.79,746
14840,0.3,Ideal,I,VS1,62.5,57,4.32,4.29,2.69,608
14844,0.34,Ideal,G,VVS1,62.1,53,4.49,4.53,2.8,863
14845,0.57,Very Good,E,VS1,62.9,56,5.31,5.35,3.35,1942
14849,1.11,Premium,G,VS2,60.4,58,6.76,6.72,4.07,6445
14851,0.38,Very Good,F,VVS1,63.8,58,4.58,4.61,2.93,1030
14853,0.41,Very Good,D,SI1,60.3,63,4.8,4.78,2.89,920
14854,0.51,Premium,D,VS2,62,60,5.12,5.07,3.16,1807
14858,0.9,Premium,G,VS2,61.7,59,6.14,6.22,3.81,4269
14859,0.9,Good,E,IF,63.6,56,6.11,6.02,3.86,6804
14864,1.5,Good,G,SI1,62.9,58,7.17,7.3,4.55,10271
14865,2.02,Good,J,SI1,63.5,60,7.93,7.98,5.05,12798
14869,0.31,Very Good,H,VS2,63,57,4.32,4.34,2.73,489
14870,1.61,Very Good,H,VS2,59.4,58,7.64,7.74,4.57,11627
14873,1,Good,E,VVS1,64.1,62,6.29,6.26,4.02,7084
14876,0.7,Good,I,VS1,63.1,57,5.59,5.67,3.55,2390
14879,0.31,Ideal,E,IF,,54,4.36,4.38,2.7,1214
14882,1.23,Ideal,H,SI1,62.3,57,6.85,6.89,4.28,5938
14884,1.2,Very Good,I,SI1,61.7,56,6.82,6.76,4.19,4785
14885,2.29,Premium,J,IF,61.4,60,8.45,8.49,5.2,18426
14887,0.7,Good,G,SI2,60.1,65,5.7,5.65,3.41,2268
14889,0.36,Ideal,H,VVS1,62,54,4.59,4.61,2.85,783
14890,0.58,Premium,I,VVS1,62.6,59,5.27,5.31,3.31,1636
14893,1.01,Premium,F,SI2,62.8,57,6.31,6.24,3.94,4137
14894,0.34,Ideal,D,VS1,60.9,56,4.56,4.51,2.76,1109
14896,0.36,Premium,E,SI2,61.5,61,4.63,4.57,2.83,518
14898,0.3,Ideal,F,VS1,61.4,56,4.37,4.33,2.67,844
14900,0.53,Good,E,SI1,62.6,64,5.13,5.22,3.24,1282
14901,0.3,Very Good,E,SI1,63.2,56,4.3,4.27,2.71,675
14902,0.32,Ideal,F,VS1,61.5,56,4.4,4.44,2.72,639
14903,0.42,Ideal,J,VVS2,61.7,54,4.83,4.86,2.99,673
14906,0.32,Ideal,I,VVS2,62.2,54.5,4.38,4.42,2.74,567
14908,0.32,Ideal,H,VS2,61.5,55,4.41,4.44,2.72,523
14912,1.03,Ideal,G,VVS1,61.5,57,6.47,6.52,3.99,9691
14916,0.31,Ideal,E,VVS1,60.5,57,4.38,4.41,2.66,942
14919,0.41,Very Good,E,SI2,63.5,55,4.73,4.69,2.99,818
14925,1.16,Ideal,D,VS2,62.1,57,6.7,6.73,4.17,8038
14927,0.7,Premium,D,SI2,60.5,58,5.8,5.74,3.49,2354
14930,1.05,Premium,H,SI1,62.2,58,6.5,6.46,4.03,4682
14936,0.33,Ideal,G,VVS1,62,56,4.48,4.45,2.77,1114
14939,0.42,Ideal,J,VS1,60.9,57,4.83,4.86,2.95,663
14941,0.57,Very Good,G,SI2,59.4,58,5.39,5.42,3.21,1214
14942,1.15,Premium,I,SI1,62.2,59,6.75,6.68,4.18,4830
14946,0.7,Ideal,G,VS1,61.4,57,5.7,5.73,3.51,3034
14947,1.2,Very Good,I,VS2,62.1,60,6.78,6.72,4.19,5986
14948,0.72,Very Good,I,SI1,63.2,57,5.71,5.75,3.62,2345
14950,0.5,Fair,I,VS1,66.9,56,4.85,4.81,3.23,969
14952,0.3,Premium,D,SI2,61.2,57,4.33,4.3,2.64,574
14953,0.31,Very Good,E,VS1,61.2,61,4.29,4.37,2.65,587
14954,1.06,Ideal,F,VS2,61,57,6.57,6.6,4.02,7075
14955,0.91,Ideal,E,SI2,62.6,57,6.13,6.18,3.85,3772
14960,0.32,Very Good,E,VVS1,60.4,57,4.42,4.46,2.68,917
14961,0.45,Ideal,E,VVS2,61.9,56,4.91,4.95,3.05,1337
14963,0.71,Ideal,D,VS2,61.2,56,5.76,5.78,3.53,3135
14967,0.9,Fair,H,VS2,64.6,55,6.07,6,3.9,3538
14969,0.51,Ideal,E,VS2,61.4,57,5.16,5.13,3.16,1781
14970,0.33,Ideal,F,IF,61.3,55,4.47,4.5,2.75,1240
14971,0.34,Very Good,H,VVS2,62.7,59,4.43,4.47,2.79,686
14972,0.31,Ideal,I,IF,61.3,57,4.34,4.4,2.68,652
14973,0.36,Premium,H,VS1,60.8,59,4.62,4.59,2.8,810
14974,0.28,Very Good,H,VS1,61.9,56,4.18,4.2,2.59,429
14975,1.11,Ideal,E,SI2,62.8,55,6.62,6.6,4.15,5004
14978,0.71,Fair,G,SI2,64.4,58,5.59,5.56,3.59,2300
14979,1.55,Very Good,E,SI1,60.1,58,7.5,7.55,4.52,11764
14980,0.8,Ideal,E,SI2,61,55,6,6.03,3.67,2978
14981,0.33,Ideal,F,VVS2,61.4,56,4.49,4.44,2.74,1040
14982,1.5,Premium,H,VS1,59.9,60,7.44,7.39,4.44,11189
14985,0.54,Ideal,G,VVS2,61.9,55,5.2,5.3,3.25,1927
14988,1.17,Ideal,I,SI1,61.7,56,6.73,6.78,4.17,6405
14989,1.1,Ideal,G,VS1,61.5,57,6.62,6.65,4.08,6984
14992,2,Very Good,J,SI1,62.2,59,7.92,7.97,4.94,12196
14994,1.23,Ideal,G,VVS2,62.2,55,6.86,6.9,4.28,10317
14995,0.4,Premium,E,SI1,61.4,58,4.81,4.77,2.94,882
14996,0.38,Ideal,E,VS1,62.7,55,4.65,4.6,2.9,1069
14997,0.4,Very Good,E,VS1,60.5,61,4.72,4.74,2.86,1053
14999,1.54,Ideal,H,VVS2,62.6,56,7.35,7.42,4.62,12061
15000,1.01,Premium,F,VVS2,61.8,59,6.46,6.42,3.98,8319
15003,0.3,Ideal,E,SI1,62.9,57,4.32,4.27,2.7,675
15009,0.9,Good,G,SI1,63.2,59,6.05,6.1,3.84,3734
15011,1.14,Very Good,I,VS1,63.3,56,6.68,6.6,4.2,5148
15013,0.57,Very Good,E,SI1,62.1,58,5.28,5.32,3.29,1397
15015,1.12,Premium,I,SI1,62,56,6.73,6.65,4.15,4641
15017,1.24,Premium,H,SI2,61.2,57,7.02,6.87,4.25,5694
15020,2.01,Very Good,I,VS2,62.4,58,8.06,7.99,5.01,17570
15021,1.7,Very Good,H,VS2,61.8,59,7.58,7.66,4.71,12257
15028,1.08,Ideal,I,SI1,61.4,57,6.67,6.62,4.08,4476
15029,0.31,Ideal,D,VVS2,61.6,56,4.38,4.34,2.69,982
15030,0.37,Premium,E,VVS2,60.9,59,4.65,4.61,2.82,1082
15034,0.3,Very Good,G,VVS2,61.3,58,4.28,4.34,2.64,684
15037,0.91,Ideal,F,SI2,61.7,55,6.27,6.2,3.85,3196
15038,1.26,Premium,J,SI1,61.7,58,6.99,6.91,4.29,5207
15039,1.59,Premium,J,VS2,62.6,59,7.45,7.43,4.66,7953
15040,0.32,Ideal,D,VS2,60.5,56,4.48,4.45,2.7,972
15041,0.27,Ideal,I,VS1,62.2,55,4.15,4.18,2.59,432
15045,0.73,Very Good,H,SI1,62.8,55,5.71,5.75,3.6,2196
15046,0.7,Premium,G,VS1,61,59,5.68,5.77,3.49,2512
15048,1.51,Premium,E,SI1,61.5,58,7.38,7.33,4.52,12644
15050,1,Good,J,VS2,58.7,61,6.5,6.52,3.82,3769
15051,0.3,Premium,H,VS2,62.2,59,4.31,4.28,2.67,608
15053,2.12,Ideal,J,SI1,62.1,56,8.17,8.25,5.1,14503
15058,0.57,Premium,E,VS2,63,59,5.29,5.25,3.32,1778
15059,0.91,Ideal,F,SI2,62,56,6.2,6.22,3.85,4642
15061,0.74,Ideal,E,VVS2,61.9,57,5.79,5.81,3.59,3633
15062,0.51,Ideal,E,SI1,62.4,55,5.09,5.14,3.19,1343
15063,1,Very Good,H,SI2,63.1,58,6.29,6.36,3.99,3975
15064,1.58,Ideal,F,SI1,60.2,56,7.57,7.64,4.58,12991
15065,0.33,Ideal,F,VVS2,62.4,56,4.43,4.41,2.76,1067
15067,0.52,Very Good,I,VVS1,,58,5.13,5.1,3.23,1577
15068,0.55,Ideal,E,SI2,62,56,5.27,5.22,3.25,1273
15070,1.3,Premium,F,VS2,60.4,59,7.12,7.06,4.28,10090
15072,1.35,Premium,J,SI1,62.1,54,7.15,7.09,4.42,4082
15073,0.83,Ideal,H,SI2,61.1,59,6.05,6.1,3.71,2666
15076,0.72,Very Good,E,SI2,59.9,57,5.85,5.9,3.52,2573
15078,0.77,Very Good,I,VS2,63.4,58,5.81,5.74,3.66,2262
15079,0.44,Very Good,E,SI2,63.2,59,4.85,4.8,3.05,878
15084,0.74,Very Good,I,VVS1,62.6,57,5.76,5.78,3.61,2666
15088,0.51,Ideal,E,VS1,62.7,56,5.1,5.14,3.21,1636
15090,0.43,Ideal,G,VVS2,61.9,55,4.86,4.84,3,1129
15091,0.65,Good,F,VS1,61.7,60.3,5.53,5.57,3.42,2406
15096,1.24,Premium,F,VS1,58,58,7.16,7.02,4.11,9930
15098,0.7,Very Good,E,VS2,60.2,57,5.77,5.82,3.49,2593
15103,1,Ideal,G,VVS2,59.8,54,6.58,6.54,3.92,7885
15106,0.9,Premium,F,SI2,61.5,61,6.1,6.06,3.74,3507
15107,0.5,Premium,E,SI1,62.3,60,5.16,5.08,3.19,1155
15108,0.93,Ideal,I,SI1,62,57,6.22,6.26,3.87,2917
15109,0.32,Ideal,E,VS2,62.8,54,4.38,4.35,2.74,900
15114,0.31,Very Good,I,VS1,62.8,55,4.31,4.35,2.72,489
15120,0.27,Ideal,E,VVS1,62,56,4.19,4.16,2.59,752
15121,1,Ideal,D,SI1,60.6,56,6.54,6.5,3.95,5880
15122,1.05,Premium,E,I1,62.2,61,6.51,6.48,4.04,3293
15125,0.32,Very Good,D,SI1,63.2,54,4.38,4.36,2.76,756
15127,0.31,Ideal,G,VVS1,61.6,56,4.39,4.35,2.69,1046
15128,0.9,Ideal,E,SI2,62.7,54,6.13,6.21,3.87,4091
15130,0.71,Premium,J,SI2,60.7,59,5.75,5.71,3.48,1609
15131,0.57,Very Good,E,VS2,62.1,59,5.29,5.27,3.28,1807
15132,1,Good,G,SI1,62.2,62,6.34,6.39,3.96,4416
15133,0.51,Very Good,E,VVS2,62.8,57,5.06,5.1,3.19,2146
15136,0.3,Ideal,F,VS2,61.8,57,4.33,4.31,2.67,776
15141,0.54,Ideal,E,VS2,61,56,5.25,5.28,3.21,1754
15145,1.39,Premium,F,SI1,62.1,58,7.16,7.1,4.43,8631
15148,1.68,Premium,J,SI2,59.2,57,7.83,7.72,4.6,7652
15149,0.93,Premium,E,SI1,61.4,57,6.34,6.23,3.86,4229
15154,0.27,Ideal,D,VVS2,62.6,56,4.13,4.15,2.59,622
15157,0.73,Ideal,F,SI1,61.7,55,5.79,5.82,3.58,3249
15160,0.4,Ideal,I,VS2,61.7,57,4.73,4.77,2.93,770
15162,0.7,Very Good,D,VS1,60.4,58,5.71,5.78,3.47,3008
15170,0.51,Very Good,E,SI1,60.3,63,5.13,5.06,3.07,1340
15171,0.52,Good,E,SI1,63.7,54,5.12,5.15,3.27,1388
15172,0.41,Ideal,G,VS2,59.8,57,4.81,4.85,2.89,827
15176,1.25,Ideal,J,VS2,62.6,54,6.94,6.9,4.33,5067
15177,1.17,Ideal,I,SI2,61.8,54,6.78,6.82,4.2,4999
15182,0.38,Ideal,E,VVS2,61.9,57,4.63,4.65,2.87,1100
15185,0.6,Good,J,VS1,58.9,60.5,5.5,5.57,3.26,1306
15186,0.36,Very Good,G,SI1,63.3,56,4.53,4.5,2.86,689
15188,2,Premium,H,SI2,60.7,60,8.11,8.07,4.91,15451
15192,1.01,Good,E,VS2,63.4,60,6.31,6.37,4.02,6666
15193,1.71,Ideal,G,VS1,62.2,55,7.72,7.65,4.78,17595
15196,0.33,Ideal,D,VS2,62.5,56,4.46,4.43,2.78,1002
15202,2.03,Ideal,G,SI1,60,55.8,8.17,8.3,4.95,18757
15203,0.3,Very Good,D,SI1,63.1,56,4.28,4.24,2.69,662
15204,0.32,Ideal,G,VVS2,61.2,56,4.41,4.42,2.7,730
15205,1.01,Premium,F,VS2,59.2,60,6.51,6.54,3.86,6416
15211,0.58,Ideal,F,VS1,62.1,56,5.38,5.32,3.32,2088
15213,0.57,Premium,E,SI1,58.9,59,5.41,5.35,3.17,1406
15214,0.36,Ideal,E,VS2,61.7,55,4.63,4.57,2.84,1013
15222,0.9,Good,H,SI2,62.4,61,6.03,6.11,3.79,3160
15223,0.3,Premium,F,VVS1,61.8,59,4.29,4.26,2.64,1114
15225,0.4,Ideal,D,VVS2,62.2,55,4.72,4.74,2.94,1263
15228,0.34,Premium,D,VS2,60.4,60,4.51,4.56,2.74,805
15230,0.38,Ideal,D,VVS2,61.5,57,4.67,4.63,2.86,1257
15231,1.22,Ideal,H,VVS2,62.2,56,6.83,6.87,4.26,8014
15237,0.31,Good,H,VS1,63.6,55,4.29,4.32,2.74,544
15243,0.41,Ideal,J,VS1,61.3,57,4.81,4.84,2.96,648
15245,1.21,Good,J,SI2,63.7,55,6.81,6.75,4.32,4269
15249,1.5,Premium,G,SI2,62,62,7.31,7.25,4.51,8190
15251,0.33,Ideal,H,VS1,61.9,56,4.44,4.48,2.76,579
15254,0.38,Very Good,E,SI2,62.5,61,4.59,4.63,2.88,590
15256,0.3,Ideal,F,IF,60.9,56,4.32,4.35,2.64,892
15260,0.71,Ideal,F,VS1,61.9,56,5.69,5.72,3.53,3710
15265,0.72,Ideal,I,VS2,61.7,56,5.75,5.8,3.56,2650
15269,0.7,Fair,H,SI1,61,66,5.68,5.64,3.45,1995
15277,1.01,Premium,E,SI1,62.8,58,6.38,6.33,3.99,5741
15280,0.38,Ideal,G,VVS2,61,56,4.67,4.71,2.86,943
15281,1.01,Very Good,J,SI1,62.2,57,6.35,6.39,3.96,4295
15283,1.5,Good,J,SI2,63.6,58,7.25,7.18,4.59,6421
15290,2.3,Premium,H,SI2,62.7,56,8.46,8.42,5.29,15992
15291,0.55,Premium,E,SI1,60.8,58,5.32,5.29,3.22,1698
15292,0.54,Ideal,G,IF,,57,5.26,5.28,3.22,2289
15293,0.52,Ideal,E,VS2,61.4,54,5.2,5.23,3.2,1576
15294,0.5,Very Good,E,SI1,63.3,59,5.03,4.99,3.17,1415
15296,0.5,Premium,H,VVS1,62.5,58,5.05,5.1,3.17,1710
15297,0.42,Premium,F,SI1,60.6,61,4.87,4.83,2.94,926
15298,1.35,Ideal,G,I1,62.5,57,7.04,7.01,4.39,4643
15301,0.71,Ideal,I,SI1,61.4,56,5.73,5.77,3.53,2376
15302,1.03,Premium,G,VS1,62.2,57,6.47,6.42,4.01,6659
15304,1.53,Premium,H,VS2,59.8,58,7.49,7.52,4.49,10224
15308,0.34,Premium,G,VS2,,58,4.46,4.5,2.74,596
15311,0.35,Ideal,D,VS2,60.5,56,4.6,4.63,2.79,707
15312,0.52,Premium,G,SI1,59.7,60,5.22,5.2,3.11,1306
15314,0.62,Premium,H,IF,58.9,58,5.65,5.58,3.31,2389
15316,0.53,Very Good,F,SI1,61.6,57,5.16,5.23,3.2,1359
15317,2,Ideal,H,SI1,61.8,57,8.1,8.15,5.02,18062
15319,0.33,Premium,H,VS1,61.9,58,4.43,4.45,2.75,579
15321,1.26,Ideal,J,SI2,62.8,54,6.91,6.89,4.33,4860
15325,0.42,Ideal,G,IF,61.5,56,4.84,4.85,2.98,1289
15329,1.01,Premium,F,SI1,62.6,58,6.37,6.32,3.97,5202
15331,0.89,Ideal,D,SI2,,56,6.22,6.25,3.79,4192
15332,1.15,Good,H,VS1,64.3,54,6.66,6.62,4.27,5935
15333,0.31,Ideal,D,VS2,62.1,54,4.4,4.36,2.72,804
15334,0.59,Ideal,E,VS2,61.5,56,5.38,5.42,3.32,1789
15335,0.3,Premium,E,VVS2,,58,4.28,4.25,2.62,1013
15336,0.52,Good,F,VS1,61,61,5.22,5.17,3.17,1419
15337,0.75,Ideal,E,SI1,61.7,56,5.84,5.86,3.61,2964
15339,0.54,Good,E,VVS2,57.5,61,5.47,5.39,3.12,2391
15340,0.41,Very Good,G,VS2,61,56,4.81,4.83,2.94,827
15344,1.55,Ideal,G,SI1,61.7,57,7.4,7.44,4.58,12951
15345,0.56,Ideal,E,SI1,61.3,56,5.28,5.32,3.25,1405
15349,0.26,Very Good,E,VVS1,62.9,58,4.06,4.08,2.56,599
15354,1.24,Ideal,G,SI1,62.7,56,6.89,6.85,4.31,4916
15357,1.01,Very Good,F,VS2,62.9,55,6.36,6.42,4.02,7411
15360,1.63,Ideal,E,SI2,61.7,57,7.5,7.54,4.64,10357
15362,1.05,Fair,I,VS1,58.9,66,6.71,6.6,3.92,4281
15363,1.02,Premium,G,SI1,61,59,6.48,6.44,3.94,4718
15366,0.3,Ideal,G,SI1,62.2,54,4.32,4.36,2.7,477
15375,0.71,Premium,G,SI2,60.8,60,5.74,5.78,3.5,2039
15377,0.39,Ideal,G,SI1,61.4,55,4.7,4.74,2.9,919
15384,0.78,Premium,F,VS1,61.5,58,5.93,5.98,3.66,3446
15385,0.62,Good,E,SI2,59.4,65,5.54,5.48,3.27,1333
15390,0.95,Good,E,VS2,57.7,58,6.47,6.52,3.75,5272
15392,0.57,Premium,H,VVS1,61.6,58,5.39,5.35,3.31,2172
15393,0.37,Ideal,E,VVS1,61.5,56,4.59,4.64,2.84,1103
15395,0.73,Premium,H,SI1,62.2,57,5.8,5.77,3.6,2107
15400,0.75,Premium,E,SI2,61.9,57,5.88,5.82,3.62,2829
15401,1.31,Ideal,H,VS1,62.4,56,7,6.98,4.36,8392
15402,0.51,Premium,J,VS2,61.5,58,5.14,5.1,3.15,1020
15406,0.49,Ideal,G,VS2,61.1,57,5.12,5.09,3.12,1246
15413,0.42,Premium,D,SI1,,59,4.91,4.86,2.92,1040
15414,1.61,Ideal,F,VS1,62,55,7.55,7.52,4.67,17414
15415,1.2,Good,E,SI1,64,61,6.61,6.67,4.25,6969
15418,0.34,Premium,H,VVS1,61.1,59,4.48,4.52,2.75,775
15420,1,Premium,D,SI1,61.5,60,6.38,6.34,3.91,5488
15423,0.77,Ideal,D,SI2,61.5,55,5.9,5.93,3.64,2885
15424,0.72,Premium,D,VS1,62.7,56,5.76,5.69,3.59,3601
15425,0.26,Very Good,D,VVS1,62.1,60,4.03,4.12,2.53,554
15430,0.32,Ideal,E,VS2,61.8,54,4.43,4.4,2.73,768
15441,0.34,Ideal,G,VS2,61.5,56,4.5,4.47,2.76,765
15444,0.7,Very Good,G,SI2,60.6,58,5.72,5.77,3.48,2057
15448,0.39,Premium,D,VS2,61.3,58,4.73,4.7,2.89,1024
15449,1.57,Very Good,D,SI1,62.3,59,7.39,7.44,4.62,12304
15452,1.71,Ideal,G,VS1,63,56,7.65,7.58,4.8,17009
15454,1.26,Fair,H,SI2,64.9,60,6.7,6.62,4.32,3881
15455,1.51,Premium,J,VS2,59.6,60,7.58,7.48,4.49,7553
15457,0.71,Ideal,E,VS1,62.3,56,5.69,5.74,3.56,3346
15458,1.6,Premium,H,VS1,62.5,58,7.47,7.37,4.64,12084
15459,0.31,Ideal,F,VVS2,62.2,53,4.37,4.41,2.73,706
15461,0.51,Very Good,I,VS2,60.3,63,5.16,5.13,3.1,1068
15466,1.27,Premium,H,VS2,60.7,58,7.04,6.97,4.25,7496
15469,0.34,Ideal,E,SI1,60.7,57,4.51,4.48,2.73,765
15470,0.73,Fair,J,VS1,64.6,60,5.68,5.59,3.64,1802
15472,0.33,Very Good,I,VVS1,58.9,61,4.52,4.55,2.67,609
15477,0.56,Ideal,D,VS2,60.6,56,5.37,5.33,3.24,2066
15478,1.54,Premium,H,VS2,61.8,59,7.4,7.35,4.56,10897
15482,1.09,Ideal,E,IF,60.1,58,6.68,6.72,4.03,15193
15490,0.5,Good,F,VS1,61.4,61,5.03,5.04,3.09,1613
15491,0.56,Ideal,H,VVS1,62.1,53.8,5.27,5.33,3.29,1961
15494,1.67,Premium,I,VS2,61.9,56,7.64,7.6,4.72,10736
15496,1.52,Very Good,I,VS2,61.7,55,7.39,7.32,4.54,10130
15497,0.78,Very Good,E,SI1,60.9,57,5.93,5.97,3.62,3055
15498,0.3,Good,E,VVS2,59.5,59,4.35,4.39,2.6,622
15499,0.7,Ideal,E,VS1,62.6,55,5.66,5.69,3.55,3167
15500,1.55,Very Good,H,VS2,61.3,61,7.39,7.46,4.55,11602
15501,0.9,Ideal,I,SI1,61.6,55,6.2,6.22,3.82,3908
15502,1.01,Premium,G,SI1,59.6,61,6.52,6.47,3.87,4672
15505,1.01,Premium,E,SI1,59.6,59,6.53,6.46,3.87,4853
15506,0.7,Very Good,F,VS1,61.8,59,5.66,5.76,3.53,2895
15507,0.61,Premium,H,SI1,61.2,58,5.45,5.43,3.33,1588
15510,0.34,Ideal,E,VS2,62.4,55,4.48,4.53,2.81,745
15511,1.21,Very Good,H,VS1,60.4,59,6.88,6.97,4.18,7196
15512,0.42,Ideal,D,SI1,61.8,57,4.81,4.77,2.96,1040
15514,0.32,Ideal,F,VS2,61.3,56,4.41,4.43,2.71,645
15517,0.35,Ideal,F,SI1,61.5,55.9,4.53,4.56,2.8,596
15522,0.33,Ideal,D,VS2,61.5,56,4.47,4.5,2.76,940
15524,0.26,Very Good,E,VVS2,63,58,4,4.03,2.53,597
15525,0.5,Premium,E,SI1,59.3,59,5.19,5.24,3.09,1410
15527,2.01,Premium,J,VS2,58.6,61,8.18,8.14,4.78,10401
15528,0.31,Ideal,G,VVS1,60.6,57,4.38,4.4,2.66,816
15529,0.56,Premium,G,VS2,60.9,58,5.36,5.34,3.26,1698
15532,1.52,Ideal,E,VS2,62.2,57,7.34,7.38,4.58,15239
15541,0.54,Ideal,G,VS1,61.8,54,5.24,5.22,3.23,1847
15552,1.34,Premium,F,VS2,61.1,58,7.12,7.05,4.33,10431
15553,0.9,Very Good,I,VS2,59.3,59,6.27,6.3,3.73,3992
15554,0.84,Very Good,F,SI2,62.8,57,5.99,6.04,3.78,2656
15556,0.42,Ideal,D,VVS2,62.1,55,4.78,4.81,2.98,1326
15558,0.51,Ideal,D,VS2,61.9,54,5.14,5.17,3.19,1660
15559,0.3,Premium,D,SI2,61.4,59,4.31,4.26,2.63,574
15561,0.3,Ideal,E,VVS2,62.2,57,4.28,4.31,2.67,766
15562,1.08,Premium,F,SI2,60.2,59,6.65,6.6,3.99,4488
15569,0.33,Ideal,J,SI1,61.1,56,4.49,4.55,2.76,403
15571,0.3,Ideal,H,VVS2,62.1,56,4.28,4.32,2.67,605
15572,1.2,Ideal,G,VVS1,62.2,57,6.77,6.81,4.22,9009
15577,0.5,Very Good,E,SI2,61.3,56,5.08,5.13,3.13,1154
15578,0.31,Premium,F,IF,61.9,58,4.39,4.36,2.71,977
15583,0.4,Very Good,J,VS1,62.1,57,4.69,4.72,2.92,606
15585,1.51,Ideal,I,VVS2,61.6,58,7.35,7.4,4.54,10821
15586,0.23,Very Good,D,VVS2,61.3,58,3.93,3.97,2.42,530
15587,1.01,Good,H,SI1,,55,6.35,6.41,4.01,4574
15588,0.55,Ideal,D,VS2,58.5,58,5.42,5.39,3.16,2079
15589,1.59,Premium,J,VS2,62.6,59,7.43,7.45,4.66,7811
15593,1.09,Premium,I,VS2,60.1,59,6.74,6.67,4.03,5306
15595,0.3,Good,F,SI2,63.4,56,4.26,4.29,2.71,394
15596,1.01,Good,F,VVS2,63.6,60,6.31,6.36,4.03,6932
15601,0.33,Ideal,D,VS2,62.1,56,4.48,4.44,2.77,1002
15604,1.3,Ideal,G,VS1,62,55,7.02,6.98,4.34,10221
15606,0.81,Ideal,G,SI2,61.7,57,5.98,6.01,3.7,2459
15608,0.54,Premium,E,VS1,60.3,58,5.32,5.26,3.19,2041
15612,0.44,Ideal,E,VVS2,61.9,56,4.91,4.88,3.03,1334
15614,0.32,Ideal,G,SI2,62.5,57,4.38,4.35,2.73,540
15617,0.47,Ideal,H,SI2,61.8,54,5.01,5.05,3.11,782
15619,0.38,Ideal,J,VS1,62,53,4.66,4.7,2.9,645
15621,0.9,Very Good,H,SI2,61.2,57,6.21,6.27,3.82,3481
15622,0.3,Ideal,G,IF,62,54,4.33,4.35,2.69,863
15625,0.4,Very Good,E,VS2,62.2,58,4.67,4.72,2.92,912
15630,0.31,Ideal,D,VS2,61,54,4.38,4.44,2.69,656
15631,0.57,Very Good,F,VVS2,60.7,58,5.32,5.35,3.24,2351
15636,0.3,Premium,E,VS2,62.5,59,4.3,4.27,2.68,844
15640,0.71,Very Good,J,SI1,62.8,57,5.64,5.67,3.55,1841
15641,1.55,Premium,H,SI2,58,60,7.61,7.58,4.41,6458
15647,0.96,Ideal,F,VS1,61.7,56,6.4,6.34,3.93,4333
15648,3,Good,I,I1,57,64,9.38,9.31,5.33,10863
15649,1.07,Ideal,E,VVS2,61.4,56,6.65,6.55,4.05,10043
15650,1.5,Ideal,F,VS2,61.4,55,7.35,7.44,4.54,14242
15652,1.56,Premium,H,VS2,62.4,58,7.44,7.39,4.63,10331
15654,0.5,Premium,E,VS2,61.3,60,5.11,5.07,3.12,1746
15655,0.3,Premium,F,VS1,61.5,59,4.33,4.31,2.66,844
15657,0.33,Very Good,G,VVS2,63,56,4.42,4.47,2.8,672
15659,0.53,Ideal,E,SI1,61.9,55,5.2,5.24,3.23,1585
15660,1.5,Good,D,SI1,63.1,57,7.24,7.31,4.59,11756
15661,2.02,Ideal,H,SI2,62.4,56,8.14,8.04,5.06,12680
15662,1.02,Ideal,G,VS2,62.3,56,6.46,6.51,4.04,6796
15667,0.52,Premium,F,SI1,61.5,60,5.16,5.15,3.17,1280
15668,0.71,Very Good,H,SI2,62.2,55.1,5.7,5.72,3.55,2339
15669,0.98,Very Good,H,SI2,62.1,59,6.33,6.39,3.95,3731
15671,0.42,Ideal,G,VVS1,61.4,56,4.81,4.83,2.96,1179
15674,0.5,Ideal,G,VVS1,62.7,57,5.1,5.07,3.19,2070
15675,0.32,Premium,G,VS2,62.5,58,4.38,4.36,2.73,720
15677,1.14,Very Good,E,SI2,60,54,6.74,6.97,4.11,5593
15680,0.38,Ideal,I,VVS2,62,55,4.65,4.67,2.89,836
15682,0.31,Ideal,I,VS1,,55,4.35,4.31,2.72,628
15683,0.71,Ideal,E,VVS1,61.9,55,5.73,5.77,3.56,4027
15684,0.76,Ideal,G,VS2,61.7,55,5.86,5.91,3.63,3114
15685,1.02,Ideal,H,VS2,62,55,6.47,6.44,4,5683
15687,2.02,Premium,I,VS1,60.5,62,8.18,8.15,4.94,14238
15692,0.71,Premium,D,SI2,61.7,59,5.67,5.71,3.51,2743
15693,0.41,Premium,G,VS2,60.9,58,4.8,4.83,2.93,827
15696,0.9,Ideal,D,SI1,62.5,57,6.12,6.2,3.85,4579
15699,1.06,Very Good,E,SI1,63.7,55,6.45,6.49,4.12,5445
15701,1.71,Premium,I,VS2,62.8,59,7.58,7.52,4.74,11958
15705,1.51,Fair,D,SI2,66.2,54,7.19,7.08,4.72,6596
15707,2.3,Ideal,H,SI2,62.6,54,8.42,8.46,5.28,18108
15710,0.73,Ideal,G,VVS2,,55,5.83,5.77,3.59,2919
15712,1.08,Ideal,G,SI1,61.8,56,6.55,6.58,4.06,5256
15713,1.12,Ideal,G,SI1,62,55,6.65,6.68,4.13,5451
15716,0.36,Ideal,H,VS1,61.5,55,4.59,4.62,2.83,651
15718,1.22,Premium,F,VVS2,63,56,6.88,6.76,4.3,10494
15719,0.32,Ideal,D,VVS1,61.8,56,4.4,4.37,2.71,973
15724,0.39,Very Good,F,VS2,62.4,58,4.61,4.65,2.89,821
15731,0.35,Ideal,D,SI1,61.6,55,4.56,4.53,2.8,827
15733,0.5,Premium,G,VS1,60.7,60,5.09,5.12,3.1,1624
15734,1,Good,H,VS2,63.9,57,6.32,6.26,4.02,3819
15740,0.4,Very Good,H,VS2,59.1,61,4.81,4.84,2.85,737
15741,1.02,Good,E,VS1,63.9,56,6.33,6.38,4.06,7602
15742,0.33,Very Good,H,VS2,58.8,62,4.49,4.53,2.65,486
15744,0.41,Ideal,F,VS2,61.1,56,4.8,4.83,2.94,863
15748,1,Very Good,D,VS1,60.5,59,6.43,6.46,3.9,8077
15752,0.71,Very Good,D,VS1,64.1,57,5.64,5.66,3.62,3332
15753,0.7,Very Good,H,VS2,62.7,59,5.59,5.64,3.52,2377
15755,1.02,Very Good,E,SI1,60.5,63,6.54,6.48,3.94,4901
15761,1.12,Premium,I,VS1,62.2,59,6.66,6.59,4.12,5058
15765,1.1,Premium,D,SI1,60.7,55,6.74,6.71,4.08,6468
15769,0.31,Premium,H,VVS2,62.3,60,4.31,4.36,2.7,625
15770,0.33,Ideal,E,VS2,60.3,57,4.54,4.51,2.73,928
15771,1.06,Very Good,F,SI1,,57,6.58,6.68,4.06,5142
15777,1.06,Premium,G,VS2,62.5,58,6.52,6.47,4.06,5543
15779,0.3,Very Good,E,SI2,61.6,61,4.25,4.29,2.63,421
15780,0.93,Premium,E,SI2,60.5,57,6.37,6.32,3.84,4250
15781,0.3,Good,I,SI1,64.1,57,4.25,4.3,2.74,391
15786,0.71,Premium,F,VS1,61.1,58,5.76,5.72,3.51,2942
15788,0.32,Ideal,E,VS2,61.9,56,4.4,4.36,2.71,900
15792,0.31,Ideal,G,SI2,60.5,57,4.4,4.36,2.65,523
15795,0.4,Premium,E,SI1,62,55,4.74,4.68,2.92,945
15797,0.3,Ideal,E,VS2,61.5,55,4.33,4.29,2.65,844
15798,1.06,Very Good,D,SI1,59.4,57,6.65,6.72,3.97,5713
15799,1.04,Premium,D,SI2,62.4,56,6.5,6.45,4.04,5292
15800,0.7,Premium,E,VS1,62.7,60,5.64,5.59,3.52,2695
15805,1.05,Ideal,F,VS2,62.7,56,6.52,6.59,4.11,6403
15807,2,Ideal,H,VS2,62.4,55,8.03,7.94,4.99,15829
15809,0.51,Very Good,I,SI1,63.5,55,5.07,5.11,3.23,1068
15810,1.01,Very Good,F,SI2,63.5,56,6.38,6.35,4.04,3897
15811,0.32,Very Good,G,VS1,62.8,59,4.33,4.37,2.73,645
15812,1.75,Very Good,D,SI2,60.7,57,7.78,7.83,4.74,12012
15818,0.96,Fair,E,SI2,53.1,63,6.73,6.65,3.55,2815
15822,0.71,Ideal,G,SI1,61.3,55,5.73,5.79,3.53,3007
15825,0.72,Fair,D,SI1,65.6,60,5.62,5.54,3.66,2364
15827,0.33,Ideal,D,VS2,61.8,56,4.48,4.45,2.76,1002
15830,0.32,Ideal,F,VS1,61.9,57,4.38,4.41,2.72,716
15832,0.5,Ideal,J,VS2,61.9,54,5.1,5.14,3.17,1054
15833,1,Premium,G,VS2,62.1,57,6.43,6.39,3.98,5806
15838,0.35,Premium,E,VS2,61.6,58,4.57,4.52,2.8,984
15842,0.9,Good,J,VS2,64,61,6.04,6.03,3.86,2822
15843,1.07,Ideal,G,VS1,61.8,55,6.59,6.55,4.06,7198
15845,0.36,Premium,E,VS2,62.1,59,4.59,4.55,2.84,1013
15846,0.9,Ideal,H,VS1,60.9,57,6.2,6.24,3.79,4201
15849,0.27,Ideal,E,VVS2,62.5,57,4.13,4.1,2.57,799
15850,0.7,Ideal,E,SI1,61.4,57,5.71,5.75,3.52,2656
15852,0.34,Premium,G,VS2,61.1,60,4.53,4.51,2.76,765
15855,0.59,Ideal,G,VVS2,62.6,57,5.33,5.37,3.35,2125
15856,0.41,Ideal,J,VS1,62.2,54.5,4.75,4.76,2.96,674
15857,0.32,Premium,F,VS2,61.4,60,4.38,4.42,2.7,645
15860,0.38,Very Good,I,SI1,59.7,62,4.7,4.74,2.82,601
15861,0.71,Premium,I,VVS1,,58,5.7,5.65,3.52,2572
15863,0.73,Ideal,F,IF,61.2,55,5.86,5.8,3.57,3880
15864,0.52,Premium,I,SI1,62.5,59,5.12,5.06,3.18,1073
15866,1.55,Ideal,I,VS2,61.8,55,7.4,7.44,4.58,11574
15867,2.06,Premium,I,SI2,61,61,8.18,8.1,5.02,13912
15868,0.24,Ideal,G,VS1,61.8,54,4.01,4.02,2.48,490
15881,0.3,Ideal,H,VS2,62.3,56,4.29,4.31,2.68,491
15882,1.01,Premium,G,SI2,61.9,60,6.37,6.33,3.93,4525
15885,0.53,Ideal,D,VS2,61.4,56,5.21,5.18,3.19,1783
15886,1.51,Very Good,G,SI2,62.8,56,7.22,7.3,4.56,8637
15890,0.3,Ideal,H,VS2,62.1,56,4.32,4.34,2.69,491
15894,0.3,Ideal,E,VVS2,61.7,53.8,4.31,4.34,2.67,779
15896,1.05,Premium,F,SI2,62.3,56,6.55,6.51,4.07,4363
15899,0.75,Ideal,D,VS1,62.4,56,5.79,5.84,3.63,3961
15902,0.38,Premium,D,VVS1,60.4,59,4.7,4.71,2.84,1400
15905,0.71,Premium,G,SI1,,62,5.92,5.83,3.46,2450
15906,0.43,Ideal,G,VS1,61.2,57,4.88,4.83,2.97,941
15908,0.34,Premium,G,VS2,61.2,62,4.48,4.44,2.73,765
15909,1.2,Very Good,G,VS1,63.4,56,6.74,6.7,4.26,8596
15911,0.93,Premium,G,SI2,60.8,59,6.35,6.28,3.84,3594
15916,2.14,Very Good,D,SI2,60.3,60,8.31,8.43,5.05,18526
15917,0.91,Good,G,SI2,63.6,56,6.14,6.09,3.89,3610
15918,1.1,Ideal,J,SI2,62,59,6.58,6.61,4.09,4226
15919,1.01,Very Good,I,VS2,61.3,56,6.53,6.45,3.98,4438
15921,0.34,Premium,G,VVS1,61.5,59,4.5,4.47,2.76,1122
15922,1.01,Ideal,E,VS2,60.5,60,6.46,6.47,3.91,6806
15923,0.32,Very Good,G,VS1,62.5,60,4.29,4.35,2.7,645
15925,0.57,Ideal,E,VS2,61.9,57,5.31,5.29,3.28,1949
15926,0.38,Ideal,D,VVS1,61.3,56,4.65,4.71,2.87,1400
15927,0.38,Ideal,I,VS1,62,54,4.67,4.72,2.91,700
15928,1,Fair,J,SI2,69.9,61,6.13,5.86,4.23,2117
15929,0.37,Ideal,G,VS2,62.2,57,4.64,4.59,2.87,833
15930,0.53,Very Good,D,VS2,62.6,58,5.14,5.18,3.23,1682
15938,0.8,Ideal,E,SI1,61.1,56,5.98,6.01,3.66,4053
15939,0.38,Very Good,D,VVS2,60,62,4.7,4.73,2.83,1200
15945,1.31,Premium,E,SI2,61.2,60,7.02,6.93,4.27,5176
15946,1.5,Ideal,E,SI1,62,55,7.4,7.32,4.56,11489
15950,0.57,Very Good,E,VS2,60.7,58,5.37,5.33,3.25,1732
15952,0.31,Ideal,G,VS2,61.6,54,4.41,4.39,2.71,698
15958,0.59,Premium,E,SI1,61.8,60,5.39,5.33,3.31,1789
15961,0.34,Ideal,E,SI1,61.4,54,4.53,4.5,2.77,765
15963,0.94,Premium,H,SI2,,57,6.29,6.21,3.87,3335
15966,1.01,Very Good,G,VVS2,62.5,54,6.38,6.41,4,7137
15972,0.5,Very Good,H,VS2,62.9,58,5.08,5.1,3.2,1337
15974,0.74,Ideal,F,VS1,61.7,56,5.83,5.78,3.58,3170
15976,1.51,Premium,G,VS1,62.6,60,7.28,7.19,4.53,14507
15978,0.3,Ideal,G,VS2,61.6,57,4.3,4.33,2.66,545
15982,1.21,Premium,H,SI2,58.2,59,7.05,7.03,4.1,5082
15983,0.31,Very Good,F,VS2,62.8,56,4.28,4.32,2.7,625
15984,0.5,Very Good,H,SI1,63.1,55,5.09,5.02,3.19,984
15985,0.4,Good,E,SI2,64.2,57,4.68,4.7,3.01,617
15993,0.91,Ideal,H,VVS2,61.7,57,6.21,6.23,3.84,5411
15995,0.38,Ideal,G,VVS1,61.2,54,4.69,4.72,2.88,949
15997,1,Fair,H,SI2,67.7,60,6.11,5.98,4.09,2875
15998,0.33,Ideal,I,IF,61.7,55,4.45,4.49,2.76,675
16000,2.01,Premium,J,VS2,60.4,59,8.15,8.1,4.91,13744
16001,0.73,Premium,D,SI1,60.5,58,5.85,5.82,3.53,2498
16004,0.31,Ideal,G,SI1,61.3,58,4.37,4.4,2.69,443
16009,0.71,Very Good,F,VVS2,62.1,60,5.69,5.72,3.54,3354
16011,0.7,Very Good,E,SI1,63.2,61,5.61,5.49,3.51,2164
16012,1.06,Good,G,VS2,63.1,59,6.45,6.48,4.08,6212
16014,2.02,Ideal,G,SI2,61.7,57,8.15,8.1,5.01,17265
16021,2.03,Very Good,I,SI2,62.8,60,7.99,8.05,5.04,13063
16024,0.39,Ideal,E,VS1,62.3,57,4.67,4.64,2.9,1097
16026,2.01,Good,G,SI1,60.3,60,8.07,8.18,4.9,18625
16027,0.32,Ideal,H,VS1,62.7,56,4.39,4.42,2.76,524
16028,0.71,Fair,H,SI1,65.1,55,5.69,5.65,3.69,2049
16031,0.28,Good,E,VS1,64.3,55,4.14,4.16,2.67,470
16032,1.11,Premium,G,SI2,62.3,58,6.65,6.61,4.13,4755
16033,0.3,Very Good,D,VVS2,63.5,58,4.31,4.23,2.71,1010
16038,2.01,Very Good,I,VS2,59.6,62,8.17,8.25,4.89,15919
16040,0.71,Very Good,F,VVS1,61.8,55,5.71,5.77,3.55,3461
16043,0.39,Very Good,J,VS1,61,62,4.66,4.71,2.86,616
16046,0.57,Premium,D,SI2,61.3,59,5.32,5.28,3.25,1012
16049,0.73,Ideal,E,SI2,61,57,5.81,5.87,3.56,2434
16050,1.01,Premium,H,VS2,62.3,62,6.39,6.35,3.97,4769
16052,2.01,Fair,I,SI2,,58,7.93,7.69,5.21,10711
16053,0.55,Premium,G,VS1,62,57,5.3,5.25,3.27,1881
16054,1.32,Ideal,I,SI1,62.2,57,7.07,7.01,4.38,6431
16055,1.26,Very Good,H,SI2,62.2,57,6.86,6.9,4.28,5736
16057,1.24,Premium,I,SI1,60.4,58,7.02,6.95,4.22,5555
16058,0.35,Ideal,D,VS1,60.8,57,4.61,4.57,2.79,952
16061,1.13,Ideal,E,SI1,62.2,55,6.69,6.66,4.15,6682
16062,1.2,Very Good,E,SI2,63.3,55,6.77,6.73,4.27,5645
16064,1.02,Good,H,SI2,61.4,60,6.44,6.49,3.97,4521
16065,1.01,Good,F,SI1,64.2,58,6.24,6.29,4.02,4339
16067,1.1,Very Good,F,VS2,62.7,58.5,6.5,6.59,4.1,7272
16070,0.31,Ideal,G,VVS1,61.9,54,4.38,4.41,2.72,789
16071,1.07,Premium,G,VS2,62.1,58,6.59,6.55,4.08,6471
16074,0.3,Ideal,G,VS1,59.9,56,4.41,4.37,2.63,776
16075,0.3,Ideal,H,VS2,60.9,58,4.29,4.32,2.62,491
16077,0.5,Premium,F,VS2,62.1,58,5.1,5.01,3.14,1654
16078,0.77,Ideal,E,VS2,61,56,5.91,5.96,3.62,3303
16079,0.52,Very Good,D,SI1,,58,5.14,5.22,3.19,1429
16080,0.71,Good,H,SI1,63.4,54,5.6,5.67,3.57,2056
16081,0.9,Very Good,H,VVS2,62.9,58,6.1,6.15,3.85,4186
16088,0.9,Good,I,VVS2,62.9,61,6.1,6.14,3.85,3946
16091,0.3,Premium,G,VS1,61.4,60,4.33,4.3,2.65,776
16096,0.95,Good,G,VVS2,57.7,59.7,6.5,6.58,3.77,5817
16100,0.5,Good,E,SI1,58.5,59,5.2,5.23,3.05,1331
16103,0.3,Very Good,I,SI2,63.3,56,4.3,4.26,2.71,450
16105,0.59,Very Good,E,VS2,59.4,63,5.42,5.46,3.23,2145
16106,1.5,Premium,I,SI2,60.8,58,7.34,7.24,4.43,7526
16107,1.7,Premium,D,SI1,61.9,59,7.61,7.64,4.72,15100
16108,0.29,Very Good,G,VVS2,61.9,56,4.27,4.3,2.65,541
16111,1.11,Premium,D,VS2,59.5,60,6.77,6.7,4.01,6579
16113,0.37,Ideal,H,SI1,60.9,57,4.63,4.67,2.83,552
16114,0.31,Ideal,E,VS2,62,56,4.34,4.37,2.7,680
16115,0.5,Ideal,H,VS2,60.3,55,5.16,5.21,3.13,1306
16116,0.73,Premium,F,SI2,60.5,57,5.84,5.8,3.52,2351
16126,1.01,Good,F,SI1,63.5,59,6.29,6.38,4.02,4899
16128,0.52,Ideal,D,VVS2,62.3,56,5.12,5.15,3.2,2362
16130,0.51,Very Good,G,VS2,63.4,55,5.06,5.03,3.2,1443
16133,1.05,Ideal,G,VS1,62,56,6.47,6.53,4.03,6936
16135,1.51,Ideal,H,VS2,62.2,57,7.29,7.33,4.55,11435
16137,0.7,Very Good,F,VS1,62.4,56,5.62,5.7,3.53,2604
16138,1.01,Premium,E,SI1,59.2,60,6.56,6.51,3.87,5656
16140,0.31,Ideal,I,SI1,61.3,55,4.39,4.42,2.7,395
16141,2.01,Premium,J,VS1,60.1,59,8.25,8.18,4.94,15185
16144,1.06,Very Good,F,VS2,62.7,55,6.54,6.5,4.09,6627
16145,1.02,Good,H,SI1,57.1,61,6.66,6.57,3.78,4167
16148,1.03,Ideal,E,SI2,61.6,56,6.5,6.45,3.99,4199
16153,1.5,Premium,I,VS1,62.7,59,7.25,7.3,4.56,9900
16156,1.38,Premium,J,VS2,60.2,59,7.29,7.19,4.36,6175
16158,0.3,Very Good,D,VS2,62,59,4.22,4.27,2.63,710
16161,0.36,Ideal,D,SI1,61.6,56,4.54,4.58,2.81,663
16163,1.2,Very Good,G,SI2,61.7,59,6.81,6.86,4.22,5518
16164,0.3,Premium,F,VS1,60.5,60,4.29,4.31,2.6,658
16168,1.16,Ideal,E,SI2,62.7,56,6.73,6.69,4.21,5093
16172,0.3,Ideal,H,IF,61.2,56,4.36,4.37,2.67,764
16179,0.32,Ideal,G,VS1,61.2,56,4.41,4.45,2.71,645
16180,0.32,Very Good,F,VVS1,61.9,59,4.34,4.39,2.7,926
16182,0.33,Premium,G,VS1,62.4,59,4.47,4.41,2.77,854
16188,0.71,Ideal,F,VS1,61.5,57,5.7,5.74,3.52,3404
16191,0.3,Premium,D,VS2,62.9,61,4.29,4.27,2.69,911
16192,0.31,Ideal,I,VVS2,61.6,57,4.35,4.39,2.69,544
16199,1.52,Premium,H,VS1,58.4,59,7.55,7.52,4.4,11853
16202,0.4,Very Good,D,VVS2,61.4,58.3,4.73,4.74,2.9,1359
16204,2.41,Premium,J,VS1,61.1,60,8.66,8.6,5.27,15320
16206,0.3,Ideal,D,SI1,62.5,57,4.32,4.29,2.69,709
16208,1.28,Premium,H,SI2,60.2,58,7.13,7.03,4.26,6093
16212,0.31,Good,E,SI1,63.1,54,4.31,4.34,2.73,544
16215,0.3,Ideal,I,VS1,62.5,54,4.29,4.32,2.69,473
16217,0.73,Ideal,G,SI1,62.5,55,5.78,5.74,3.6,2351
16218,0.51,Ideal,G,VS2,62.7,57,5.12,5.05,3.19,1546
16223,1.28,Good,G,SI2,63.6,57,6.78,6.73,4.29,4679
16229,0.42,Ideal,G,VVS1,62.8,55,4.78,4.8,3.01,1245
16232,0.71,Good,F,SI1,64.3,57,5.62,5.55,3.59,2125
16233,0.58,Good,E,VS1,58.6,64,5.4,5.46,3.18,2185
16236,0.74,Ideal,F,VS1,62,54,5.85,5.81,3.62,3694
16237,0.3,Very Good,F,VS2,62.8,58,4.24,4.29,2.68,605
16239,1.05,Ideal,G,VS2,61.7,57,6.56,6.53,4.04,7028
16242,0.71,Very Good,H,SI1,,57,5.65,5.61,3.55,2207
16243,0.96,Good,H,SI2,56.7,62,6.51,6.39,3.66,3454
16245,0.6,Ideal,D,VVS1,61.6,56,5.41,5.43,3.34,3570
16247,0.24,Ideal,G,VVS1,62.4,56,3.97,3.99,2.48,559
16249,0.31,Ideal,F,VS2,61.6,55,4.36,4.37,2.69,625
16257,0.46,Ideal,G,IF,61.7,56,4.97,5.01,3.08,1987
16259,1.6,Premium,J,SI1,62.2,58,7.48,7.54,4.67,7550
16261,0.45,Ideal,G,IF,61.7,55,4.93,4.96,3.05,1548
16263,0.27,Ideal,I,VVS2,62.1,55,4.17,4.2,2.6,459
16269,2.12,Very Good,J,SI2,62.3,61,8.16,8.21,5.1,12030
16271,0.4,Premium,F,VS1,61.1,59,4.71,4.75,2.89,982
16275,0.31,Premium,G,VVS1,59.8,62,4.41,4.35,2.62,977
16276,0.23,Very Good,E,VVS1,62.4,54,3.95,3.98,2.47,583
16279,0.53,Ideal,E,VS2,61.8,56,5.21,5.17,3.21,1801
16281,0.39,Ideal,I,SI1,62.4,54,4.67,4.69,2.92,534
16283,0.3,Ideal,F,IF,62.1,57,4.29,4.31,2.67,886
16290,0.33,Ideal,D,SI2,62.4,56,4.44,4.41,2.76,631
16292,1.52,Fair,H,SI1,61.2,60,7.39,7.29,4.49,8818
16296,1.01,Premium,F,SI2,61,60,6.48,6.44,3.94,4197
16297,0.91,Ideal,D,SI2,62.2,57,6.21,6.15,3.85,2803
16298,1.01,Ideal,J,SI2,61.9,55,6.5,6.43,4.01,4174
16299,0.37,Good,H,SI1,63.2,57,4.54,4.58,2.88,533
16304,0.3,Ideal,G,VVS1,61.4,56,4.34,4.32,2.66,945
16309,1.51,Good,J,VS1,61.5,59,7.26,7.31,4.48,8271
16310,0.5,Ideal,E,VS2,60.8,57,5.16,5.13,3.13,1768
16311,0.55,Very Good,F,VS1,61.2,56.4,5.28,5.33,3.25,1975
16312,1.22,Ideal,J,VS1,61.4,58,6.85,6.87,4.21,6201
16316,1.52,Ideal,H,SI2,62,60,7.31,7.37,4.55,8620
16318,1.2,Premium,F,SI2,61.9,59,6.86,6.74,4.21,5699
16319,0.31,Ideal,G,VVS1,61.9,55,4.3,4.36,2.68,816
16320,2.1,Premium,J,SI2,62,62,8.23,8.17,5.08,12308
16323,0.24,Very Good,D,VS2,,59,4.03,4.04,2.43,419
16324,0.43,Ideal,H,SI1,62.5,57,4.79,4.84,3.01,716
16326,0.33,Premium,G,VVS2,,59,4.46,4.41,2.75,965
16327,1.22,Premium,G,SI1,63,57,6.84,6.74,4.28,6695
16328,0.62,Premium,J,VVS2,60.9,58,5.5,5.56,3.37,1415
16329,0.52,Premium,D,SI1,62.7,58,5.2,5.16,3.25,1605
16330,0.36,Ideal,E,VS1,61.6,57,4.54,4.58,2.81,852
16333,0.7,Good,H,VVS2,61.4,64,5.73,5.61,3.48,2475
16334,1.05,Very Good,H,SI2,63,59,6.44,6.48,4.07,4158
16335,0.5,Ideal,H,IF,61.1,58,5.1,5.14,3.13,1844
16344,1.03,Ideal,I,SI2,59.8,56,6.64,6.58,3.95,3530
16345,1.12,Very Good,F,VS2,62,58,6.63,6.69,4.13,6925
16351,1.1,Ideal,I,SI2,62.6,55,6.57,6.6,4.13,4624
16353,0.3,Premium,D,VS2,60.4,59,4.32,4.35,2.62,710
16354,0.5,Ideal,H,SI1,59.2,62,5.17,5.2,3.07,1160
16355,0.5,Ideal,E,SI1,61.2,56,5.12,5.15,3.14,1555
16356,0.9,Fair,I,VVS2,67,56,5.91,5.83,3.93,3074
16359,0.56,Ideal,F,VVS2,61.1,56,5.35,5.37,3.27,2522
16362,0.58,Very Good,G,VS2,63.2,58,5.36,5.28,3.36,1336
16363,1.5,Premium,D,SI1,,59,7.44,7.39,4.49,11489
16367,0.24,Very Good,H,VVS2,61.5,56,3.99,4.01,2.46,449
16368,1.54,Premium,J,VVS1,62.4,59,7.36,7.38,4.6,9215
16369,0.46,Ideal,G,SI1,61.4,56,4.97,4.99,3.06,990
16370,0.3,Ideal,E,VS2,61.6,55,4.31,4.33,2.66,658
16371,2.01,Premium,I,SI1,61.3,60,8.09,8.05,4.95,11646
16373,0.34,Ideal,E,VS1,60.8,57,4.53,4.49,2.74,1033
16375,0.54,Very Good,I,VS2,62.3,56,5.17,5.22,3.24,1317
16378,1.14,Ideal,I,SI1,60.8,58,6.71,6.74,4.09,5096
16379,1.06,Ideal,I,VS2,60.3,57,6.61,6.66,4.01,5516
16380,0.59,Very Good,H,VVS1,63.7,56,5.35,5.38,3.42,1870
16384,0.43,Premium,H,I1,62,59,4.78,4.83,2.98,452
16386,0.3,Ideal,D,VVS2,61.7,57,4.33,4.36,2.68,814
16387,0.31,Premium,D,VS2,62.6,59,4.33,4.3,2.7,942
16388,0.38,Very Good,F,VS2,61.9,54.6,4.64,4.68,2.89,906
16389,0.33,Premium,I,VVS2,61.5,58,4.45,4.43,2.73,743
16394,0.44,Very Good,D,VS2,62.8,58,4.79,4.86,3.03,850
16395,0.57,Very Good,F,VVS2,62.6,58,5.32,5.38,3.34,1902
16396,1.2,Very Good,G,SI2,62.1,56,6.79,6.87,4.24,5183
16398,1.6,Premium,G,VVS2,60.6,60,7.57,7.51,4.57,16215
16400,0.31,Ideal,G,IF,61.7,56,4.38,4.34,2.69,988
16405,0.32,Ideal,D,VS2,62.5,56,4.38,4.45,2.76,758
16406,0.3,Premium,D,VS2,61.7,59,4.28,4.25,2.63,911
16407,0.55,Premium,D,SI1,60.5,60,5.3,5.27,3.2,1698
16408,0.82,Ideal,G,SI2,61,55,6.04,5.99,3.67,2165
16410,1.19,Premium,I,VS1,59.9,61,6.91,6.85,4.12,5747
16416,0.9,Good,F,SI1,59.3,56,6.27,6.32,3.73,4016
16418,0.7,Ideal,E,VS2,62.2,55,5.67,5.71,3.54,2981
16419,1.51,Premium,H,VVS1,60.6,60,7.4,7.42,4.49,12224
16421,0.52,Ideal,E,VS2,61,57,5.19,5.21,3.17,1644
16422,0.31,Ideal,H,SI1,62.1,54,4.37,4.39,2.72,464
16423,0.32,Ideal,G,VS1,60.8,57,4.42,4.39,2.68,828
16424,0.9,Good,D,SI1,63.9,57,6.1,6.04,3.88,3689
16426,0.31,Very Good,G,VS2,62.9,56,4.28,4.34,2.71,544
16427,1.68,Ideal,G,VS1,62,55,7.59,7.66,4.73,16985
16429,0.31,Premium,H,VVS1,60.5,58,4.4,4.43,2.67,707
16432,1.65,Premium,F,SI2,60.5,61,7.7,7.65,4.64,9693
16433,1.52,Premium,F,VS2,59.4,60,7.61,7.5,4.49,13530
16436,0.4,Very Good,G,SI2,61.9,61,4.69,4.74,2.92,596
16438,0.53,Ideal,G,VVS2,60.4,56,5.29,5.24,3.18,1818
16441,0.63,Very Good,D,SI1,62.8,57,5.46,5.49,3.44,1939
16447,0.35,Ideal,G,IF,60.2,57,4.6,4.64,2.78,959
16450,2.01,Very Good,I,VS2,62.3,59,8.02,8.1,5.02,15965
16452,0.33,Premium,I,SI1,60.4,59,4.5,4.54,2.73,434
16453,0.96,Premium,I,SI2,62.7,58,6.24,6.2,3.9,3229
16455,1.51,Premium,F,VS2,62.2,60,7.25,7.34,4.54,13474
16457,1,Fair,I,I1,68.6,56,6.2,6.08,4.22,1805
16458,1.01,Premium,E,IF,62.6,58,6.37,6.44,4.01,11387
16462,1.21,Ideal,H,SI1,60.7,57,6.85,6.89,4.17,7810
16463,2.27,Good,H,SI2,63.6,58,8.37,8.29,5.3,14249
16464,0.23,Very Good,F,VVS2,61.4,56,3.94,3.97,2.43,583
16467,0.31,Good,E,SI1,,57,4.29,4.31,2.74,544
16468,0.7,Fair,G,VS2,64.4,56,5.64,5.57,3.61,2657
16472,0.38,Ideal,E,IF,61.4,55,4.68,4.7,2.88,1300
16476,1.21,Premium,H,SI2,62.1,56,6.8,6.76,4.21,5082
16478,0.32,Ideal,G,VVS2,62.4,54,4.38,4.37,2.73,936
16479,0.53,Ideal,F,SI1,62.6,55,5.17,5.22,3.25,1359
16483,0.73,Premium,H,VS2,61,58,5.84,5.76,3.54,2519
16486,0.31,Very Good,D,SI2,62.9,54,4.3,4.35,2.72,462
16487,0.72,Good,J,VS1,63.7,54,5.68,5.71,3.63,1959
16490,0.5,Ideal,E,VS1,62,58,5.09,5.14,3.17,1755
16491,0.41,Ideal,E,VS1,62,55,4.74,4.77,2.95,1079
16492,0.75,Ideal,D,VS2,61.7,55,5.82,5.85,3.6,3625
16494,0.4,Ideal,D,SI2,61.3,56,4.72,4.77,2.91,622
16495,0.52,Ideal,J,SI1,61.4,56.4,5.15,5.17,3.17,896
16496,0.36,Ideal,D,VS2,61.7,55,4.6,4.58,2.83,1094
16497,0.41,Good,E,SI1,63.2,58,4.68,4.72,2.97,705
16498,0.24,Very Good,E,VS1,60.1,57,4.08,4.1,2.46,378
16499,1.01,Premium,F,VS2,62.1,60,6.36,6.43,3.97,5988
16500,0.4,Ideal,J,VVS1,61.9,56,4.74,4.79,2.95,1136
16501,1.5,Very Good,H,SI2,62,63,7.28,7.24,4.5,7291
16502,0.3,Ideal,G,IF,,55,4.33,4.35,2.68,813
16503,0.7,Very Good,D,SI1,60.3,60,5.74,5.77,3.47,2656
16505,0.41,Premium,G,VS2,,59,4.85,4.8,2.93,990
16506,1.01,Very Good,G,VVS2,63.3,57,6.31,6.36,4.01,7885
16508,0.53,Ideal,D,SI1,61.7,56,5.15,5.23,3.2,1631
16510,2.01,Very Good,I,VS1,63.5,59,8.03,7.93,5.07,14792
16519,0.63,Ideal,E,VS2,60.8,57,5.53,5.55,3.37,2513
16520,0.5,Fair,G,VVS2,64.9,58,5,4.95,3.23,1712
16523,1.12,Very Good,G,IF,60.9,57,6.68,6.79,4.1,8962
16524,1.31,Ideal,G,SI1,63.4,57,6.97,6.87,4.4,7277
16526,0.71,Premium,F,SI1,59,61,5.88,5.84,3.46,2528
16528,1.01,Premium,I,SI2,62.1,59,6.42,6.39,3.98,3971
16529,0.3,Ideal,E,VVS2,61.9,59,4.27,4.3,2.65,766
16530,1.19,Premium,J,VS2,62.8,57,6.78,6.7,4.23,4761
16531,0.41,Premium,E,VVS2,60.9,60,4.81,4.82,2.93,1187
16533,0.31,Very Good,E,SI1,63,57,4.29,4.32,2.71,544
16534,0.55,Very Good,E,VVS2,60.6,56,5.33,5.36,3.24,2499
16536,0.71,Ideal,H,VS1,60.9,58,5.74,5.79,3.51,2590
16537,0.92,Very Good,D,SI2,60.2,61,6.27,6.32,3.79,3057
16539,1.25,Ideal,G,VVS2,62.2,55,6.87,6.93,4.29,10983
16540,0.32,Ideal,I,VS1,60.9,56.7,4.41,4.44,2.69,529
16542,0.9,Very Good,E,VS2,61.1,63,6.2,6.17,3.78,4062
16543,1.04,Very Good,E,SI1,63.5,56,6.41,6.37,4.06,5381
16547,1.2,Ideal,I,SI1,61.8,56,6.8,6.77,4.19,5510
16549,0.71,Premium,D,VS1,62.9,57,5.66,5.6,3.54,2860
16556,0.6,Ideal,D,VS2,61.5,55,5.42,5.45,3.34,2325
16559,1.55,Very Good,I,VS1,59,58,7.56,7.63,4.48,10711
16564,0.9,Very Good,D,VS1,62.2,58,6.14,6.18,3.83,6208
16566,0.36,Ideal,G,SI1,61.8,55,4.58,4.61,2.84,725
16569,1.24,Ideal,I,SI1,62.4,57,6.89,6.87,4.29,5976
16571,0.76,Good,E,SI2,58.8,59,5.95,5.99,3.51,2680
16573,1.23,Ideal,J,VS2,61.2,57,6.93,6.88,4.23,6015
16574,0.28,Ideal,G,VS2,62.1,56,4.19,4.23,2.61,508
16575,0.34,Ideal,H,VS1,62.3,55,4.48,4.45,2.78,765
16576,0.84,Very Good,H,SI1,61.2,57,6.1,6.12,3.74,2847
16579,0.34,Premium,G,SI2,62.8,59,4.47,4.45,2.8,574
16582,1.06,Ideal,G,VS1,61.7,55,6.53,6.56,4.04,8093
16585,0.31,Very Good,E,VS2,61.8,59,4.3,4.37,2.68,680
16586,0.31,Ideal,G,VVS1,61.9,55,4.38,4.41,2.72,789
16593,0.37,Ideal,E,VS1,61.2,56,4.64,4.67,2.85,876
16594,0.91,Ideal,F,VS2,62.8,57,6.18,6.2,3.89,5214
16595,1.25,Very Good,G,VVS1,60.2,58,6.97,7.04,4.22,11589
16599,0.73,Very Good,I,VVS1,61.9,57,5.75,5.79,3.57,2623
16600,2.05,Ideal,J,VS1,61.4,59,8.16,8.13,5,16793
16605,1.5,Very Good,I,SI2,63.2,52,7.28,7.24,4.59,6115
16607,1.16,Ideal,D,VS1,61.2,58,6.73,6.76,4.13,10241
16608,1.32,Good,E,SI1,63.7,56,6.96,6.88,4.41,6830
16609,0.72,Very Good,F,VS2,62.5,58,5.71,5.75,3.58,2832
16611,0.51,Ideal,D,SI2,61.9,56,5.15,5.1,3.17,1359
16612,0.23,Very Good,E,VVS1,60,59,3.97,4.03,2.4,530
16617,0.37,Premium,F,SI1,61.6,59,4.67,4.62,2.86,791
16624,0.63,Ideal,F,VVS2,61.2,56,5.53,5.55,3.39,3351
16626,0.5,Good,H,VVS2,61.9,64.3,5.01,5.03,3.11,1362
16627,0.42,Ideal,G,VS2,60.8,57,4.82,4.85,2.94,847
16629,0.42,Premium,D,VVS2,62.8,59,4.76,4.73,2.98,1241
16630,2.31,Premium,J,VS1,62.3,61,8.55,8.43,5.29,17451
16633,0.23,Ideal,F,VVS1,62.4,55,3.94,3.95,2.46,505
16636,1.2,Premium,H,VS2,61.4,59,6.79,6.75,4.16,6333
16637,1.14,Ideal,F,VS1,61.1,55,6.74,6.78,4.13,8953
16640,0.71,Very Good,E,VS2,60.7,56,5.81,5.82,3.53,2795
16644,1.16,Ideal,F,VVS2,60.5,58,6.77,6.85,4.12,10850
16649,0.9,Ideal,F,SI1,60.7,57,6.21,6.25,3.78,4401
16654,0.54,Ideal,F,VVS2,61.9,56,5.2,5.23,3.23,2168
16655,1.55,Very Good,H,SI1,63.2,57,7.35,7.31,4.64,7066
16656,1.02,Very Good,H,SI2,63.5,58,6.34,6.38,4.04,4004
16658,1.18,Ideal,G,VS1,61.9,56,6.81,6.76,4.2,8556
16660,1.23,Good,J,SI1,63.1,57.6,6.74,6.8,4.27,4870
16663,0.4,Premium,F,VS1,62.5,57,4.72,4.69,2.94,1050
16664,0.32,Very Good,E,VS2,62.8,54,4.35,4.38,2.74,702
16667,0.25,Ideal,F,VS1,62.1,57,4.01,4.04,2.5,595
16668,2.08,Very Good,H,SI2,59,59,8.37,8.41,4.95,15696
16671,0.79,Ideal,G,SI1,61.1,57,5.98,5.93,3.64,2898
16673,0.78,Ideal,I,VS2,61.2,58,5.88,5.92,3.61,2652
16680,1.01,Good,E,SI1,64.1,59,6.31,6.35,4.06,4399
16681,0.5,Ideal,D,VS1,61.9,55,5.09,5.12,3.16,1937
16686,0.5,Ideal,E,VS1,62.3,55,5.12,5.09,3.18,1724
16689,0.74,Very Good,H,SI2,63.1,55,5.72,5.78,3.63,2138
16695,0.3,Ideal,G,VS1,61.4,55,4.36,4.31,2.66,776
16696,0.35,Very Good,G,VS2,60.2,60,4.54,4.6,2.75,658
16700,0.5,Ideal,G,VVS2,61.2,56,5.13,5.1,3.13,1935
16701,0.46,Ideal,E,VS1,62.2,54,4.9,4.94,3.06,1393
16702,1.9,Premium,G,SI2,63,58,7.93,7.86,4.97,13919
16707,0.31,Ideal,F,VS2,61.8,56,4.37,4.33,2.69,802
16708,1.02,Ideal,I,SI2,60.7,57,6.54,6.57,3.98,3786
16709,0.79,Premium,H,SI2,62.8,57,5.91,5.88,3.7,2370
16716,0.41,Ideal,D,SI1,60.3,57,4.82,4.86,2.92,791
16717,1.2,Ideal,I,VS1,62.1,57,6.84,6.8,4.23,6324
16718,0.3,Ideal,G,VS1,60.9,57,4.34,4.36,2.65,624
16719,0.52,Ideal,D,SI1,62.4,57,5.14,5.18,3.22,1600
16720,0.35,Very Good,H,SI1,63.2,57,4.51,4.48,2.84,647
16721,0.38,Ideal,F,SI1,61.8,55,4.66,4.69,2.89,640
16725,1,Premium,F,SI1,61.6,60,6.31,6.41,3.9,5197
16727,0.33,Ideal,D,VS2,62.1,54,4.46,4.43,2.76,1002
16729,1.56,Very Good,J,SI2,61.4,58,7.4,7.45,4.56,6662
16730,2.01,Good,E,SI2,63.1,58,7.89,8.01,5.02,15255
16734,0.7,Very Good,E,VVS2,61.5,58,5.67,5.71,3.5,3429
16735,0.5,Very Good,F,VS1,59.9,61,5.13,5.16,3.08,1550
16736,0.56,Ideal,H,VVS1,61.7,55,5.3,5.33,3.28,1941
16737,1.01,Premium,I,SI1,62.7,60,6.36,6.27,3.96,2885
16738,1.25,Premium,I,SI2,60.1,60,6.99,6.95,4.19,4340
16739,0.41,Good,I,SI1,63.8,57,4.67,4.7,2.99,611
16740,1.51,Premium,G,VS2,59.2,61,7.48,7.44,4.42,12229
16742,0.41,Very Good,G,VS2,59.9,59,4.82,4.86,2.9,827
16743,0.77,Ideal,D,VS2,61.8,56,5.84,5.9,3.63,3721
16744,0.9,Very Good,J,VS1,60.4,58,6.22,6.27,3.77,3358
16746,1.01,Premium,D,VS2,59.2,56,6.48,6.43,3.82,6108
16747,0.74,Ideal,G,SI2,61.7,56,5.8,5.87,3.6,2690
16749,0.39,Ideal,E,VS2,61.4,55,4.76,4.81,2.94,734
16750,1.2,Very Good,J,SI1,61.3,59,6.83,6.9,4.21,4891
16751,0.51,Ideal,F,VS1,62.5,55,5.13,5.08,3.19,1836
16756,0.62,Premium,E,VVS1,61.9,59,5.62,5.5,3.44,3073
16758,0.75,Ideal,F,VS2,62.1,57,5.8,5.82,3.61,3081
16759,0.7,Very Good,F,SI1,61.7,61,5.67,5.7,3.51,2230
16764,0.72,Good,F,SI2,63.8,59,5.64,5.58,3.58,1609
16767,0.5,Ideal,F,VS2,62,56,5.07,5.11,3.15,1581
16768,0.57,Very Good,G,SI1,60.4,58,5.37,5.42,3.26,1273
16769,1,Very Good,J,SI2,62.8,54,6.35,6.43,4.01,3991
16774,0.5,Ideal,D,VS1,63,57,5.06,5,3.17,1571
16778,0.83,Premium,D,SI1,61.3,58,6.03,6,3.69,2990
16787,0.81,Ideal,F,SI2,62.9,57,5.97,5.93,3.74,2726
16788,0.31,Good,E,VS1,59,63,4.44,4.47,2.63,600
16789,0.71,Premium,H,SI1,62.9,58,5.66,5.62,3.55,2364
16790,0.38,Ideal,H,SI1,61.2,56,4.7,4.74,2.89,697
16792,1.5,Good,F,I1,60.6,62,7.22,7.24,4.38,5313
16796,0.4,Very Good,D,VS1,59.4,60,4.77,4.83,2.85,952
16801,1.2,Very Good,G,SI2,62,60,6.78,6.76,4.2,5698
16803,0.3,Very Good,H,VVS1,62.6,56,4.25,4.28,2.67,638
16804,1.03,Ideal,H,VS1,61.5,57,6.49,6.45,3.98,4874
16806,0.7,Ideal,F,VVS1,61.7,56,5.68,5.73,3.52,4951
16807,0.7,Ideal,G,SI1,62.2,56,5.72,5.69,3.55,2352
16808,0.55,Premium,G,VS2,59.6,59,5.36,5.32,3.18,1556
16811,0.74,Very Good,E,SI2,59.9,59,5.93,5.95,3.56,2638
16816,0.82,Premium,I,VS2,62.2,59,6.03,5.97,3.73,2716
16817,1.05,Ideal,G,VS2,60.8,57,6.65,6.58,4.02,6604
16820,1.05,Premium,J,VS2,59.4,62,6.66,6.58,3.93,3593
16822,1.01,Premium,G,SI1,61,58,6.53,6.49,3.97,4808
16826,0.32,Ideal,H,VS1,61,56,4.43,4.45,2.71,580
16827,0.37,Premium,E,VVS2,59.7,61,4.71,4.67,2.8,1082
16829,1.01,Very Good,F,VVS1,61.4,58,6.39,6.44,3.94,9810
16838,0.42,Ideal,I,VVS2,61.2,57,4.83,4.87,2.97,1299
16840,2,Premium,J,VS2,60.8,62,8.12,8.09,4.93,13162
16842,2.1,Very Good,J,SI2,62,62,8.17,8.23,5.08,12196
16846,0.35,Very Good,D,SI1,60.1,61,4.56,4.59,2.75,644
16847,1.19,Ideal,F,VVS2,61.7,56,6.82,6.85,4.22,10436
16856,0.31,Ideal,E,IF,62.5,56,4.34,4.37,2.72,1214
16857,0.51,Good,G,VS2,63.9,56,5.07,5.1,3.25,1343
16858,0.75,Premium,D,SI1,62.8,60,5.78,5.74,3.62,2903
16859,0.35,Premium,D,SI1,61,60,4.58,4.54,2.78,827
16862,1.21,Ideal,H,VS2,62.6,54.8,6.78,6.84,4.26,7426
16864,1.29,Premium,H,VS2,62.4,57,6.98,6.92,4.34,6987
16867,1.02,Very Good,D,SI2,62.7,59,6.36,6.44,4.01,4712
16870,0.3,Ideal,E,VVS2,60.8,57,4.33,4.35,2.64,742
16871,1.5,Ideal,I,SI1,,55,7.35,7.31,4.57,8736
16873,1.51,Good,J,SI1,64.1,61,7.16,7.19,4.6,6394
16874,1.1,Ideal,G,VS1,61.5,57,6.65,6.62,4.08,7111
16875,1.51,Premium,G,SI2,62.7,57,7.33,7.29,4.58,7145
16876,1.2,Very Good,I,SI1,63.2,58,6.71,6.75,4.25,5257
16877,0.73,Ideal,D,SI2,62.4,56,5.77,5.74,3.59,2707
16878,0.32,Ideal,G,VS1,60.5,56,4.44,4.42,2.68,828
16880,0.34,Ideal,H,VS1,62.4,55,4.48,4.5,2.8,615
16886,2,Premium,I,VS2,58.6,62,8.2,8.17,4.8,16068
16887,0.71,Very Good,G,SI1,62.7,58,5.7,5.72,3.58,2274
16888,0.78,Very Good,D,VS2,63,58,5.8,5.86,3.67,3534
16889,0.34,Ideal,D,IF,59.8,57,4.57,4.59,2.74,2287
16895,1.35,Premium,J,SI1,60.9,59,7.07,7.12,4.32,5546
16896,0.79,Ideal,G,SI1,62.3,57,5.9,5.85,3.66,2898
16898,0.9,Ideal,E,VS2,62.3,57,6.16,6.19,3.85,6018
16899,0.9,Very Good,D,VS1,58.9,59,6.22,6.31,3.69,5195
16902,0.31,Good,H,VS2,63.8,56,4.33,4.29,2.75,586
16905,1,Very Good,I,SI1,59.3,63,6.52,6.47,3.85,3360
16906,0.3,Premium,E,VS1,61.4,59,4.32,4.28,2.64,814
16911,0.5,Fair,D,SI1,65.7,56,5.01,4.97,3.28,1323
16917,0.31,Fair,G,VS1,64.6,55,4.31,4.26,2.77,695
16923,0.32,Ideal,D,VVS1,61.9,56,4.36,4.39,2.71,1067
16925,0.74,Very Good,H,SI2,62.1,58,5.82,5.78,3.6,2222
16929,1.5,Premium,G,SI2,61.7,55,7.39,7.32,4.54,5460
16930,0.53,Very Good,E,IF,59.8,60,5.28,5.35,3.18,2542
16932,1.51,Very Good,I,VS1,61.1,61,7.32,7.37,4.49,10215
16935,1.04,Ideal,D,IF,61.8,57,6.49,6.52,4.02,14494
16937,0.23,Very Good,D,VVS2,59.6,61,3.99,4.03,2.39,499
16938,0.51,Very Good,J,SI1,61.7,56,5.14,5.17,3.18,872
16939,0.71,Premium,G,VS2,60.4,61,5.81,5.77,3.5,2515
16945,0.23,Very Good,D,VS1,61.8,57,3.9,3.93,2.42,357
16946,0.29,Very Good,F,VVS2,63.1,57,4.22,4.3,2.69,664
16948,0.7,Good,I,SI2,63.4,59,5.66,5.57,3.56,1699
16950,1.66,Ideal,I,VS1,61,55,7.67,7.64,4.67,10691
16952,0.3,Ideal,G,VVS1,61.7,54,4.32,4.34,2.67,764
16953,1.5,Good,E,SI2,63.5,59,7.25,7.28,4.61,9281
16955,1.01,Fair,E,SI1,69.5,55,6,5.94,4.15,4853
16956,0.7,Ideal,F,VS1,62.4,56,5.67,5.65,3.53,3199
16957,1.05,Very Good,H,SI1,63.2,59,6.39,6.46,4.06,5072
16960,1.01,Very Good,F,VS2,61,59,6.39,6.46,3.92,5560
16962,0.9,Very Good,I,VS2,58.4,62,6.29,6.35,3.69,3334
16964,0.7,Fair,F,VS2,66.4,53,5.51,5.49,3.65,2516
16966,1.01,Premium,G,SI1,62.6,60,6.36,6.29,3.96,5006
16967,1.01,Ideal,G,VS2,59.8,61,6.51,6.54,3.9,6132
16968,0.4,Good,G,SI2,63.1,59,4.65,4.7,2.95,596
16971,0.34,Ideal,F,VS2,61.5,55,4.53,4.57,2.8,726
16972,0.42,Premium,G,VS1,62.4,59,4.8,4.78,2.99,984
16975,0.36,Ideal,G,SI2,61.8,56,4.58,4.61,2.84,565
16978,0.56,Ideal,D,VS2,60.9,56,5.32,5.35,3.25,1963
16983,1,Very Good,F,SI2,61.6,62,6.3,6.37,3.9,4255
16984,0.58,Ideal,D,SI2,61.2,57,5.38,5.41,3.3,1436
16986,0.9,Fair,G,VS2,65.8,61,5.99,5.96,3.93,4309
16989,0.41,Premium,H,VVS1,60.4,58,4.79,4.85,2.91,1043
16991,1.17,Ideal,G,SI2,61.1,56,6.8,6.86,4.17,4725
16992,0.9,Good,H,VVS1,64.3,59,6.04,6.09,3.9,4381
16997,1.01,Premium,G,SI1,63,58,6.35,6.29,3.98,4525
16998,0.32,Ideal,G,VS1,60.7,56,4.43,4.46,2.7,602
17000,1.16,Very Good,F,SI1,63.4,55,6.73,6.65,4.24,6301
17004,0.7,Good,D,SI2,58.5,65,5.79,5.76,3.38,2310
17005,1.02,Premium,G,VS2,62.5,58,6.46,6.41,4.02,6416
17008,1.01,Ideal,F,VS2,61.6,56,6.48,6.45,3.98,7229
17009,0.31,Ideal,F,IF,62.3,53,4.35,4.38,2.72,914
17011,1.06,Ideal,I,SI1,61.2,56,6.64,6.6,4.05,4630
17013,0.83,Ideal,G,VS1,62.1,57,5.99,6.03,3.73,4181
17018,0.73,Good,E,VS1,63.7,59,5.67,5.69,3.62,3146
17019,0.23,Very Good,F,VVS2,59.6,57,3.98,4,2.38,530
17021,0.4,Ideal,H,VS2,,55,4.73,4.75,2.93,725
17024,0.91,Ideal,G,SI1,61.9,56,6.22,6.18,3.84,4731
17025,1.01,Good,I,SI2,61.8,62,6.28,6.35,3.9,3399
17031,0.76,Ideal,F,VS2,61,55,5.92,5.89,3.6,3201
17036,0.7,Ideal,E,SI2,61,56,5.78,5.72,3.51,2376
17041,1.07,Premium,G,VS2,59.8,58,6.67,6.63,3.98,5177
17042,0.53,Ideal,D,VS2,61.4,55,5.21,5.24,3.21,1585
17043,0.82,Good,G,SI2,59.9,62,6.02,6.04,3.61,2893
17045,0.41,Good,F,SI1,63.7,58,4.74,4.71,3.01,904
17046,0.24,Very Good,E,SI1,59.9,58,4.06,4.1,2.44,571
17049,0.91,Good,F,SI1,64,57,6.17,6.08,3.92,3363
17050,0.53,Premium,G,VS2,62,58,5.21,5.18,3.22,1607
17053,0.71,Premium,F,VS1,62.1,53,5.77,5.7,3.56,2961
17054,0.51,Very Good,D,SI1,60,58,5.19,5.24,3.13,1380
17055,0.99,Fair,I,SI2,68.1,56,6.21,6.06,4.18,2811
17057,0.4,Ideal,I,VVS2,62,56,4.74,4.77,2.95,807
17062,0.31,Ideal,G,VS2,61.4,57,4.45,4.35,2.7,698
17064,1.01,Very Good,E,SI2,63.3,58,6.4,6.31,4.02,3674
17065,0.26,Very Good,I,VVS2,62.7,55,4.09,4.12,2.57,427
17068,0.71,Very Good,E,VS1,61.6,59,5.65,5.72,3.5,3464
17074,0.5,Ideal,D,SI2,61.6,57,5.1,5.13,3.15,1239
17075,1.02,Very Good,D,SI1,62.7,57,6.42,6.5,4.05,5839
17083,0.32,Ideal,E,VS2,61.3,55,4.41,4.43,2.71,846
17085,0.53,Ideal,D,VS1,61.6,56,5.23,5.19,3.21,2340
17086,1.21,Very Good,E,VS1,60,58,6.89,6.97,4.16,10430
17091,0.71,Premium,D,SI1,60.9,59,5.72,5.71,3.48,2743
17094,0.96,Premium,E,SI2,62.8,60,6.3,6.24,3.94,3016
17095,0.34,Premium,G,SI2,62.8,58,4.46,4.43,2.79,574
17097,0.7,Very Good,E,SI1,61.7,62,5.64,5.68,3.49,2569
17098,0.5,Ideal,E,VS2,61,56,5.17,5.12,3.14,1629
17099,0.3,Ideal,G,VS1,61.5,56,4.34,4.28,2.65,776
17106,2.26,Very Good,H,SI2,63.2,58,8.38,8.26,5.26,13095
17117,0.3,Ideal,E,IF,62.6,53,4.29,4.33,2.7,943
17120,1.33,Premium,E,VS1,60.5,58,7.15,7.1,4.31,12342
17121,1.24,Premium,H,SI2,62.3,58,6.84,6.8,4.25,4444
17122,2.23,Premium,J,SI2,61.3,60,8.4,8.35,5.13,13931
17125,1.38,Ideal,J,SI2,61,56,7.22,7.26,4.42,5765
17129,0.9,Very Good,D,SI2,60.3,63,6.12,6.22,3.72,3534
17133,1.51,Ideal,F,VS2,61.7,57,7.37,7.31,4.53,13325
17135,0.7,Very Good,I,SI1,59.4,62,5.77,5.82,3.44,2058
17137,0.3,Good,D,VS2,63.1,58,4.26,4.3,2.7,568
17139,0.41,Ideal,E,SI1,62.5,55,4.73,4.77,2.97,755
17150,0.39,Ideal,E,VS2,61.4,56,4.68,4.74,2.89,796
17152,0.4,Very Good,F,VS1,63.1,56,4.68,4.7,2.96,895
17155,0.23,Very Good,F,VVS2,60,57,4,4.04,2.41,530
17156,1.23,Premium,G,VS1,61.3,58,6.87,6.89,4.22,8759
17157,0.9,Good,H,SI2,62.7,64,6.09,6,3.79,2883
17164,0.56,Ideal,I,VVS1,61.1,55,5.35,5.33,3.26,1743
17165,0.91,Good,E,I1,57.7,63,6.3,6.35,3.65,2225
17166,0.51,Ideal,G,SI2,62,56,5.13,5.16,3.19,1188
17167,0.51,Good,E,SI1,64.3,54,5.1,5.07,3.27,1624
17168,1.5,Good,E,VS2,63.9,58,7.2,7.24,4.61,13899
17169,0.3,Ideal,F,IF,61.1,58,4.32,4.36,2.65,886
17170,1.13,Very Good,F,VS1,61.6,58,6.61,6.68,4.09,7092
17172,1.45,Fair,F,I1,64.8,67,7.16,7,4.64,4320
17174,1,Good,E,SI2,63.3,55,6.25,6.29,3.97,4312
17176,1.13,Very Good,H,SI1,60.1,60,6.73,6.77,4.06,4959
17177,1.2,Very Good,H,VS1,62,57,6.77,6.81,4.21,6177
17179,0.39,Premium,F,SI1,60.1,59,4.77,4.74,2.86,823
17183,0.32,Very Good,G,VVS1,60.9,57,4.41,4.44,2.69,676
17185,1.17,Ideal,G,VS1,59.4,57,6.93,6.87,4.1,7155
17190,1.02,Ideal,E,VS2,62.7,56,6.38,6.44,4.02,6732
17194,1.14,Premium,G,SI2,62.8,58,6.68,6.64,4.18,4233
17197,1.31,Premium,H,SI2,61.4,60,7.04,7,4.31,6236
17199,1.57,Premium,I,SI2,62.4,58,7.41,7.37,4.61,7976
17203,0.7,Good,G,SI2,59.4,61,5.77,5.81,3.44,1948
17205,0.31,Ideal,G,VS2,62.4,55,4.32,4.3,2.69,698
17206,1.51,Ideal,G,VS1,61.9,57,7.37,7.34,4.55,14674
17209,0.31,Ideal,G,SI1,61.8,55,4.38,4.42,2.72,493
17210,1.52,Very Good,I,SI1,62.7,59,7.26,7.34,4.58,7506
17211,0.7,Ideal,F,SI2,62.1,57,5.65,5.69,3.52,2398
17216,0.91,Very Good,D,SI1,62.1,59,6.1,6.18,3.81,4466
17217,0.31,Ideal,I,VS2,62,54,4.37,4.4,2.72,452
17226,0.59,Ideal,E,SI1,62.2,55,5.39,5.42,3.36,1561
17227,0.46,Premium,E,VS2,61.5,60,4.95,4.91,3.03,1173
17228,0.72,Premium,F,SI1,59.3,60,5.91,5.86,3.49,2030
17231,1.22,Very Good,G,VS2,62.3,58,6.79,6.82,4.24,8340
17233,0.56,Ideal,E,VS2,61.5,57,5.3,5.27,3.25,1915
17235,0.82,Ideal,G,VS1,61.9,54,5.99,6.03,3.72,3880
17236,0.3,Premium,F,VS2,61.6,58,4.31,4.29,2.65,776
17238,0.85,Ideal,E,VS1,63,57,6.08,5.99,3.8,4189
17242,0.8,Good,G,SI2,63.7,58,5.88,5.83,3.73,2484
17243,0.32,Ideal,G,VS1,62.1,55,4.4,4.42,2.74,645
17245,0.56,Ideal,E,VS1,61.3,55,5.32,5.29,3.25,2032
17248,1,Good,F,SI1,63.7,58,6.29,6.34,4.02,4158
17253,1,Ideal,F,SI2,62.4,57,6.37,6.42,3.99,5798
17255,1.32,Ideal,G,VVS2,62.3,57,6.96,7.04,4.36,11419
17262,1.01,Ideal,G,VVS2,62.5,56,6.38,6.41,4,7941
17263,1,Premium,F,VS2,62.6,60,6.29,6.37,3.96,6352
17264,2.01,Premium,I,VS2,61.1,60,8.06,8.12,4.94,17433
17266,1.47,Very Good,H,SI2,62.6,58,7.17,7.24,4.51,7438
17272,0.59,Ideal,E,SI1,62,57,5.36,5.39,3.33,1607
17279,1.02,Very Good,H,VS1,62.8,59,6.34,6.47,4.02,5598
17281,0.36,Ideal,G,VVS2,62.3,56,4.56,4.53,2.83,1053
17282,0.3,Premium,E,VS2,59.1,58,4.39,4.37,2.59,844
17283,0.9,Premium,F,SI1,62,55,6.2,6.16,3.83,4183
17291,0.91,Fair,I,SI2,65,58,6.05,6.02,3.92,2129
17294,0.4,Good,H,SI1,60.2,63,4.7,4.73,2.84,681
17297,0.7,Fair,F,VS1,67.8,60,5.5,5.39,3.69,2381
17301,1,Premium,D,VS2,60.8,61,6.41,6.39,3.89,6776
17303,1.02,Very Good,I,VS2,59.3,59,6.56,6.6,3.9,4532
17304,0.3,Ideal,E,VVS1,61.4,56,4.37,4.33,2.67,956
17306,0.31,Ideal,H,VS1,62.2,57,4.37,4.34,2.71,698
17311,0.53,Premium,G,VS2,62.4,59,5.16,5.13,3.21,1607
17314,0.82,Good,J,SI1,57.5,62,6.25,6.2,3.58,2140
17317,1.29,Premium,I,VS2,,58,7.12,7.03,4.27,6321
17318,0.32,Premium,G,VS2,58.4,57,4.53,4.51,2.64,672
17320,0.7,Very Good,I,VS2,60.1,57,5.79,5.82,3.49,2316
17321,1.6,Premium,D,SI2,61.9,58,7.54,7.49,4.65,10064
17322,0.38,Ideal,D,VVS2,61.3,56,4.63,4.73,2.87,1200
17323,0.34,Ideal,E,SI2,61.3,55,4.49,4.52,2.76,454
17325,0.3,Ideal,G,SI1,62.2,55,4.27,4.32,2.67,422
17327,0.54,Very Good,E,SI2,63.4,56,5.18,5.14,3.27,1250
17328,1.15,Ideal,H,VS1,62.7,57,6.68,6.64,4.17,7123
17331,0.3,Ideal,H,VS2,61.4,56,4.33,4.36,2.67,626
17333,1.54,Premium,E,SI2,59,62,7.59,7.56,4.47,8020
17336,2.54,Very Good,I,SI2,62.4,60,8.58,8.73,5.4,17996
17341,0.7,Premium,F,VVS2,62.6,59,5.66,5.62,3.53,3136
17342,0.51,Ideal,G,VS1,61.4,54,5.15,5.18,3.17,1599
17350,0.35,Ideal,E,VVS1,60.7,57,4.53,4.57,2.76,1044
17352,0.4,Ideal,J,SI1,61.6,56,4.72,4.77,2.93,612
17354,0.3,Ideal,F,VS1,62.5,57,4.26,4.28,2.67,621
17355,2.2,Premium,H,SI2,62.7,58,8.33,8.27,5.2,17634
17356,0.79,Very Good,F,SI1,58.5,61,6.03,6.08,3.54,3073
17359,0.52,Ideal,G,VS2,62,55,5.16,5.19,3.21,2255
17362,1.51,Premium,F,SI1,62.2,59,7.34,7.3,4.55,11607
17364,0.59,Premium,D,SI1,62.8,57,5.38,5.32,3.36,1835
17367,0.31,Ideal,F,VVS1,62,54,4.34,4.37,2.7,840
17370,0.71,Ideal,I,SI1,62.5,57,5.69,5.74,3.57,2218
17371,0.72,Ideal,G,VVS1,61.7,54.8,5.73,5.77,3.55,3548
17374,0.31,Good,D,SI2,63.7,55,4.35,4.32,2.76,593
17376,0.37,Premium,E,VVS2,60.9,59,4.61,4.65,2.82,844
17377,0.51,Ideal,H,VVS1,61.4,55,5.13,5.16,3.16,1776
17381,0.78,Premium,F,SI2,62.8,56,5.9,5.86,3.69,2200
17382,0.43,Very Good,G,VS1,60.9,57,4.88,4.91,2.98,943
17385,1,Fair,G,SI2,64.6,67,6.25,6.19,4.02,3142
17386,0.41,Ideal,J,VS2,62.2,54,4.76,4.79,2.97,613
17389,0.65,Very Good,G,SI1,62,58,5.5,5.58,3.43,1828
17392,0.34,Good,D,VVS1,57.4,62,4.67,4.71,2.69,957
17393,1.01,Good,G,VS1,58.7,62,6.49,6.55,3.83,6247
17396,1.1,Very Good,I,SI1,61.2,61,6.61,6.66,4.01,4640
17400,1.51,Premium,F,VS2,62,62,7.35,7.23,4.52,13771
17403,0.32,Premium,E,VS1,62,58,4.35,4.29,2.68,1008
17404,1.03,Ideal,I,VS1,61.3,53,6.54,6.57,4.01,5181
17408,0.3,Premium,G,SI2,62.3,59,4.29,4.25,2.66,506
17409,1.09,Premium,H,VS2,61.2,58,6.63,6.58,4.03,5005
17415,1.5,Premium,F,VS2,61.1,58,7.36,7.33,4.49,14199
17416,1.01,Good,G,VS2,63.6,60,6.35,6.3,4.02,5701
17417,0.7,Good,F,SI1,62.8,58,5.6,5.65,3.53,2470
17418,0.4,Very Good,E,VS1,62.6,56,4.67,4.72,2.94,1053
17420,0.3,Premium,G,SI1,62.6,57,4.34,4.25,2.69,574
17421,0.51,Good,E,SI1,63.9,56,5.11,5.07,3.25,1443
17427,0.25,Very Good,E,VVS2,,61,4.03,4.06,2.47,533
17429,1.26,Ideal,E,SI2,61,57,7.03,6.97,4.27,6477
17432,0.7,Ideal,E,SI2,62,58,5.66,5.7,3.52,2332
17435,0.5,Very Good,G,SI1,63.3,59,4.99,5.02,3.17,1187
17437,0.34,Ideal,G,VVS2,62.6,54,4.44,4.47,2.79,775
17439,0.51,Premium,F,VS1,61.4,58,5.15,5.18,3.17,1744
17440,1.31,Premium,I,SI1,63,57,6.96,6.91,4.37,5869
17443,0.6,Premium,D,VS2,60.9,61,5.43,5.4,3.3,1808
17444,0.38,Very Good,E,VVS2,61.8,56,4.66,4.68,2.88,1000
17446,2.48,Ideal,I,SI2,62.3,57,8.64,8.58,5.36,12883
17447,1.22,Very Good,H,I1,61.6,56,6.8,6.87,4.21,3663
17448,1.01,Premium,H,SI1,62.1,60,6.43,6.39,3.98,4439
17450,0.55,Ideal,F,VS2,61.4,57,5.26,5.3,3.24,2026
17452,0.62,Very Good,H,VS2,61.7,63,5.48,5.42,3.36,1709
17453,0.9,Good,G,SI1,63.8,59,6.05,6.08,3.87,3734
17458,0.78,Premium,E,VS2,62.6,57,5.91,5.85,3.68,2970
17460,0.9,Very Good,G,SI2,61.1,55,6.21,6.26,3.81,3445
17465,0.53,Ideal,E,VS2,62.7,54,5.15,5.18,3.24,1721
17468,1.34,Premium,G,VS2,61,60,7.13,7.07,4.33,7780
17471,2.3,Ideal,H,SI2,62.6,57,8.4,8.35,5.25,14215
17475,0.38,Ideal,F,VVS2,61.7,55.4,4.66,4.68,2.88,1010
17476,0.53,Good,F,VS1,61.8,62.8,5.13,5.16,3.18,1624
17478,0.58,Ideal,F,VS1,61.9,54,5.33,5.37,3.31,1772
17480,0.9,Very Good,G,SI1,63,57,6.13,6.19,3.88,3681
17481,2,Very Good,I,SI1,58.5,58,8.24,8.28,4.83,15249
17482,0.36,Ideal,H,SI1,62.3,57,4.54,4.58,2.84,505
17484,0.31,Ideal,F,VS2,62,56,4.35,4.39,2.71,625
17486,1.2,Premium,I,VS2,62.6,61,6.76,6.68,4.21,5645
17489,0.53,Premium,D,VS2,61.5,58,5.24,5.2,3.21,1956
17490,0.79,Very Good,D,VS1,62.4,60,5.86,5.88,3.66,4213
17492,0.23,Very Good,E,VS1,60.4,62,3.93,3.99,2.39,378
17493,1.21,Very Good,H,VS2,62.9,55,6.75,6.8,4.26,7426
17494,1.01,Premium,G,SI1,59.2,59,6.58,6.52,3.88,4338
17496,0.93,Fair,H,SI1,64.6,58,6.13,6.07,3.94,3750
17497,0.31,Premium,G,VVS1,62.2,59,4.3,4.32,2.68,816
17501,0.28,Ideal,E,VS1,62,57,4.17,4.2,2.59,598
17502,0.3,Very Good,H,SI1,62.6,58,4.22,4.28,2.66,421
17503,0.33,Premium,H,VS2,61.4,58,4.49,4.44,2.74,668
17508,0.63,Fair,E,SI1,64.6,57.7,5.36,5.41,3.47,1952
17513,1.51,Premium,H,VS2,61.2,59,7.4,7.38,4.52,7534
17514,0.5,Ideal,E,VS1,62.7,57,5.04,5.11,3.18,1745
17515,0.81,Ideal,H,SI2,63,57,5.94,5.9,3.73,2313
17516,1.51,Premium,J,VVS2,62.6,59,7.33,7.31,4.58,8930
17518,0.74,Ideal,J,VS1,61.6,57,5.77,5.83,3.57,2154
17519,0.71,Very Good,E,SI2,62.2,58,5.68,5.74,3.55,2238
17520,1.13,Premium,E,SI2,60.4,59,6.75,6.7,4.06,5316
17521,1.5,Premium,D,SI2,62.6,59,7.2,7.23,4.52,8108
17525,2.12,Premium,I,VS2,61.5,58,8.3,8.26,5.09,17254
17528,0.33,Ideal,G,SI1,61.3,56,4.51,4.46,2.75,631
17529,0.3,Very Good,E,VVS2,61.4,58,4.25,4.28,2.62,789
17530,1.17,Ideal,D,SI2,62.7,57,6.7,6.72,4.21,5842
17531,0.83,Very Good,I,VS2,61.6,58,6.05,6.07,3.73,2865
17534,1.04,Premium,G,VS1,62,56,6.53,6.46,4.03,6996
17536,1.01,Premium,E,SI2,,60,6.49,6.46,3.91,4878
17544,0.3,Ideal,E,SI1,62.9,57,4.3,4.25,2.69,675
17547,0.33,Ideal,G,VVS1,,56,4.47,4.5,2.74,838
17548,0.71,Ideal,E,SI2,59.3,56,5.89,5.84,3.48,2388
17550,1.21,Very Good,J,VS2,60.9,58,6.86,6.91,4.19,4816
17551,0.41,Very Good,D,SI1,63,56,4.75,4.8,3.01,717
17557,1.2,Very Good,G,SI1,61.9,58,6.74,6.79,4.19,7372
17563,1.03,Ideal,F,VS1,61.7,56,6.49,6.54,4.02,7137
17565,0.35,Very Good,G,VS1,61.7,61,4.49,4.52,2.78,706
17569,0.4,Ideal,E,VVS2,62.1,55,4.74,4.76,2.95,1158
17572,0.55,Ideal,F,VS1,62.3,53,5.28,5.31,3.3,1754
17573,0.38,Ideal,D,VS1,62.2,57,4.66,4.63,2.89,1140
17575,1.58,Very Good,F,VS2,59.9,61,7.5,7.6,4.52,14308
17576,0.3,Very Good,G,IF,63.5,55,4.28,4.26,2.71,956
17577,0.92,Good,D,SI1,63.6,57,6.09,6.14,3.89,4158
17578,0.33,Ideal,I,VVS2,62.7,54,4.42,4.45,2.78,579
17581,0.6,Very Good,H,VS2,60.8,60,5.39,5.44,3.29,1557
17583,0.44,Premium,H,VVS1,60.1,58,4.96,4.92,2.97,1196
17587,0.54,Good,G,VS2,56.9,62,5.42,5.4,3.08,1637
17588,0.23,Very Good,E,VVS1,61.8,59,3.9,3.93,2.42,530
17589,1.2,Ideal,I,VS2,63.2,59,6.73,6.68,4.24,5699
17593,0.75,Premium,E,SI1,61.1,59,5.86,5.83,3.57,2814
17595,0.41,Good,D,SI1,63.1,59,4.7,4.71,2.97,791
17596,1.01,Good,G,VS1,59.2,63,6.5,6.48,3.84,6407
17598,0.41,Premium,D,VS2,62.4,60,4.71,4.75,2.95,1007
17600,1,Premium,J,SI1,60.8,58,6.44,6.39,3.9,3780
17601,0.34,Ideal,H,VVS2,61.7,55,4.48,4.5,2.77,667
17604,1.52,Fair,H,I1,69.7,55,6.92,6.89,4.81,4648
17606,0.43,Very Good,E,SI1,62.9,56,4.8,4.83,3.03,792
17607,0.39,Very Good,F,VS2,60.1,56,4.77,4.82,2.88,832
17610,0.31,Ideal,D,VS2,62.2,56,4.32,4.36,2.7,734
17613,1,Good,G,VVS2,62.4,61,6.32,6.3,3.94,6748
17614,0.32,Ideal,G,VVS1,62.4,56,4.36,4.39,2.73,842
17616,0.27,Ideal,G,IF,61,56,4.17,4.19,2.55,672
17620,0.6,Very Good,H,SI1,60.4,63,5.45,5.41,3.28,1378
17625,1.1,Ideal,H,SI2,62,56.5,6.58,6.63,4.09,5002
17628,1.01,Ideal,G,VS2,63,57,6.42,6.35,4.02,6027
17629,1.71,Good,G,SI2,63.7,57,7.54,7.5,4.79,6847
17631,1.01,Premium,E,VS1,61.2,61,6.41,6.33,3.9,6670
17634,1.02,Very Good,F,VS2,62.8,57,6.36,6.41,4.01,6911
17635,0.5,Very Good,D,SI1,63.4,56,5.01,5.06,3.19,1354
17637,0.3,Ideal,E,VS1,60,56,4.39,4.41,2.64,663
17638,0.34,Premium,D,SI2,60.6,60,4.53,4.48,2.73,650
17639,1.71,Very Good,F,VS1,61.9,61,7.61,7.67,4.73,17685
17642,1.01,Good,H,SI1,60.3,64,6.53,6.5,3.93,4642
17648,2.32,Fair,H,I1,70.5,55,7.93,7.9,5.58,6860
17649,0.24,Very Good,F,VS1,62,56,3.94,3.99,2.46,417
17652,0.31,Premium,G,VVS2,62.9,58,4.3,4.28,2.7,907
17653,0.72,Very Good,F,VS2,61.6,58,5.75,5.78,3.55,3238
17656,0.32,Premium,H,VS2,62.7,58,4.35,4.33,2.72,605
17657,0.7,Very Good,G,SI1,61.9,56,5.68,5.73,3.53,2042
17658,0.35,Premium,G,VS1,61.5,58,4.54,4.5,2.78,906
17659,0.5,Very Good,D,VS2,62.8,56,5.04,5.08,3.18,1752
17660,0.52,Very Good,F,VS2,60,61.5,5.19,5.23,3.13,1680
17662,0.9,Very Good,D,SI1,62.8,59,6.06,6.1,3.82,4068
17665,0.8,Good,F,VS2,63.2,55,5.88,5.9,3.72,3429
17666,0.31,Premium,D,SI1,61.1,57,4.36,4.35,2.66,732
17668,0.61,Ideal,F,VS2,62.4,55,5.42,5.45,3.39,2002
17670,1.01,Premium,G,SI1,62.5,60,6.39,6.34,3.98,4672
17671,0.37,Ideal,G,VVS1,61.4,55,4.67,4.71,2.88,936
17678,0.91,Very Good,F,VS2,62.1,58,6.19,6.24,3.86,4917
17679,0.5,Premium,E,SI2,61.7,58,5.12,5.06,3.14,1240
17681,0.79,Premium,F,SI1,62.3,54,5.97,5.91,3.7,2862
17684,0.71,Good,I,VVS2,63.6,57,5.69,5.66,3.61,2450
17685,0.61,Ideal,E,VS2,61.9,53,5.45,5.5,3.39,2248
17688,0.7,Very Good,D,SI1,62.1,56,5.65,5.69,3.52,2686
17689,0.41,Ideal,F,VS1,61.3,57,4.79,4.77,2.93,1076
17690,1.01,Good,F,VS2,63.3,55,6.32,6.39,4.02,5731
17692,0.4,Very Good,D,VS1,64.2,57,4.67,4.7,3.01,967
17696,0.7,Fair,E,VS2,,61,5.62,5.47,3.64,2352
17697,0.3,Ideal,D,VS2,61,55,4.38,4.34,2.66,778
17701,0.39,Premium,G,VS2,62.4,56,4.68,4.64,2.91,1009
17705,0.9,Good,E,SI1,63.8,61,6.05,6.08,3.87,3391
17718,0.72,Premium,F,SI1,59.9,58,5.85,5.81,3.49,2742
17722,0.45,Very Good,D,VS2,62.9,58.4,4.83,4.86,3.04,1311
17723,0.38,Ideal,E,SI1,61.4,57,4.67,4.64,2.86,838
17725,0.91,Premium,I,SI2,60.2,59,6.29,6.24,3.77,2981
17727,0.43,Very Good,G,SI1,62.9,55,4.83,4.87,3.05,754
17736,1.03,Premium,H,SI2,60.7,59,6.48,6.54,3.95,4078
17738,0.31,Ideal,F,VS2,61.9,54,4.38,4.35,2.7,802
17740,1.1,Ideal,G,VS1,61.3,57,6.59,6.66,4.06,7550
17743,0.96,Fair,H,SI2,67.6,63,5.99,5.84,4.01,2672
17746,0.7,Very Good,I,VS1,62.4,56,5.65,5.69,3.54,2398
17747,0.62,Premium,G,SI1,59.3,58,5.6,5.56,3.31,1253
17749,1.33,Ideal,I,VVS2,62.2,56,7.01,7.04,4.37,7887
17756,1.15,Ideal,G,SI1,62,55,6.72,6.76,4.18,6313
17760,0.94,Very Good,F,SI2,62.6,57,6.25,6.27,3.92,3938
17762,0.56,Ideal,G,SI2,61.9,54,5.29,5.34,3.29,1173
17763,1.29,Ideal,E,VVS2,59.8,59,7.07,7.11,4.24,13530
17764,0.71,Very Good,F,SI2,63.3,56,5.68,5.73,3.61,2036
17765,0.72,Very Good,G,SI2,62.1,59,5.66,5.73,3.54,2015
17768,0.7,Very Good,F,SI2,63.2,59,5.66,5.61,3.56,1792
17769,0.32,Very Good,F,VS2,59.6,56,4.48,4.51,2.68,642
17770,1.18,Ideal,I,VS1,62.2,55,6.8,6.77,4.22,6272
17773,0.7,Premium,G,VS1,63,60,5.64,5.57,3.53,2838
17775,0.27,Ideal,G,SI2,62.3,55,4.14,4.18,2.59,361
17777,0.3,Ideal,J,VS2,61.6,56,4.31,4.33,2.66,384
17778,1,Premium,F,SI1,60.6,62,6.43,6.4,3.89,5410
17786,1.5,Very Good,I,SI1,60.3,60,7.46,7.43,4.49,8127
17793,1.05,Ideal,H,SI2,62,57,6.54,6.5,4.04,3528
17794,0.58,Ideal,F,VVS2,61.9,56,5.35,5.38,3.32,2380
17796,0.91,Premium,G,SI1,62.2,59,6.19,6.15,3.84,3975
17798,0.41,Very Good,F,VS1,62.9,57,4.7,4.74,2.97,889
17800,0.78,Ideal,I,VS2,59.8,58,5.98,6.02,3.59,2652
17802,0.4,Ideal,F,VVS2,62.2,55,4.75,4.77,2.96,1012
17804,0.7,Ideal,G,SI1,62.4,56,5.66,5.69,3.54,2276
17807,1.2,Very Good,I,VS1,63.1,58,6.7,6.62,4.2,5322
17812,0.32,Ideal,G,VVS2,61.4,56,4.42,4.44,2.72,692
17813,1,Good,H,SI1,63.7,60,6.33,6.3,4.02,4788
17816,0.31,Ideal,E,VVS2,61.6,55,4.37,4.4,2.7,791
17820,1,Fair,F,VS1,65.3,59,6.25,6.21,4.07,6397
17821,0.3,Premium,G,VS1,59.6,59,4.34,4.38,2.6,605
17824,0.52,Very Good,E,VS1,63.4,54,5.08,5.11,3.23,1601
17825,1.5,Fair,H,SI2,64.6,59,7.2,7.11,4.62,6250
17828,1.04,Very Good,E,SI2,60.9,59,6.58,6.62,4.02,4486
17830,1.02,Premium,G,SI2,62.5,59,6.37,6.42,4,4291
17833,1.07,Ideal,F,SI1,61.5,56,6.58,6.62,4.06,7286
17834,1.05,Premium,G,IF,60.6,60,6.59,6.57,3.99,9012
17835,1.72,Very Good,D,SI2,63.4,62,7.59,7.53,4.79,12360
17838,0.71,Very Good,J,SI1,63.5,58,5.63,5.67,3.59,1917
17840,1.31,Very Good,E,VS2,63.1,56,6.95,6.9,4.37,10094
17842,0.59,Ideal,F,VVS2,62,54,5.36,5.38,3.33,2679
17844,1.01,Good,E,SI1,63.4,59,6.34,6.38,4.03,4912
17846,0.38,Ideal,F,IF,60.7,57,4.69,4.73,2.86,1212
17849,1.12,Premium,G,SI1,60.1,58,6.78,6.83,4.09,5233
17850,0.51,Premium,F,VS1,61.4,58,5.18,5.15,3.17,1836
17851,0.31,Very Good,H,VS2,62.2,59,4.34,4.38,2.71,489
17852,0.9,Very Good,E,SI1,62.9,57,6.11,6.17,3.86,3510
17853,0.72,Ideal,H,VS1,62.3,55,5.72,5.74,3.57,2949
17854,1.26,Premium,F,VS1,62,58,6.95,6.88,4.29,10669
17860,0.28,Ideal,I,VS1,61.8,55,4.2,4.25,2.61,448
17861,1.22,Ideal,H,VS1,62.3,55,6.8,6.84,4.25,7418
17871,0.9,Good,F,VS2,64.5,60,6.03,6.07,3.9,4268
17873,0.53,Ideal,F,VVS2,61.6,55,5.21,5.24,3.22,2131
17874,0.32,Ideal,E,VVS2,62,54,4.41,4.43,2.74,790
17877,1.25,Premium,G,VS1,60,61,7.03,6.92,4.23,8736
17878,0.39,Ideal,F,VVS2,61.2,56,4.7,4.75,2.89,987
17879,1,Good,F,VVS2,60.7,62,6.36,6.4,3.87,8079
17881,0.34,Ideal,D,VS2,60.8,57,4.52,4.5,2.74,1033
17889,0.7,Very Good,E,SI1,63.9,57,5.55,5.66,3.58,3173
17892,0.71,Ideal,E,VS2,62.5,56,5.7,5.75,3.58,2347
17893,0.31,Ideal,G,VVS2,62.4,54,4.37,4.38,2.73,687
17894,0.51,Very Good,E,VS1,60.4,59,5.16,5.2,3.13,1697
17897,1.01,Premium,I,SI1,60.8,61,6.47,6.43,3.92,4525
17901,1,Very Good,E,SI1,60.1,60,6.45,6.49,3.89,5865
17904,1.52,Good,J,VS2,63.1,61,7.19,7.23,4.55,6982
17905,0.27,Very Good,E,VS2,63,57,4.12,4.16,2.61,470
17907,1.01,Premium,E,SI2,61.6,56,6.45,6.4,3.96,4751
17908,0.51,Ideal,F,VS2,62.6,55,5.15,5.1,3.21,1875
17909,1.48,Very Good,H,SI1,62.5,59,7.16,7.23,4.5,8815
17911,1.25,Premium,J,VS1,62.2,58,6.92,6.88,4.29,5740
17914,1.04,Fair,E,SI2,67.5,56,6.28,6.22,4.22,4566
17915,0.9,Very Good,D,SI2,61.2,54,6.25,6.29,3.84,3975
17917,0.75,Very Good,F,VS1,57.9,62,5.96,6,3.46,3268
17918,0.5,Premium,F,SI1,59.6,60,5.15,5.12,3.06,1378
17924,0.39,Very Good,E,VS1,62.5,58,4.67,4.7,2.93,914
17925,0.35,Ideal,F,VS2,61.4,54,4.54,4.58,2.8,706
17934,1.05,Premium,E,SI2,62.3,56,6.54,6.47,4.05,4939
17935,2.25,Ideal,H,SI1,62.4,56,8.4,8.37,5.23,14348
17940,1.23,Very Good,I,SI1,60.5,58,6.9,6.94,4.19,5763
17941,2.16,Ideal,H,SI1,61.9,57,8.3,8.38,5.16,17820
17943,1,Premium,F,SI2,61.5,60,6.35,6.33,3.9,4340
17946,1.01,Premium,E,VS2,59.3,58,6.53,6.49,3.86,7240
17947,1.22,Ideal,J,VS1,61.5,55,6.86,6.87,4.22,5649
17948,0.51,Premium,G,SI2,63,61,5.08,4.99,3.17,1056
17951,0.71,Very Good,J,VS2,62.1,58,5.71,5.73,3.55,1675
17952,0.4,Good,H,VS2,63.1,62,4.75,4.66,2.97,717
17955,0.56,Very Good,G,VS1,60.2,56,5.35,5.37,3.23,1686
17956,1.52,Premium,G,VS1,61.5,58,7.39,7.31,4.52,13207
17957,0.32,Ideal,F,VS2,,55,4.45,4.4,2.67,828
17959,0.41,Premium,F,VS1,60.7,56,4.82,4.77,2.91,1076
17962,1.25,Ideal,D,VS2,62.6,56,6.84,6.87,4.29,9933
17964,0.31,Ideal,G,VVS1,,55,4.33,4.36,2.7,789
17965,1.3,Premium,F,VS2,60.4,59,7.06,7.12,4.28,9909
17967,1.51,Premium,H,VS1,62.4,60,7.34,7.27,4.56,10939
17972,0.33,Premium,G,VS2,60.8,58,4.45,4.47,2.71,579
17973,0.5,Ideal,D,SI1,61.6,55,5.13,5.1,3.15,1654
17975,0.31,Ideal,G,VVS2,61.4,56,4.38,4.35,2.68,907
17977,0.3,Very Good,D,VS1,61.2,55,4.32,4.34,2.65,610
17979,1.41,Ideal,H,SI2,,56,7.11,7.17,4.48,7324
17980,0.55,Ideal,H,SI2,61.4,55,5.27,5.29,3.24,959
17982,0.32,Ideal,G,VVS1,62.2,55,4.38,4.4,2.73,842
17983,0.95,Premium,F,SI1,62.9,59,6.24,6.13,3.89,4682
17984,0.58,Premium,E,SI1,60.7,61,5.47,5.27,3.28,1641
17985,1.03,Premium,I,SI1,58.4,60,6.6,6.58,3.85,3288
17986,0.28,Very Good,F,VVS2,59.7,59,4.26,4.28,2.55,642
17991,0.27,Ideal,F,VVS2,60,62,4.21,4.22,2.53,583
17994,0.91,Premium,E,SI1,61.9,61,6.12,6.1,3.78,4138
17996,0.51,Premium,E,SI2,61.7,58,5.14,5.07,3.15,1265
17998,0.33,Very Good,F,SI1,60.9,54,4.47,4.52,2.73,588
17999,1.01,Ideal,J,SI1,62.8,57,6.4,6.44,4.03,3926
18003,0.53,Ideal,H,SI1,62,54,5.17,5.22,3.22,1205
18005,1.34,Very Good,J,VS1,61.7,59,7.03,7.14,4.37,6237
18007,0.29,Ideal,H,IF,62.1,55,4.26,4.29,2.65,607
18009,0.5,Ideal,F,VS1,61.2,56,5.13,5.17,3.15,1695
18011,0.54,Ideal,G,SI2,60.4,59,5.24,5.29,3.18,1153
18013,0.41,Ideal,E,VVS1,61.3,55,4.8,4.76,2.93,1431
18014,0.31,Premium,I,VS2,59.8,60,4.42,4.38,2.63,558
18015,1.57,Premium,J,VS1,61.3,59,7.44,7.47,4.57,8595
18016,0.41,Good,F,VVS2,58.6,60,4.83,4.87,2.84,1172
18017,0.71,Good,D,VS1,59.2,56,5.84,5.85,3.46,3524
18020,1.07,Very Good,F,VVS1,60.2,58,6.57,6.65,3.98,9808
18021,1,Very Good,D,SI2,63.3,56,6.38,6.35,4.03,4704
18023,0.32,Premium,G,VS1,61.2,62,4.45,4.41,2.71,773
18025,1.01,Very Good,D,SI2,63.5,61,6.37,6.33,4.03,4538
18026,0.7,Very Good,I,SI2,60.9,59,5.7,5.76,3.49,1603
18027,1.16,Premium,E,SI1,61.3,60,6.7,6.64,4.09,6366
18029,0.35,Ideal,D,SI2,61.8,57,4.57,4.53,2.81,669
18030,1,Premium,D,SI1,59.2,62,6.54,6.49,3.86,5723
18031,0.8,Premium,H,VS1,62,60,5.92,5.86,3.65,2935
18032,0.51,Ideal,H,VS1,61.1,56,5.11,5.16,3.14,1438
18033,1.51,Premium,E,SI1,63,58,7.4,7.27,4.62,8836
18034,0.32,Premium,D,VS2,60.3,60,4.42,4.44,2.67,758
18039,1.51,Ideal,H,VS2,60.6,57,7.46,7.45,4.52,11540
18041,0.45,Ideal,G,IF,62,53,4.94,4.99,3.08,1377
18046,0.81,Premium,G,VS2,62,58,5.95,5.92,3.68,2994
18050,1.01,Very Good,D,IF,63.3,55,6.36,6.28,4,12581
18051,0.61,Ideal,E,VS1,61.3,54,5.53,5.5,3.38,3004
18054,1.54,Ideal,G,VS2,61.4,57,7.47,7.42,4.57,14103
18055,0.57,Ideal,E,VS2,61,54,5.43,5.39,3.3,2319
18059,0.7,Very Good,E,VS1,58.4,59,5.83,5.91,3.43,2904
18061,0.7,Ideal,I,SI1,61.2,55,5.71,5.76,3.51,2343
18062,1.01,Premium,E,SI2,62.3,55,6.35,6.29,3.94,3674
18063,1.01,Ideal,D,VS2,59.8,56,6.52,6.49,3.89,7127
18067,0.33,Very Good,E,VS2,62.8,56,4.4,4.42,2.77,627
18070,2.18,Very Good,G,SI2,63.3,59,8.25,8.2,5.2,12377
18074,0.9,Ideal,F,VS2,62.6,56,6.16,6.23,3.88,4801
18077,1.16,Premium,H,SI2,62.1,58,6.72,6.65,4.15,3573
18078,0.56,Ideal,G,VVS1,62.3,55,5.25,5.31,3.29,2055
18079,0.42,Ideal,G,VVS2,62.7,56,4.74,4.77,2.98,1031
18080,1.51,Good,F,SI2,63.4,57,7.25,7.29,4.61,9301
18082,1.3,Premium,D,SI2,60.2,59,7,7.05,4.23,7002
18083,0.61,Ideal,G,IF,62.3,56,5.43,5.45,3.39,2800
18086,0.5,Very Good,D,SI1,61.6,59,5.12,5.14,3.16,1318
18090,0.73,Ideal,G,VVS2,62.2,55,5.74,5.77,3.58,3183
18091,0.4,Premium,H,SI1,61.9,57,4.75,4.71,2.93,969
18095,1.21,Good,G,VS2,63.7,59,6.59,6.67,4.22,6906
18097,1,Premium,E,SI1,60.8,60,6.45,6.42,3.91,5470
18099,1.02,Very Good,F,SI1,63.3,58,6.39,6.35,4.03,5038
18101,0.5,Fair,D,SI1,64.6,58,5,4.97,3.22,1323
18104,0.9,Premium,E,VS1,60.1,56,6.38,6.3,3.81,5242
18107,0.31,Ideal,D,VVS2,62.4,56,4.38,4.34,2.72,982
18108,1.22,Ideal,I,VS1,61.9,55.7,6.81,6.84,4.23,6469
18109,0.51,Premium,D,VS1,59.5,57,5.24,5.21,3.11,1873
18110,0.41,Ideal,I,VVS2,61.6,57,4.76,4.78,2.94,827
18111,0.31,Ideal,G,IF,62.1,56,4.31,4.34,2.69,871
18114,1.02,Very Good,F,VS2,63.3,58,6.36,6.38,4.03,6007
18115,1.58,Ideal,I,VS1,62.4,54,7.43,7.46,4.64,10920
18117,0.4,Good,E,SI1,63.5,56,4.67,4.72,2.98,737
18122,1.14,Ideal,H,SI1,61.6,57,6.7,6.75,4.14,5003
18125,1.2,Good,D,I1,63.6,60,6.72,6.67,4.26,4346
18126,0.7,Ideal,H,VS1,61.6,55,5.73,5.76,3.54,2530
18131,0.81,Very Good,H,VS1,62.2,57,5.91,5.94,3.69,3314
18133,0.43,Premium,F,VS1,62.2,61,4.83,4.75,2.98,1129
18134,0.35,Fair,F,VVS1,54.6,59,4.85,4.79,2.63,1011
18140,0.41,Ideal,F,VVS2,61.2,56,4.78,4.82,2.94,1323
18141,1.01,Very Good,F,VS2,62.5,59,6.38,6.42,4,6159
18142,1.01,Ideal,F,VS2,60.9,57,6.48,6.45,3.94,6787
18143,1.06,Ideal,E,VS2,61.8,55,6.59,6.51,4.05,7788
18145,0.52,Ideal,E,VS2,61.7,57,5.1,5.17,3.17,1576
18148,1.01,Very Good,E,SI2,59.5,59,6.54,6.58,3.9,4666
18154,1.16,Premium,G,SI2,62,59,6.74,6.62,4.14,4320
18156,0.4,Good,E,VVS2,57.7,62,4.82,4.88,2.8,981
18158,0.52,Ideal,D,VS2,62.1,57,5.13,5.17,3.2,1689
18162,0.33,Ideal,G,IF,61.5,55,4.48,4.5,2.76,946
18166,0.23,Very Good,G,VVS2,62.3,57,3.9,3.92,2.43,431
18168,0.42,Very Good,I,IF,,58,4.83,4.88,2.92,938
18171,1.5,Very Good,E,SI2,60.1,60,7.35,7.42,4.44,9281
18172,0.82,Ideal,F,SI1,61.3,55,6.06,6.08,3.72,3439
18174,1.05,Fair,F,SI2,66,60,6.3,6.22,4.13,3615
18175,1.2,Premium,I,VS2,62.6,58,6.77,6.72,4.22,5699
18176,0.4,Premium,G,VVS1,61.5,58,4.74,4.69,2.9,1200
18177,1.84,Premium,H,SI1,59.7,58,8.01,7.98,4.77,13905
18178,1.05,Good,H,SI1,63.2,56,6.47,6.51,4.1,4937
18183,0.92,Premium,E,SI2,61.7,59,6.27,6.18,3.84,3941
18184,1,Fair,G,I1,61.7,57,6.39,6.28,3.91,2723
18188,0.23,Ideal,E,VS2,62.6,57,3.88,3.92,2.44,423
18191,1.69,Good,E,VS1,63.8,56,7.51,7.57,4.81,17400
18196,0.32,Ideal,I,VVS2,62.6,54,4.41,4.37,2.75,720
18197,0.26,Very Good,F,VS1,60.4,56,4.14,4.16,2.51,499
18199,0.91,Ideal,E,SI1,61,58,6.23,6.29,3.82,4132
18205,0.34,Ideal,E,VS2,62,56,4.48,4.46,2.77,829
18210,0.31,Premium,H,VS1,59.9,59,4.38,4.4,2.63,544
18212,1.01,Very Good,D,SI2,59.8,57,6.51,6.57,3.91,4260
18213,1.2,Ideal,G,VVS2,62.3,54,6.82,6.86,4.26,10812
18216,1.08,Ideal,G,SI1,61.4,56,6.62,6.6,4.06,4771
18219,0.51,Ideal,G,VS1,59.7,57,5.2,5.25,3.12,1656
18222,0.55,Ideal,E,SI1,61.4,55,5.29,5.26,3.24,1668
18230,1.02,Very Good,H,SI2,63.1,59,6.43,6.37,4.04,4284
18237,1.57,Ideal,E,SI2,61.4,56,7.52,7.44,4.59,10550
18240,0.32,Ideal,I,VVS1,62.2,53,4.42,4.45,2.76,575
18241,1.19,Premium,I,SI2,62.6,58,6.82,6.69,4.23,4498
18242,0.42,Ideal,I,VVS2,62.8,54,4.78,4.8,3.01,862
18246,0.35,Very Good,G,VVS1,59.3,61,4.58,4.62,2.73,921
18247,1.61,Ideal,F,SI1,62.6,58,7.44,7.48,4.67,12085
18250,0.4,Very Good,D,VS1,64,57,4.66,4.69,2.99,995
18254,0.32,Good,E,SI1,63.3,56,4.34,4.35,2.75,561
18261,0.9,Very Good,F,SI1,61.6,58,6.12,6.26,3.81,4074
18264,0.31,Good,G,VVS2,63.1,57,4.3,4.32,2.72,707
18265,0.3,Premium,G,VS1,61.9,59,4.32,4.3,2.67,776
18267,0.5,Premium,H,SI1,60.2,61,5.16,5.14,3.1,1141
18268,1.02,Good,F,SI2,64.1,60,6.25,6.29,4.02,4179
18271,0.7,Very Good,E,VS1,63.4,62,5.64,5.56,3.55,2695
18273,0.36,Premium,J,SI1,61.3,60,4.59,4.52,2.79,541
18276,2.09,Very Good,F,SI2,60.2,61,8.32,8.29,5,15773
18278,2.2,Ideal,J,VS2,61.6,57,8.34,8.39,5.15,15384
18289,1.52,Premium,H,VS1,61.4,58,7.44,7.3,4.55,11621
18290,1.5,Very Good,J,VVS2,61.5,60,7.27,7.31,4.48,8712
18291,0.9,Premium,D,SI1,62.2,60,6.14,6.08,3.8,4612
18293,0.33,Ideal,F,VVS1,61.1,56,4.45,4.48,2.73,893
18295,0.59,Very Good,H,SI1,62.8,56,5.35,5.38,3.37,1283
18296,0.36,Premium,G,VS2,62.5,58,4.51,4.55,2.83,589
18300,0.41,Very Good,G,VS1,60.7,58,4.79,4.83,2.92,899
18302,0.38,Premium,F,SI1,62.7,58,4.6,4.62,2.89,700
18305,0.35,Ideal,D,VS2,60.6,56,4.57,4.54,2.76,1063
18306,2.06,Premium,G,SI2,61.8,58,8.15,8.1,5.02,16587
18309,1.23,Ideal,F,VS1,61.3,57,6.93,6.86,4.23,8679
18311,1.41,Premium,F,SI2,62.7,56,7.21,7.15,4.5,7817
18312,1.01,Ideal,I,VS1,62.8,57,6.42,6.38,4.02,3991
18313,0.76,Premium,F,SI1,60.9,59,5.89,5.83,3.57,2631
18316,1.03,Ideal,D,VS2,62,54.8,6.47,6.51,4.02,7697
18317,1.03,Very Good,D,SI2,61.8,60,6.42,6.45,3.98,4478
18318,0.91,Very Good,J,SI1,63.5,58,6.17,6.12,3.9,2905
18321,0.51,Very Good,G,SI1,60.3,61,5.12,5.19,3.11,1220
18322,0.94,Premium,E,SI2,62.4,58,6.33,6.26,3.93,4027
18323,1,Good,D,VS2,65.7,55,6.17,6.22,4.07,6163
18329,0.34,Ideal,H,SI1,62.6,56,4.48,4.46,2.8,628
18330,1.37,Premium,G,VS2,61.6,59,7.11,7.04,4.36,7951
18336,1.01,Good,F,VS2,63.6,59,6.36,6.32,4.03,6097
18340,0.72,Good,F,SI1,63.1,56,5.67,5.68,3.58,2647
18342,1.61,Ideal,G,VS2,62.2,56,7.57,7.5,4.69,9521
18344,0.24,Very Good,E,VVS1,61.7,58,3.95,3.99,2.45,485
18345,0.72,Very Good,F,VS1,62.2,58,5.75,5.7,3.56,2804
18347,0.73,Ideal,E,SI2,61.2,54,5.88,5.86,3.59,2581
18350,0.4,Ideal,G,VVS1,61.5,59,4.71,4.75,2.91,1051
18355,0.76,Ideal,E,SI2,62.8,56,5.78,5.82,3.64,2873
18357,0.4,Ideal,F,VS1,61.8,54,4.75,4.77,2.94,917
18359,0.72,Ideal,H,SI1,62,57,5.73,5.76,3.56,2361
18364,0.72,Premium,E,VS1,61.5,60,5.79,5.75,3.55,2961
18365,0.31,Very Good,E,IF,61.6,54,4.38,4.42,2.71,958
18366,1.03,Premium,F,I1,62.3,59,6.42,6.46,4.01,3444
18367,2.09,Premium,H,SI2,60.9,58,8.23,8.2,5,13119
18368,0.41,Good,J,VS1,63.2,59,4.67,4.7,2.96,621
18373,0.44,Ideal,D,SI1,61.6,56,4.9,4.93,3.03,838
18375,0.9,Very Good,H,VS1,61.8,56,6.16,6.18,3.81,4136
18376,0.52,Very Good,E,SI2,61.8,54,5.15,5.18,3.19,1120
18377,0.91,Premium,D,SI1,61.5,59,6.25,6.18,3.82,4165
18382,0.33,Very Good,E,SI1,63.1,56,4.45,4.42,2.8,693
18384,0.26,Premium,E,VS2,60.4,58,4.19,4.15,2.52,580
18395,0.38,Premium,I,VS1,59.9,60,4.66,4.72,2.81,700
18398,0.41,Very Good,F,VVS2,60.3,58,4.79,4.83,2.9,1115
18404,1.03,Ideal,D,SI2,61.8,54,6.52,6.46,4.01,5105
18406,1.23,Ideal,G,VS1,61.8,58,6.85,6.9,4.25,9116
18412,1.26,Ideal,H,SI1,61.7,58,6.95,6.9,4.27,6476
18414,0.38,Premium,F,VS2,61.9,59,4.66,4.61,2.87,1026
18416,1.01,Good,E,SI1,59.3,64,6.47,6.49,3.84,4399
18423,1.1,Premium,F,SI2,62.1,56,6.68,6.56,4.12,3918
18424,0.72,Very Good,E,SI2,61.4,58,5.76,5.8,3.55,2688
18425,0.51,Very Good,E,SI1,62.9,57,5.06,5.11,3.2,1304
18430,1.05,Ideal,J,SI2,62.3,54,6.52,6.55,4.07,4126
18435,0.36,Ideal,H,VS1,61.8,57,4.6,4.56,2.83,810
18438,0.83,Ideal,E,SI1,61.6,56,6.03,6.05,3.72,3775
18439,1.9,Premium,F,SI2,62.9,61,7.78,7.73,4.88,12812
18441,2.01,Good,G,SI1,63.1,59,7.98,8.03,5.05,18572
18443,1.22,Very Good,J,VS2,60.8,56,6.95,6.91,4.21,5160
18444,1.02,Premium,F,SI2,62.7,59,6.38,6.45,4.02,4151
18445,0.34,Ideal,E,VS1,61.2,57,4.45,4.51,2.74,805
18446,0.41,Very Good,G,VS1,60.6,56,4.83,4.87,2.94,976
18449,1.51,Very Good,G,VS2,63.5,57,7.23,7.19,4.58,12872
18450,0.33,Ideal,H,IF,61.6,55,4.48,4.51,2.77,838
18454,1.16,Ideal,H,SI1,62.2,54,6.72,6.75,4.19,6036
18457,0.71,Very Good,E,SI1,61.9,56,5.68,5.72,3.53,2455
18461,0.7,Very Good,F,VVS2,61.3,59,5.69,5.73,3.5,3974
18463,0.42,Premium,E,SI1,61.5,58,4.78,4.84,2.96,722
18466,0.37,Ideal,F,VVS1,59.2,57,4.71,4.75,2.8,1342
18469,0.41,Ideal,F,IF,61.9,56,4.78,4.81,2.97,1439
18474,2,Premium,D,SI2,59.3,62,8.12,8.06,4.8,12576
18479,0.32,Ideal,F,VS1,61.9,56,4.39,4.43,2.73,716
18481,0.24,Very Good,D,VVS2,62.4,58,3.94,4.01,2.48,552
18482,0.4,Very Good,E,SI1,62.2,62,4.66,4.69,2.91,687
18483,0.59,Ideal,G,VS2,62.9,56,5.35,5.33,3.36,1622
18487,0.31,Very Good,G,VVS1,58.8,59,4.44,4.47,2.62,778
18488,0.41,Premium,G,VS1,60.5,57,4.85,4.81,2.92,961
18491,0.7,Premium,G,SI1,58.6,62,5.83,5.8,3.41,2375
18494,1.01,Premium,E,SI2,58.6,58,6.66,6.62,3.89,4308
18497,0.4,Ideal,J,VS1,61.5,58,4.73,4.76,2.92,633
18499,0.73,Premium,F,SI1,62.4,55,5.78,5.71,3.59,2346
18503,0.33,Premium,D,VS2,61.1,56,4.54,4.5,2.76,1069
18507,0.9,Very Good,E,VS2,63,57,6.07,6.15,3.85,4643
18509,2.01,Premium,I,SI2,62.3,59,8.01,7.97,4.98,12182
18511,0.32,Premium,F,SI2,59.7,59,4.43,4.48,2.66,421
18513,0.53,Ideal,E,VS2,61.5,56,5.18,5.23,3.2,1676
18515,1.07,Ideal,E,SI1,60.4,57,6.62,6.56,3.98,4973
18517,0.78,Ideal,G,VS2,61.7,55,5.94,5.89,3.65,3184
18519,0.34,Premium,I,SI1,60.4,56,4.56,4.54,2.75,589
18522,0.3,Premium,G,VS2,62.6,62,4.25,4.21,2.65,630
18526,1,Very Good,G,VVS2,63.1,58,6.37,6.33,4.01,7589
18533,0.71,Very Good,G,SI1,60,59,5.76,5.8,3.47,2711
18534,0.51,Ideal,H,SI1,61.7,55,5.12,5.16,3.17,1354
18536,1.21,Premium,F,SI2,61.5,61,6.82,6.77,4.18,5387
18537,1.22,Premium,H,VS1,62.5,59,6.85,6.79,4.26,7816
18538,0.51,Very Good,E,VS1,61.6,59,5.1,5.12,3.15,1778
18539,0.71,Premium,G,VS2,60.3,60,5.76,5.81,3.49,2671
18540,0.73,Ideal,F,SI2,62.7,57,5.75,5.79,3.62,2276
18543,0.71,Fair,D,VS2,56.9,65,5.89,5.84,3.34,2858
18545,1.04,Very Good,G,VS1,63.4,59,6.46,6.38,4.07,6814
18548,1.34,Very Good,H,VVS2,59.7,60,7.19,7.22,4.3,9735
18550,0.75,Good,D,SI2,57.6,56,5.98,6.07,3.47,2933
18552,0.33,Ideal,F,VVS1,62.4,55,4.44,4.47,2.78,955
18553,0.33,Fair,H,VVS2,65.1,59,4.4,4.32,2.84,922
18557,1.23,Ideal,F,VVS2,61.9,55,6.92,6.89,4.27,11927
18558,0.57,Ideal,G,VVS2,60.5,56,5.36,5.38,3.25,1976
18559,1.01,Ideal,D,SI2,61.6,57,6.46,6.42,3.97,5006
18560,0.4,Ideal,E,SI1,62.5,57,4.74,4.7,2.95,907
18561,1.2,Ideal,I,VS2,62.5,56,6.66,6.74,4.19,5884
18563,1.19,Premium,I,SI1,61.3,59,6.84,6.79,4.18,5464
18565,1.16,Ideal,H,SI2,62.2,55.7,6.68,6.74,4.18,5260
18566,1.5,Good,I,SI1,63.8,59,7.21,7.11,4.57,8736
18568,0.71,Very Good,F,SI2,59,58,5.84,5.89,3.46,2098
18571,0.34,Ideal,H,VS1,62.2,55,4.47,4.49,2.79,620
18572,1,Good,E,VS2,58.2,60,6.52,6.54,3.8,6958
18573,1.07,Very Good,E,SI2,61.6,56,6.54,6.6,4.05,4824
18574,0.9,Very Good,H,SI2,62,58,6.11,6.12,3.79,3324
18576,0.6,Very Good,F,IF,60.1,54,5.5,5.58,3.33,2988
18578,1.76,Fair,J,VS1,56.9,66,8.09,7.94,4.56,9314
18581,0.81,Ideal,F,SI1,61.5,57,6.01,6.06,3.71,3422
18586,2.61,Good,I,SI2,64.2,63,8.66,8.57,5.53,13784
18587,0.32,Very Good,H,VS1,63.1,57,4.37,4.34,2.75,720
18589,0.52,Ideal,F,SI1,62,53,5.16,5.2,3.21,1223
18592,0.41,Very Good,J,VS2,63.4,56,4.73,4.7,2.99,784
18594,1.52,Ideal,E,SI1,62.1,56,7.35,7.38,4.57,13280
18595,0.58,Premium,G,VS1,61.5,58,5.35,5.41,3.31,1884
18599,0.41,Premium,G,SI1,62.7,55,4.8,4.77,3,923
18602,0.41,Very Good,H,VVS1,59.5,58,4.82,4.86,2.88,991
18603,1.87,Premium,I,SI2,60.3,61,7.95,7.91,4.78,11105
18606,1.26,Ideal,G,VVS2,60.7,56,7.05,7.03,4.27,10556
18609,0.39,Ideal,E,IF,61.3,56,4.71,4.75,2.9,1333
18611,2.39,Ideal,I,VS2,62.2,55,8.58,8.56,5.33,17955
18612,0.32,Ideal,F,VS2,61.3,56,4.43,4.41,2.71,828
18613,0.32,Ideal,D,VVS2,61.2,56,4.39,4.43,2.7,803
18618,0.7,Very Good,D,VS2,63,56,5.61,5.69,3.56,2960
18619,1.56,Ideal,H,SI2,62.3,55,7.39,7.35,4.59,6716
18620,1.58,Premium,D,SI2,59.6,59,7.67,7.61,4.55,10934
18624,1.51,Premium,J,VVS2,62.9,58,7.33,7.21,4.57,8930
18627,0.4,Ideal,E,VS2,61.4,57,4.78,4.75,2.92,1150
18628,0.51,Very Good,G,VS1,62.7,56,5.08,5.13,3.2,1656
18629,1,Premium,D,SI2,60.3,58,6.48,6.45,3.9,4295
18630,0.45,Fair,G,VS1,66.3,56,4.82,4.65,3.14,1027
18631,0.36,Ideal,E,SI1,61.9,56,4.58,4.53,2.82,810
18632,0.31,Ideal,H,VVS1,62,55,4.34,4.37,2.7,671
18635,1.25,Very Good,I,SI2,61,60,6.93,6.98,4.24,4950
18637,0.33,Ideal,F,VS2,62.3,56,4.46,4.43,2.77,854
18639,1.01,Very Good,D,SI2,62.8,59,6.34,6.44,4.01,4588
18640,0.7,Fair,F,VS2,65.3,55,5.63,5.58,3.66,2762
18641,1.4,Premium,G,SI2,62,60,7.16,7.1,4.42,7357
18643,1.08,Premium,D,SI1,62.6,56,6.62,6.57,4.13,5758
18644,1.07,Ideal,H,VS2,62.1,57,6.53,6.49,4.04,4458
18646,0.4,Very Good,E,VS2,61.2,60,4.79,4.68,2.9,912
18647,1.3,Premium,F,SI2,61.6,58,7.07,6.92,4.33,5788
18648,0.79,Premium,F,SI2,62.2,57,5.94,5.9,3.68,2555
18649,1.01,Good,G,SI1,63.1,55,6.31,6.33,3.99,4064
18651,1.01,Good,F,SI1,57.8,58,6.65,6.6,3.83,4989
18654,0.31,Ideal,E,SI1,62.7,54,4.36,4.35,2.73,698
18655,0.31,Ideal,H,IF,60,57,4.41,4.39,2.64,1046
18656,0.32,Premium,J,SI1,62.2,59,4.41,4.37,2.73,468
18658,1.54,Premium,I,VS2,61.7,59,7.4,7.34,4.55,8917
18661,0.58,Ideal,H,VVS1,62.1,53.6,5.35,5.38,3.34,1961
18662,0.32,Ideal,D,VS2,61.8,57,4.36,4.35,2.69,972
18663,0.87,Premium,F,I1,59.1,58,6.25,6.21,3.68,2170
18664,1.52,Premium,J,VS1,62,59,7.34,7.36,4.56,8110
18665,2.01,Premium,J,VS2,60.4,59,8.1,8.15,4.91,13619
18666,1.01,Premium,H,VS1,61.2,61,6.44,6.41,3.93,5294
18668,1.01,Premium,D,VS1,62.4,58,6.38,6.41,3.99,8265
18671,0.32,Ideal,H,VS2,60.8,56,4.46,4.49,2.72,523
18678,1.42,Premium,G,VS1,62.1,56,7.27,7.22,4.5,11434
18680,1.23,Premium,H,SI2,62.1,61,6.86,6.79,4.24,5648
18681,0.5,Ideal,E,VS2,60.6,59,5.1,5.2,3.12,1655
18682,1.13,Ideal,F,SI1,59.6,57,6.83,6.79,4.06,6391
18686,0.38,Premium,D,VS1,61.2,58,4.68,4.63,2.85,1140
18688,1.01,Very Good,H,VS2,61.2,57,6.49,6.41,3.95,5861
18691,0.7,Premium,E,VS2,62.8,61,5.66,5.62,3.54,2737
18695,0.4,Very Good,G,IF,61.2,57,4.77,4.79,2.92,1220
18697,1.59,Ideal,F,VS1,62.9,57,7.38,7.48,4.62,17366
18700,1,Ideal,I,VS1,63.1,57,6.32,6.39,4.01,4664
18701,2.05,Premium,G,SI1,62.2,56,8.19,8.08,5.06,13767
18702,1.12,Ideal,G,SI2,62.2,55,6.68,6.64,4.14,4955
18704,0.62,Ideal,D,VVS1,62.2,54,5.45,5.48,3.4,3968
18708,0.7,Ideal,G,VVS2,59.9,58,5.78,5.8,3.47,3234
18711,0.52,Very Good,E,SI1,62.7,57,5.1,5.14,3.21,1389
18713,0.91,Good,F,VS1,63.1,59,6.14,6.19,3.89,4502
18714,0.71,Ideal,D,SI2,61.9,56,5.78,5.73,3.56,2452
18719,1.2,Very Good,I,SI1,63.1,58,6.72,6.66,4.22,4838
18721,1.32,Good,I,VS1,59.2,58,7.14,7.18,4.24,7143
18722,0.34,Very Good,D,VS2,60,59,4.5,4.56,2.72,730
18725,0.3,Ideal,G,SI2,61.8,57,4.31,4.33,2.67,422
18728,0.4,Good,G,VS1,63.4,56,4.68,4.72,2.98,783
18732,0.72,Very Good,D,SI1,60.5,57,5.85,5.89,3.55,3102
18735,0.91,Fair,H,SI2,61.3,67,6.24,6.19,3.81,2825
18736,1.01,Premium,H,VS2,60.5,58,6.46,6.4,3.89,4839
18739,1.04,Premium,G,I1,62.2,58,6.46,6.41,4,2801
18741,1.7,Very Good,H,SI2,60.8,56,7.67,7.72,4.68,10255
18744,1.22,Ideal,H,SI1,61.8,57,6.85,6.83,4.23,6776
18746,0.8,Good,G,SI1,62.7,57,5.84,5.93,3.69,2810
18747,0.9,Ideal,I,VS1,60.9,60,6.2,6.24,3.79,4492
18752,0.7,Very Good,G,VVS2,63.6,57,5.59,5.63,3.57,2681
18755,0.3,Premium,H,SI1,59.3,59,4.36,4.38,2.59,421
18756,0.41,Premium,G,VVS1,59.7,60,4.83,4.85,2.89,1074
18758,1.51,Good,E,I1,63.6,60,7.3,7.26,4.63,5647
18763,1.03,Premium,E,VS2,60,59,6.6,6.54,3.94,6460
18764,0.33,Ideal,H,VS2,60.6,56,4.51,4.54,2.74,539
18765,0.71,Ideal,E,SI1,61.3,55,5.77,5.72,3.52,2817
18767,1.5,Premium,E,SI2,62.7,56,7.38,7.33,4.61,8988
18771,0.5,Premium,D,SI1,60.7,59,5.11,5.04,3.08,1235
18781,0.8,Ideal,D,VS2,61.3,56,5.97,6,3.67,4781
18785,0.33,Ideal,H,IF,61.1,56,4.47,4.5,2.74,838
18793,0.3,Ideal,G,VS2,62.3,58,4.26,4.28,2.66,545
18794,1.01,Good,F,VS2,63.1,60,6.36,6.39,4.02,6416
18795,0.87,Ideal,H,SI1,62.5,57,6.13,6.06,3.81,2923
18797,0.29,Ideal,E,VVS2,62,55,4.25,4.27,2.64,669
18799,2,Fair,I,VS1,58.5,68,8.26,8.15,4.8,11322
18800,1.04,Fair,G,VS1,64.9,58,6.36,6.33,4.12,5633
18802,0.7,Very Good,E,VS1,62.8,57,5.65,5.68,3.56,3145
18805,0.5,Very Good,H,IF,61,60,5.08,5.12,3.11,1799
18807,0.74,Premium,D,VS1,62.7,56,5.8,5.77,3.63,3365
18813,0.64,Premium,H,SI1,60,59,5.63,5.57,3.36,1274
18817,0.33,Ideal,F,VS2,61.9,57,4.4,4.42,2.73,666
18819,0.3,Premium,I,VS1,61.7,59,4.3,4.26,2.64,608
18823,2.18,Premium,J,SI1,62.9,59,8.25,8.21,5.18,13938
18827,0.39,Very Good,F,VS1,57.1,61,4.86,4.91,2.79,1000
18833,1.2,Very Good,G,SI1,63.4,55,6.72,6.65,4.24,4520
18838,0.61,Good,E,I1,63.4,57.1,5.37,5.43,3.42,1168
18840,0.52,Ideal,I,SI1,61.8,56,5.15,5.18,3.19,1075
18841,1.01,Fair,D,SI1,66.9,54,6.25,6.21,4.17,4751
18844,0.51,Ideal,F,VVS2,61.2,56,5.19,5.17,3.17,2203
18847,0.43,Ideal,H,IF,62.2,55,4.87,4.84,3.02,1304
18849,1,Premium,F,VS2,61.9,59,6.38,6.34,3.94,5606
18850,0.74,Very Good,D,VS2,62.4,57,5.74,5.8,3.6,2906
18852,1.6,Premium,G,VVS1,61.5,58,7.48,7.58,4.63,17204
18853,1.31,Premium,J,VS1,62.3,56,7.06,6.99,4.38,6236
18855,0.7,Premium,H,VS1,62.8,60,5.61,5.56,3.51,2367
18857,0.63,Premium,I,VS1,62,58,5.52,5.45,3.4,1667
18860,0.9,Good,D,VS2,65.8,58,5.99,6.01,3.95,4682
18862,0.52,Good,H,SI1,57.6,61,5.34,5.32,3.07,1056
18873,0.37,Premium,G,VS2,61.2,60,4.63,4.58,2.82,833
18874,0.42,Premium,F,SI1,61.8,58,4.84,4.81,2.98,992
18877,1.01,Fair,D,SI1,66.2,56,6.05,6.1,4.02,5122
18880,0.7,Good,D,SI1,64.2,60,5.59,5.62,3.6,2298
18881,0.41,Ideal,D,VS1,62.6,55,4.75,4.77,2.98,1019
18883,1,Premium,H,VS2,63,59,6.43,6.34,4.02,4791
18884,0.5,Good,E,SI1,64.2,59,5.03,4.97,3.21,1155
18885,0.5,Very Good,G,VVS2,62.8,57,5.05,5.07,3.18,1764
18886,0.31,Ideal,G,VS1,,55,4.35,4.33,2.71,802
18888,1.78,Ideal,F,VS2,60.9,56,7.85,7.88,4.79,18128
18889,1.01,Fair,E,SI1,64.7,59,6.23,6.11,3.99,4181
18890,0.9,Premium,H,SI1,62,62,6.13,6.03,3.77,3679
18891,1.01,Ideal,G,VS2,61.9,55,6.49,6.46,4.01,6108
18893,0.41,Premium,E,VS1,60.1,58,4.81,4.84,2.9,1079
18894,0.71,Premium,F,SI1,59.8,62,5.74,5.73,3.43,2756
18897,1.03,Ideal,D,SI2,60.7,55,6.53,6.61,3.99,4752
18899,0.44,Very Good,I,VS2,62.5,57,4.85,4.88,3.04,795
18902,0.54,Ideal,H,VS2,62,54,5.22,5.27,3.25,1378
18903,0.31,Ideal,E,VS1,60.4,57,4.4,4.37,2.65,942
18906,0.73,Very Good,G,I1,62.5,58,5.74,5.82,3.61,1298
18907,0.3,Ideal,E,VS2,61.6,56,4.27,4.3,2.64,658
18910,1.01,Ideal,G,VS1,62.1,54,6.41,6.43,3.99,7262
18913,0.71,Ideal,F,VVS2,61.6,54,5.76,5.79,3.56,4167
18916,1.27,Ideal,H,SI1,61.7,57,6.95,6.93,4.28,6635
18918,1.71,Premium,H,VS2,59.2,61,7.83,7.77,4.62,10084
18919,0.43,Ideal,H,SI1,61.5,57,4.88,4.84,2.99,1045
18920,0.26,Premium,H,VVS1,59.8,59,4.12,4.17,2.48,468
18922,0.32,Ideal,F,VS2,61.3,57,4.4,4.37,2.69,828
18925,0.41,Ideal,F,VVS1,62.3,53,4.77,4.8,2.98,1295
18931,0.91,Fair,F,SI1,64.9,57,6.13,6.08,3.96,2971
18936,0.9,Fair,I,VS2,64.1,66,6.04,5.98,3.85,2921
18937,0.31,Ideal,G,VS2,61.6,54,4.39,4.41,2.71,544
18938,0.7,Premium,H,SI2,60.2,61,5.76,5.66,3.44,2184
18939,0.3,Very Good,G,VS2,63.5,55,4.25,4.22,2.69,675
18941,0.3,Premium,D,VS2,62.2,60,4.28,4.3,2.67,710
18942,2.01,Ideal,H,SI2,61.9,57,8.09,8.06,5,14040
18945,1.71,Ideal,J,VS1,61.6,57,7.67,7.62,4.71,10821
18946,0.3,Good,G,VS2,63.1,56,4.25,4.28,2.69,526
18949,0.59,Ideal,J,VS2,60.8,57,5.47,5.42,3.31,1352
18951,1.17,Premium,F,VS2,62.4,56,6.76,6.71,4.2,7568
18952,0.23,Very Good,G,VVS1,61.3,59,3.94,3.96,2.42,414
18955,0.31,Ideal,E,VVS1,60.2,61,4.4,4.43,2.66,865
18957,0.72,Ideal,E,VS2,61.1,56,5.78,5.81,3.54,3601
18960,1.2,Premium,I,SI1,,56,6.82,6.76,4.19,4872
18961,1.63,Premium,I,VS2,61,60,7.62,7.59,4.64,10479
18965,0.37,Ideal,E,VS2,61.2,57,4.58,4.64,2.82,811
18967,0.62,Ideal,H,VS1,63,56,5.43,5.36,3.4,1808
18971,1.05,Premium,G,SI2,61.6,60,6.56,6.49,4.02,4318
18972,1.06,Ideal,I,VS2,62.3,56,6.56,6.51,4.07,4530
18973,1.51,Very Good,J,VS2,62.8,59,7.2,7.28,4.55,7418
18975,0.9,Ideal,H,SI2,62.1,55,6.17,6.2,3.84,4001
18977,2.01,Ideal,J,SI2,62.9,54,8.06,7.93,5.05,11011
18983,1.01,Very Good,H,VS2,,61,6.32,6.24,3.99,5050
18986,0.31,Very Good,E,VS2,,56,4.29,4.33,2.71,680
18996,1.02,Good,D,SI2,61.5,61,6.34,6.41,3.92,4318
18997,1.01,Very Good,H,VS2,63.3,57,6.32,6.27,3.99,4559
18998,0.33,Very Good,G,VS1,61,57,4.46,4.49,2.72,652
18999,0.8,Very Good,I,SI2,60.7,56,6.01,6.03,3.66,2329
19004,0.36,Ideal,H,IF,60.6,56,4.64,4.66,2.82,980
19006,0.33,Premium,E,VS2,60.7,58,4.47,4.49,2.72,723
19007,1.01,Premium,E,SI2,62.6,57,6.35,6.33,3.97,4751
19008,0.33,Ideal,I,IF,62.2,56,4.42,4.45,2.76,694
19009,0.32,Ideal,G,VS1,62.3,54,4.37,4.39,2.73,645
19013,0.3,Very Good,D,SI2,61.4,59,4.26,4.31,2.63,447
19016,0.38,Ideal,E,IF,62.7,55,4.61,4.67,2.91,1433
19018,1.02,Premium,H,VS2,61.8,58,6.49,6.43,3.99,5241
19021,0.36,Ideal,E,SI1,61.4,57,4.56,4.59,2.81,631
19022,1.51,Premium,E,SI1,61.5,58,7.33,7.38,4.52,12530
19032,0.78,Ideal,G,SI1,61,57,5.94,5.99,3.64,2496
19035,0.57,Ideal,E,VS1,60.8,54.8,5.36,5.4,3.27,2061
19039,0.7,Premium,E,SI1,61.1,60,5.69,5.56,3.44,1971
19042,0.8,Ideal,I,VVS1,61.7,56,5.98,5.92,3.67,3181
19043,0.71,Ideal,F,VS1,61.1,56,5.75,5.78,3.52,3404
19044,1.01,Very Good,I,SI2,63.1,54,6.39,6.35,4.02,3818
19047,0.72,Premium,F,VS1,62.4,58,5.83,5.7,3.6,2802
19048,1.5,Very Good,H,VVS2,62.9,59,7.26,7.31,4.58,11748
19050,0.52,Premium,G,VS1,61.1,58,5.19,5.16,3.16,1815
19052,1.22,Ideal,G,VVS2,62.3,56,6.81,6.84,4.25,10038
19053,1.16,Premium,H,SI1,61.2,57,6.84,6.76,4.16,5554
19054,0.5,Very Good,F,VS2,62.6,54,5.1,5.13,3.2,1404
19056,1.07,Good,D,SI2,61,62,6.6,6.68,4.05,4710
19057,1.16,Ideal,G,SI2,61.3,55,6.79,6.84,4.18,4425
19059,0.9,Good,G,VS1,63.6,58,6.12,6.09,3.88,4460
19064,1.22,Ideal,G,VS2,60.1,57,6.96,7.01,4.2,9954
19066,1.01,Good,E,VS2,63.9,59,6.34,6.31,4.04,6968
19067,1.02,Premium,G,SI2,62.3,58,6.41,6.38,4,3892
19068,2.57,Premium,D,SI2,58.9,58,8.99,8.94,5.28,17924
19073,1.51,Ideal,F,VS2,62.4,53,7.37,7.32,4.58,15688
19076,0.24,Very Good,D,VVS1,61.5,60,3.97,4,2.45,553
19077,0.39,Premium,F,VS2,58.4,62,4.79,4.76,2.79,1053
19080,0.77,Premium,F,SI1,60,61,5.97,5.93,3.57,2745
19081,0.3,Ideal,E,VS2,61.4,56,4.33,4.36,2.67,621
19083,0.41,Ideal,E,SI1,62.6,57,4.73,4.72,2.96,969
19084,0.91,Fair,F,SI2,65.3,51,6.05,5.98,3.93,2996
19090,0.56,Ideal,F,SI1,61.4,57,5.3,5.28,3.25,1441
19096,0.3,Ideal,G,VVS2,62.2,54,4.29,4.33,2.68,638
19099,0.77,Very Good,G,VS1,62.3,58,5.82,5.86,3.64,3240
19101,1.03,Ideal,F,VVS2,62.4,55.6,6.44,6.49,4.02,9290
19102,0.67,Premium,H,VVS2,60.6,61,5.65,5.61,3.41,2171
19104,0.42,Ideal,E,SI2,62.4,55,4.77,4.81,2.99,700
19106,0.34,Ideal,G,VVS1,61.7,56,4.5,4.55,2.79,863
19107,0.71,Premium,D,VS2,58.7,61,5.88,5.85,3.44,2968
19117,0.63,Premium,E,VS2,62.4,59,5.5,5.46,3.42,2344
19122,1.59,Very Good,I,SI2,61.6,57,7.51,7.56,4.64,7835
19123,0.91,Very Good,D,VS1,62.5,56,6.14,6.18,3.85,5597
19125,0.51,Ideal,D,VS2,61.9,56,5.14,5.11,3.17,1882
19127,0.54,Ideal,D,VS2,61.2,56,5.29,5.23,3.22,1939
19128,0.7,Premium,G,VS1,62.8,57,5.67,5.64,3.55,2535
19130,0.59,Very Good,F,SI2,63.4,57,5.32,5.28,3.36,1301
19133,0.53,Ideal,E,VS1,60.9,57,5.19,5.25,3.18,1700
19134,0.38,Ideal,E,VS1,60.7,56,4.7,4.72,2.86,933
19138,0.73,Ideal,F,SI1,59.6,57,5.88,5.86,3.5,2527
19139,1.7,Ideal,G,VVS1,,56,7.62,7.67,4.66,18279
19141,0.35,Premium,F,SI1,60.2,58,4.6,4.54,2.75,748
19142,0.5,Premium,F,SI1,60.1,59,5.17,5.14,3.1,1332
19144,0.3,Ideal,E,VS2,62.3,56,4.3,4.34,2.69,658
19148,0.42,Premium,I,SI1,62.6,58,4.76,4.8,2.99,626
19151,1,Ideal,F,SI2,61,55,6.45,6.41,3.92,3562
19153,1.07,Premium,I,SI1,61.2,58,6.62,6.55,4.03,4126
19157,1.1,Premium,G,VS2,60.5,60,6.67,6.58,4.01,6284
19158,1.51,Very Good,G,VS1,62.5,58,7.23,7.27,4.53,13686
19159,0.26,Ideal,E,VVS2,61.6,57,4.13,4.18,2.56,597
19163,0.91,Very Good,J,VS2,62.6,55,6.17,6.19,3.87,3299
19166,1.02,Ideal,F,VVS2,60.9,56,6.54,6.49,3.97,9870
19167,1.51,Premium,I,SI1,62.7,61,7.33,7.27,4.58,8794
19171,1.09,Premium,G,IF,61.3,58,6.64,6.6,4.06,10065
19174,0.6,Premium,H,SI1,58.9,61,5.54,5.5,3.25,1341
19177,0.5,Very Good,G,VS2,60.3,58,5.15,5.19,3.12,1354
19180,0.3,Ideal,G,IF,60.9,56,4.34,4.36,2.65,863
19181,1.07,Premium,F,SI2,62.4,57,6.58,6.53,4.09,4573
19183,0.75,Very Good,D,SI2,63.3,58,5.76,5.8,3.66,2551
19185,0.9,Premium,F,SI1,62.8,59,6.16,6.13,3.86,3992
19190,1.52,Good,H,SI1,63.6,57,7.25,7.3,4.63,9898
19192,1.7,Premium,G,VS2,61.4,58,7.67,7.63,4.7,12681
19198,0.3,Ideal,D,SI2,60.2,56,4.37,4.4,2.64,447
19204,1.21,Fair,H,VS2,64.5,56,6.7,6.66,4.31,5041
19206,0.56,Very Good,D,VS2,62.8,57,5.25,5.29,3.31,1963
19208,0.7,Ideal,H,SI1,61.4,57,5.73,5.7,3.51,2383
19216,1.68,Good,E,I1,64.3,60,7.48,7.44,4.8,5871
19223,0.3,Very Good,H,VVS2,61.5,57,4.32,4.36,2.66,525
19224,0.27,Very Good,F,VVS1,61.8,56,4.15,4.17,2.57,682
19227,2.01,Fair,E,SI2,65.5,56,7.84,7.79,5.12,11156
19228,0.31,Ideal,G,VVS2,62.1,56,4.35,4.32,2.69,907
19229,0.42,Ideal,G,VVS2,60.6,56,4.86,4.88,2.95,933
19230,0.32,Very Good,G,VS2,58.4,57,4.51,4.53,2.64,524
19231,0.9,Good,H,SI1,64.2,60,6.05,6.02,3.87,2974
19233,1.06,Ideal,E,SI1,58.8,57,6.71,6.66,3.93,5877
19234,0.43,Premium,F,VS1,59.9,58,4.93,4.89,2.94,1129
19236,0.4,Very Good,I,VS1,63.5,55,4.71,4.67,2.98,882
19237,0.31,Premium,H,VS1,61.4,61,4.36,4.33,2.67,698
19241,1.11,Very Good,F,VVS1,59.7,55,6.77,6.82,4.06,10141
19244,0.52,Very Good,G,SI1,59.6,62,5.18,5.23,3.1,1244
19246,0.4,Ideal,H,VS2,61.4,57,4.72,4.79,2.92,926
19248,0.34,Ideal,I,SI1,61.9,57,4.49,4.52,2.79,459
19249,0.55,Ideal,G,VVS1,60,56,5.35,5.39,3.21,2077
19251,0.3,Very Good,D,SI2,61.2,60,4.28,4.31,2.63,447
19254,0.33,Premium,I,VVS2,62.2,59,4.41,4.47,2.76,579
19255,0.41,Ideal,D,VVS1,,56,4.77,4.74,2.98,1413
19259,0.32,Ideal,H,VVS1,61.4,55,4.4,4.46,2.72,698
19261,0.36,Ideal,E,VVS2,61.9,55,4.57,4.61,2.84,998
19263,0.32,Ideal,G,VVS1,61.2,56,4.42,4.44,2.71,814
19265,0.32,Ideal,G,VVS2,62.4,54,4.37,4.38,2.73,730
19266,0.76,Very Good,G,SI1,62.6,56,5.86,5.9,3.68,2652
19273,1.2,Good,D,SI2,63.7,52,6.72,6.68,4.27,6344
19274,0.43,Ideal,G,VVS1,62,55,4.82,4.85,3,1207
19275,0.5,Ideal,I,VVS1,61.6,56,5.1,5.13,3.15,1747
19276,1.5,Very Good,I,VS2,60.1,60,7.38,7.35,4.43,8974
19279,1.57,Good,G,VS2,57.8,60,7.66,7.6,4.41,12547
19282,0.4,Ideal,F,VVS2,62.4,57,4.69,4.73,2.94,1088
19284,0.5,Premium,G,SI2,62,59,5.1,5.03,3.14,1031
19286,1.04,Very Good,F,VS2,61,60,6.54,6.48,3.97,6361
19290,0.55,Ideal,D,VS2,61,56,5.28,5.31,3.23,1645
19291,0.7,Very Good,I,SI2,61.8,58,5.65,5.71,3.51,1977
19292,0.5,Premium,E,SI1,63,61,5.07,5.03,3.18,1374
19294,0.32,Premium,G,VS1,62.1,55,4.44,4.41,2.75,828
19296,0.31,Premium,D,VS2,61.7,58,4.32,4.37,2.68,636
19298,0.41,Ideal,G,IF,61,57,4.79,4.81,2.93,1367
19306,0.7,Very Good,E,SI2,59.8,58,5.72,5.85,3.46,2263
19308,0.31,Premium,I,VS2,61.1,58,4.36,4.38,2.67,435
19309,0.3,Premium,I,VS1,59.1,59,4.35,4.38,2.58,473
19311,1.05,Ideal,G,VS2,61.1,57,6.55,6.52,3.99,5504
19313,0.42,Ideal,D,VS2,62.7,55,4.79,4.81,3.01,938
19316,0.32,Ideal,G,VVS2,61.5,57,4.43,4.39,2.71,936
19317,1.52,Premium,F,SI1,62.6,59,7.27,7.36,4.58,11637
19322,0.7,Fair,I,VS2,66.1,56,5.53,5.48,3.64,1814
19324,1.04,Very Good,I,SI2,61.6,58,6.47,6.58,4.02,3449
19325,0.25,Good,E,VVS2,58,65,4.13,4.18,2.41,476
19327,0.31,Premium,G,VVS1,61.1,58,4.32,4.35,2.65,816
19329,0.35,Ideal,F,VS2,61.4,56,4.56,4.53,2.79,906
19333,0.51,Ideal,D,VS2,62.1,56,5.16,5.11,3.19,1882
19334,0.34,Premium,G,VVS2,61.2,59,4.5,4.46,2.74,995
19336,0.39,Good,G,VS2,63.4,57,4.63,4.67,2.95,787
19338,0.46,Ideal,G,VVS2,62.4,54.4,4.93,4.98,3.09,1306
19346,0.32,Ideal,F,VS2,61.9,55,4.45,4.41,2.74,773
19348,0.73,Ideal,F,SI2,61.9,55,5.78,5.82,3.59,2588
19349,0.4,Good,D,SI2,63.8,54,4.7,4.73,3.01,622
19350,1.54,Very Good,I,VS2,62,58,7.38,7.43,4.59,8537
19354,0.31,Very Good,D,SI2,62.5,55,4.3,4.34,2.7,462
19356,0.4,Ideal,G,VVS1,61.5,57,4.74,4.79,2.93,1059
19360,0.78,Very Good,H,SI1,63.1,58,5.85,5.88,3.7,2600
19362,0.34,Very Good,H,VS1,61.3,56,4.48,4.53,2.76,596
19366,0.55,Premium,F,SI1,60.2,58,5.31,5.35,3.21,1410
19371,0.35,Ideal,G,IF,61.3,56,4.51,4.53,2.77,910
19373,0.43,Premium,G,VS2,61.3,58,4.83,4.86,2.97,867
19376,0.26,Very Good,D,VVS2,62.8,60,4.01,4.05,2.53,554
19378,1.04,Premium,H,SI2,58.6,60,6.67,6.63,3.9,4368
19379,1.25,Premium,I,SI1,62.5,59,6.89,6.81,4.28,5250
19380,0.41,Ideal,G,VS2,62.7,56,4.74,4.77,2.98,827
19382,1.27,Premium,F,VS1,60.3,58,7.06,7.04,4.25,10028
19383,0.73,Good,E,VS2,63.3,60,5.67,5.73,3.61,2723
19384,0.5,Ideal,H,VS1,60.5,57,5.15,5.19,3.13,1449
19386,0.37,Ideal,D,VVS1,61.3,56,4.6,4.63,2.83,1764
19387,1.5,Premium,H,SI2,60.8,58,7.39,7.34,4.48,8148
19391,0.91,Very Good,D,SI1,61.5,59,6.18,6.25,3.82,4239
19393,1.01,Good,H,SI1,63.3,58,6.37,6.4,4.04,4559
19396,0.31,Ideal,G,VS1,61.3,56,4.36,4.38,2.68,625
19397,1.01,Very Good,J,SI2,63.5,59,6.3,6.36,4.02,3462
19402,0.3,Good,G,VVS1,63.5,57,4.23,4.27,2.7,789
19406,0.56,Premium,E,VS2,61.1,59,5.27,5.34,3.24,1552
19408,0.86,Very Good,E,VS2,62.3,56,6.05,6.08,3.78,4665
19409,1.54,Ideal,G,SI2,62.3,60,7.29,7.34,4.56,8923
19411,1.23,Premium,I,SI2,62.5,60,6.82,6.75,4.24,5269
19413,0.3,Good,I,SI2,63.3,56,4.26,4.3,2.71,351
19415,1.13,Ideal,E,I1,62,55,6.7,6.66,4.14,3797
19416,0.43,Very Good,F,SI2,60.5,59,4.88,4.91,2.96,679
19419,0.5,Very Good,F,VVS2,60.8,59,5.08,5.11,3.1,1915
19420,0.9,Very Good,G,IF,63.1,58,6.18,6.09,3.87,5670
19422,0.38,Good,I,IF,56.6,59,4.82,4.87,2.74,886
19423,1.24,Ideal,I,SI1,61.3,56,6.9,6.93,4.24,5714
19426,1.03,Fair,J,SI2,56.2,62,6.73,6.69,3.77,3246
19427,0.85,Very Good,D,VS2,61.8,56,6.06,6.08,3.75,4211
19431,0.51,Ideal,E,VS2,62,56,5.15,5.11,3.18,1781
19435,0.32,Ideal,G,VVS1,61.7,56,4.39,4.42,2.72,779
19436,0.92,Very Good,F,SI1,63.8,56,6.12,6.17,3.92,3920
19437,1.04,Ideal,F,VVS2,61.6,57,6.47,6.51,4,10804
19440,1,Ideal,F,SI2,61.8,57,6.36,6.45,3.96,4197
19444,0.3,Very Good,G,VVS2,62.9,58,4.26,4.29,2.69,638
19446,0.5,Premium,E,SI1,60.2,58,5.18,5.15,3.11,1415
19448,2.22,Very Good,J,SI2,61.2,63,8.33,8.23,5.07,10662
19450,0.38,Ideal,D,VS1,62.1,53.9,4.65,4.67,2.9,1092
19451,0.5,Premium,E,SI2,59.4,60,5.21,5.16,3.08,1181
19452,0.34,Ideal,E,SI1,62,57,4.46,4.48,2.77,596
19457,1.33,Ideal,G,VVS2,62.6,57,7.04,6.99,4.39,12209
19463,0.3,Ideal,D,SI1,,56,4.37,4.35,2.66,709
19464,0.99,Fair,J,I1,73.6,60,6.01,5.8,4.35,1789
19465,0.4,Good,G,SI2,63.4,59,4.64,4.66,2.95,596
19467,0.23,Very Good,G,VVS1,60.2,59,4,4.01,2.41,415
19468,1.02,Ideal,F,VS1,62.6,54,6.45,6.41,4.02,8157
19469,0.28,Very Good,E,VS1,61.8,55,4.21,4.24,2.61,489
19470,1.02,Very Good,G,SI1,62.9,56,6.36,6.4,4.01,4704
19472,0.34,Ideal,H,VS2,61.4,57,4.48,4.55,2.77,537
19473,0.25,Ideal,F,VS1,61.8,57,4.07,4.09,2.52,436
19474,0.39,Premium,F,VVS1,59.7,58,4.73,4.75,2.83,1232
19475,0.41,Premium,E,SI2,60,59,4.78,4.82,2.88,683
19477,0.55,Ideal,F,VS1,61.9,56,5.29,5.25,3.26,1980
19478,0.52,Very Good,H,SI1,62.6,55,5.12,5.16,3.22,1111
19480,0.38,Ideal,I,SI1,61.5,56,4.67,4.7,2.88,668
19481,0.6,Premium,D,SI1,60.4,60,5.44,5.48,3.3,1896
19483,0.57,Ideal,F,VVS2,62,55,5.31,5.3,3.29,2360
19486,0.73,Very Good,E,SI2,62.1,58,5.75,5.81,3.59,2395
19488,0.8,Ideal,G,VS2,62.1,57,5.95,6,3.71,3494
19491,1.16,Ideal,G,VVS1,,57,6.72,6.74,4.17,9526
19493,1,Very Good,D,VS2,62.6,58,6.31,6.38,3.97,6762
19497,0.52,Ideal,D,VS2,62.2,56,5.16,5.13,3.2,1919
19500,0.75,Ideal,G,SI2,62.5,55,5.82,5.77,3.62,2378
19501,1.24,Ideal,H,SI1,60.9,57,6.9,6.95,4.22,6488
19504,0.65,Ideal,D,VVS1,61.8,57,5.54,5.56,3.43,4022
19509,2.36,Ideal,J,VS2,,59,8.64,8.69,5.21,17534
19513,0.31,Premium,G,IF,61.6,55,4.42,4.38,2.71,988
19516,0.39,Good,E,VS2,63.1,56,4.63,4.69,2.94,830
19517,0.52,Very Good,F,VS2,63.9,57,5.08,5.12,3.26,1550
19521,0.71,Ideal,G,IF,61.8,57,5.7,5.75,3.54,3772
19523,1.21,Good,F,VS2,63.7,58,6.67,6.71,4.26,7911
19524,0.9,Ideal,F,SI1,61.3,56,6.21,6.23,3.81,4724
19525,0.7,Premium,G,SI2,59,60,5.84,5.82,3.44,1814
19528,0.41,Ideal,E,VS1,,56,4.79,4.77,2.94,1076
19531,1.21,Premium,F,SI2,,60,6.81,6.74,3.99,5243
19533,0.5,Good,D,SI2,58.5,64,5.2,5.12,3.02,958
19536,0.52,Premium,G,VS1,62.6,59,5.11,5.08,3.19,1815
19538,0.7,Very Good,H,VS1,59.5,60,5.74,5.76,3.42,2421
19540,0.52,Ideal,H,VVS1,60.4,57,5.23,5.2,3.15,1872
19541,0.7,Good,F,SI2,64.1,59,5.53,5.58,3.56,2390
19542,0.7,Ideal,E,VS2,60.5,59,5.72,5.75,3.47,3201
19543,1.5,Very Good,G,SI1,62.1,58,7.26,7.3,4.52,10019
19546,0.52,Very Good,D,VS1,62.6,59,5.03,5.13,3.18,1860
19553,1.7,Premium,I,VS2,62.4,58,7.61,7.56,4.73,10910
19554,0.58,Ideal,H,VS1,61.1,57,5.38,5.42,3.3,1759
19558,0.3,Premium,H,VVS2,62.1,52,4.31,4.29,2.67,776
19562,0.42,Premium,E,SI1,61.6,59,4.83,4.85,2.98,773
19564,0.31,Very Good,F,SI1,63.5,56,4.33,4.3,2.74,663
19565,2.1,Very Good,J,VS2,61.3,59,8.21,8.27,5.05,14229
19569,0.4,Ideal,E,VS2,61.1,56,4.77,4.75,2.91,975
19572,0.3,Ideal,E,VVS2,62.3,56,4.3,4.34,2.69,766
19574,0.47,Ideal,D,VS1,60.5,57,5.04,5.07,3.06,2086
19579,1.1,Ideal,H,VS2,62.6,57,6.61,6.56,4.12,4048
19581,1.22,Premium,H,SI1,61,59,6.92,6.86,4.2,4829
19583,0.9,Very Good,F,SI1,59.6,63,6.24,6.17,3.7,3992
19585,0.7,Premium,I,VVS2,62.4,61,5.75,5.6,3.54,2415
19592,0.7,Ideal,I,SI1,61.9,58,5.67,5.7,3.52,2054
19597,1,Very Good,H,SI1,62.4,58,6.37,6.42,3.99,4574
19600,0.5,Very Good,E,VS2,62.9,59,5.06,5.09,3.19,1624
19605,1.26,Ideal,G,VS1,61.6,56,6.96,7.03,4.31,9078
19606,1.5,Very Good,D,VS2,63.8,55,7.24,7.28,4.63,13629
19608,1.21,Premium,D,SI2,60.9,58,6.89,6.83,4.18,6031
19609,1.5,Ideal,I,SI2,60.6,59,7.37,7.48,4.5,7253
19614,0.54,Premium,F,VS2,59.4,57,5.35,5.29,3.16,1786
19615,0.74,Ideal,J,VS1,61.2,56,5.82,5.87,3.58,1985
19617,0.9,Good,J,VS2,62.3,64,6.09,6.17,3.82,3423
19621,0.39,Premium,G,VS1,62.6,58,4.7,4.66,2.93,1097
19622,0.41,Very Good,E,VVS1,61.2,62,4.76,4.78,2.92,1184
19623,1.29,Ideal,H,SI2,61.6,54,7,7.02,4.32,6300
19626,0.43,Very Good,F,VVS1,61.5,56,4.86,4.9,3,1358
19627,1.21,Ideal,H,VVS2,61.3,56,6.85,6.89,4.21,8950
19630,0.3,Ideal,H,VVS2,61.5,57,4.31,4.34,2.66,605
19636,1.19,Very Good,E,I1,60.2,61,6.87,6.91,4.15,3508
19637,1.59,Very Good,D,VS2,61.4,60,7.47,7.6,4.63,12846
19638,0.32,Ideal,G,VVS2,61.6,55,4.42,4.41,2.72,936
19639,0.83,Ideal,J,VS2,62.1,56,5.98,6.03,3.73,2570
19640,1.03,Premium,E,VS2,61.2,59,6.53,6.47,3.98,7192
19644,1.01,Ideal,G,SI1,61.2,57,6.44,6.5,3.96,5387
19647,2.01,Premium,E,SI2,62.6,58,8.01,7.93,4.99,14502
19648,0.33,Ideal,G,VVS1,61.5,56,4.45,4.46,2.74,868
19653,0.31,Good,G,VVS1,63.5,57,4.3,4.33,2.74,816
19655,0.31,Premium,G,VS2,61.7,59,4.34,4.31,2.67,698
19656,0.47,Good,D,SI1,63.8,59,4.9,4.88,3.12,987
19658,0.51,Ideal,G,VS1,,55,5.17,5.14,3.2,1781
19663,0.72,Premium,G,SI1,61.2,62,5.75,5.72,3.51,2212
19667,0.32,Ideal,D,VS2,62.3,57,4.39,4.41,2.74,758
19668,1.03,Very Good,G,SI2,63.1,58,6.41,6.37,4.03,4060
19670,0.4,Premium,E,VS1,61.2,59,4.76,4.72,2.9,1125
19671,1.24,Ideal,H,VVS2,62,56,6.92,6.86,4.27,8069
19673,0.32,Very Good,G,VVS2,62,55,4.39,4.42,2.73,730
19674,1.2,Premium,G,SI1,61.5,61,6.84,6.78,4.19,5947
19675,0.61,Premium,D,SI1,62.3,58,5.45,5.4,3.38,1976
19676,0.43,Very Good,G,SI1,62.7,56,4.8,4.83,3.02,754
19683,0.75,Premium,E,SI1,62.8,56,5.78,5.75,3.62,2698
19687,0.58,Ideal,J,SI1,61.5,55,5.36,5.4,3.31,1089
19689,0.71,Very Good,J,SI1,59.1,61,5.82,5.85,3.45,1861
19691,2.01,Good,E,SI2,62.3,61,7.99,8.04,4.99,17115
19693,0.9,Premium,G,SI1,62,61,6.13,6.07,3.78,3669
19695,0.38,Premium,G,VS2,60.4,57,4.7,4.67,2.83,983
19696,1.12,Fair,I,SI2,64.6,57,6.5,6.47,4.19,3669
19698,1.03,Ideal,E,VVS2,61.9,57,6.46,6.5,4.01,8811
19699,0.32,Ideal,E,VVS1,61.2,55,4.4,4.45,2.71,892
19703,2.08,Ideal,H,SI1,58.7,60,8.36,8.4,4.92,18760
19704,1.54,Premium,I,SI1,60.9,59,7.42,7.46,4.53,8258
19705,1.52,Premium,E,VS1,59.9,60,7.47,7.39,4.45,16779
19715,0.45,Very Good,I,VVS1,63,56,4.88,4.9,3.08,947
19716,0.9,Very Good,D,SI1,60.9,57,6.22,6.26,3.8,4438
19720,1.05,Premium,D,SI1,60.5,56,6.7,6.59,4,5927
19721,0.25,Ideal,E,VVS2,61.6,57,4.08,4.1,2.52,576
19725,0.9,Ideal,I,SI1,60.8,57,6.25,6.22,3.79,3251
19726,0.32,Very Good,H,VS2,62.4,58,4.33,4.36,2.71,505
19727,1.2,Ideal,I,SI1,62.6,58,6.74,6.71,4.21,5376
19728,0.41,Premium,E,VVS1,60.7,58,4.8,4.86,2.93,1367
19731,0.7,Very Good,G,VS1,60.8,56,5.72,5.76,3.49,2512
19732,0.3,Very Good,E,VVS2,60,55,4.36,4.41,2.63,837
19733,0.52,Ideal,F,SI1,61.8,55,5.19,5.15,3.2,1624
19738,1.51,Premium,H,VS1,61,60,7.34,7.29,4.46,11263
19741,0.24,Ideal,F,VVS2,60.7,56,3.98,4.03,2.43,552
19742,0.56,Ideal,F,VS2,60.8,57,5.35,5.42,3.28,1619
19743,0.23,Good,F,VVS1,58.1,52,4.03,4.1,2.36,458
19744,0.33,Ideal,G,VS2,61.3,57,4.45,4.49,2.74,598
19746,1.01,Premium,G,SI1,62.5,60,6.34,6.39,3.98,4588
19747,0.3,Very Good,G,VVS1,61.1,57,4.33,4.37,2.66,680
19748,0.55,Ideal,I,VVS1,62.7,57,5.17,5.23,3.26,1593
19751,0.94,Premium,G,SI1,61.9,57,6.29,6.24,3.88,4106
19753,0.3,Very Good,F,SI1,57.9,61,4.39,4.49,2.57,489
19755,1,Premium,I,VS2,,59,6.47,6.39,3.96,4452
19757,1.61,Good,H,SI2,63.8,62,7.38,7.35,4.7,9169
19761,0.61,Very Good,D,VS1,62.4,57,5.44,5.46,3.4,2096
19762,0.42,Ideal,G,VVS1,,55,4.81,4.87,2.98,1179
19763,2.01,Premium,I,SI1,60.2,59,8.18,8.12,4.91,17474
19766,1.5,Very Good,H,SI1,63.5,58,7.23,7.17,4.57,7459
19767,0.41,Ideal,D,VS1,61.1,56,4.8,4.83,2.94,1427
19769,0.45,Premium,I,SI2,60.1,59,4.96,4.92,3.02,830
19774,0.51,Ideal,D,VS1,61.6,57,5.13,5.16,3.17,1962
19778,0.36,Very Good,D,VS1,,57,4.71,4.74,2.79,832
19780,1.5,Premium,I,SI1,62.3,58,7.33,7.22,4.53,6888
19781,0.9,Very Good,H,VS2,63.7,61,6.04,6.07,3.86,4129
19782,0.33,Very Good,G,VS1,61.3,57,4.47,4.49,2.75,681
19783,1.31,Premium,I,VS1,58.5,60,7.18,7.15,4.19,6737
19784,0.4,Good,D,SI2,63.4,59,4.67,4.7,2.97,622
19785,0.32,Good,D,SI1,,55,4.35,4.36,2.78,550
19786,1.28,Ideal,G,VVS1,62.1,56,6.93,6.96,4.31,11147
19792,0.3,Premium,E,VS2,60,60,4.4,4.36,2.63,844
19793,2,Premium,D,SI2,61,58,8.06,7.97,4.89,14406
19796,1.45,Very Good,F,VS2,62.6,58,7.12,7.2,4.48,11667
19798,0.27,Ideal,E,VS2,61,55,4.18,4.2,2.56,577
19799,1.01,Good,J,VS2,63.3,54,6.34,6.42,4.04,3555
19801,0.31,Premium,E,VS1,58.9,59,4.5,4.47,2.64,930
19810,1.02,Ideal,G,SI1,61.5,57,6.54,6.44,3.99,5398
19811,0.4,Ideal,D,SI1,61.8,55,4.74,4.78,2.94,772
19813,1.13,Very Good,H,VS2,61.4,61,6.67,6.71,4.11,5548
19816,0.32,Very Good,F,VS1,62.2,55,4.37,4.39,2.72,616
19819,0.94,Premium,E,SI1,62,58,6.27,6.24,3.88,4580
19825,0.73,Premium,H,SI2,61.2,59,5.83,5.77,3.55,1699
19829,1.07,Very Good,F,SI2,59.4,60,6.68,6.75,3.99,4552
19831,1.51,Ideal,G,SI1,61.1,57,7.46,7.4,4.54,11465
19833,1.06,Ideal,F,I1,62.1,55,6.54,6.57,4.07,3544
19834,0.51,Good,E,VS2,63.1,59,5.04,5.07,3.19,1436
19835,1.1,Very Good,I,VS2,61.8,58,6.59,6.62,4.08,5524
19836,1.76,Ideal,I,SI2,61.2,55,7.76,7.79,4.76,9540
19837,0.83,Fair,I,VS2,64.9,58,5.9,5.84,3.81,2577
19838,1.08,Ideal,E,SI1,61.5,55,6.59,6.62,4.06,7672
19842,0.71,Good,J,VS2,63.5,64,5.65,5.6,3.57,1644
19843,0.71,Premium,F,SI2,62.3,60,5.7,5.67,3.54,2169
19849,1.26,Ideal,G,VS2,60.8,55,7.02,7.04,4.28,9399
19850,0.3,Ideal,H,SI1,61.9,54,4.31,4.34,2.68,514
19853,0.41,Ideal,H,SI1,61.5,55,4.78,4.81,2.95,763
19857,0.57,Ideal,I,IF,61,55,5.38,5.41,3.29,1779
19861,1.01,Premium,F,SI1,59.8,60,6.57,6.53,3.92,5345
19865,0.7,Ideal,H,SI1,61.8,53,5.71,5.74,3.54,2499
19866,0.9,Very Good,G,SI2,59.9,60,6.19,6.23,3.72,3581
19870,1.1,Ideal,F,I1,61.3,57,6.68,6.62,4.08,3690
19873,1.02,Premium,D,SI2,62.8,55,6.46,6.38,4.03,5055
19875,1.52,Ideal,F,SI1,61.5,55,7.44,7.41,4.57,12477
19876,0.4,Premium,D,VS1,62.5,60,4.72,4.66,2.93,1200
19878,0.52,Very Good,E,SI1,63,54,5.11,5.15,3.23,1330
19880,0.71,Ideal,E,SI1,61.7,56,5.74,5.77,3.55,2494
19881,0.5,Very Good,F,VS1,62,58,5.08,5.11,3.16,1692
19883,0.36,Good,D,SI1,63.2,56,4.52,4.56,2.87,619
19884,0.42,Ideal,G,VS2,61.7,57,4.8,4.83,2.97,847
19886,0.9,Fair,D,VS2,57.4,65,6.26,6.29,3.6,4277
19887,1.01,Fair,F,VS2,65.1,59,6.17,6.21,4.03,5784
19888,1.43,Very Good,H,SI1,61.7,59,7.23,7.29,4.48,8654
19889,0.51,Ideal,G,VS2,62.4,56,5.11,5.14,3.2,1438
19893,0.5,Premium,D,VS2,,59,5.09,5.04,3.11,1614
19895,1.01,Very Good,F,SI1,63,58,6.31,6.39,4,4619
19900,0.33,Premium,I,VVS1,61.9,60,4.44,4.41,2.74,780
19907,2.01,Premium,G,SI2,59.8,58,8.21,8.15,4.89,15977
19910,0.33,Premium,G,VVS1,62.8,59,4.44,4.38,2.77,1114
19918,0.35,Premium,I,VS2,62.9,57,4.53,4.5,2.84,630
19920,1.51,Fair,G,VS2,,65,7.68,7.57,4.27,8794
19921,0.4,Ideal,E,VS1,62.2,55,4.72,4.76,2.95,1053
19922,0.32,Ideal,G,VVS1,60.3,58,4.44,4.48,2.69,779
19924,0.3,Ideal,G,IF,62.1,55,4.32,4.35,2.69,863
19927,1.14,Premium,F,SI1,61.1,58,6.77,6.72,4.12,6448
19929,1,Ideal,E,I1,61.8,56,6.38,6.43,3.96,3520
19930,0.34,Ideal,E,VS2,62,56,4.46,4.48,2.77,646
19931,0.3,Very Good,G,VS1,62.4,58,4.22,4.24,2.64,605
19937,1.19,Ideal,E,SI2,61.9,56,6.84,6.8,4.22,5598
19943,1.13,Very Good,F,VVS2,59.6,59,6.82,6.87,4.08,9539
19945,1.52,Premium,I,VS2,61.7,61,7.35,7.3,4.52,6793
19946,0.33,Premium,G,VS1,61.6,60,4.46,4.41,2.73,854
19953,0.35,Ideal,H,IF,61.7,56,4.55,4.53,2.8,984
19954,0.3,Ideal,J,VS1,62.2,57,4.27,4.28,2.66,411
19956,0.9,Premium,J,VVS1,62,58,6.19,6.11,3.81,3617
19957,0.34,Ideal,F,VVS1,61.7,55,4.51,4.5,2.78,959
19958,0.34,Premium,F,SI2,60,58,4.58,4.55,2.74,574
19960,0.41,Ideal,E,SI2,61.2,56,4.81,4.84,2.95,760
19961,1.56,Ideal,H,VS2,60.7,57,7.49,7.53,4.56,12146
19962,0.47,Ideal,H,VS2,62.7,55,5.08,4.95,3.15,1058
19965,0.3,Ideal,F,IF,61.8,54,4.34,4.36,2.69,886
19968,0.44,Very Good,H,VVS1,63.1,56,4.83,4.87,3.06,1016
19971,0.53,Ideal,D,VS2,61.4,55,5.24,5.21,3.21,1704
19972,0.4,Premium,D,VS1,59.2,59,4.79,4.81,2.84,1123
19974,0.9,Good,E,SI1,60.8,65,6.14,6.17,3.74,3933
19976,1.41,Premium,H,VS2,61.2,60,7.17,7.21,4.4,8654
19978,1.32,Good,J,VS1,62.6,62,6.92,7.01,4.36,6147
19982,1.5,Premium,H,SI1,59.2,62,7.55,7.49,4.45,9576
19988,1,Premium,E,SI2,,60,6.42,6.45,3.94,4620
19989,0.64,Good,G,VS2,64.1,55.3,5.43,5.45,3.49,1906
19992,2.1,Very Good,I,SI2,60.6,60,8.29,8.33,5.04,12612
19994,0.77,Premium,E,VS1,60.8,56,5.95,5.9,3.6,3260
19995,2.09,Ideal,I,SI2,61.2,57,8.19,8.27,5.04,13807
19997,1.51,Very Good,H,VS2,60.9,54,7.38,7.41,4.5,11077
19998,0.32,Ideal,G,VS2,,56,4.36,4.4,2.72,524
19999,1.01,Very Good,H,SI1,61.8,60,6.38,6.44,3.96,4855
20003,0.31,Ideal,E,VS2,61.5,56,4.39,4.42,2.71,642
20008,0.9,Very Good,E,SI1,60.1,58,6.25,6.29,3.77,4034
20009,1.02,Premium,D,SI2,62.5,59,6.43,6.38,4,4907
20010,0.78,Very Good,E,SI2,60,63,5.99,5.95,3.58,2512
20011,0.72,Very Good,G,SI1,63.1,57,5.66,5.72,3.59,2353
20012,2.01,Very Good,I,VS2,59.6,58,8.18,8.23,4.89,16383
20013,0.7,Very Good,G,SI1,63.6,58,5.61,5.65,3.58,2209
20017,0.31,Good,I,SI1,63.8,55,4.31,4.34,2.76,408
20018,0.41,Premium,G,VS2,61.5,58,4.82,4.8,2.96,1061
20020,1,Ideal,D,IF,60.7,57,6.44,6.48,3.92,16469
20021,0.41,Premium,G,VVS1,60,59,4.84,4.83,2.9,1230
20027,1.09,Premium,I,VS2,59,61,6.78,6.75,3.98,4090
20028,1.07,Ideal,D,SI1,61.8,55,6.59,6.54,4.06,5872
20030,2,Very Good,I,SI1,62.9,59.2,7.95,8.08,5.05,15081
20031,0.59,Very Good,E,VVS2,59.8,57,5.48,5.53,3.29,2214
20033,1.01,Good,G,VVS2,63.2,59,6.27,6.35,3.99,7137
20034,0.39,Premium,G,VVS1,59.9,59,4.73,4.75,2.84,1095
20036,0.3,Very Good,G,VS2,63.5,59,4.22,4.17,2.66,644
20038,1.02,Ideal,E,SI1,62.3,54,6.45,6.49,4.03,5509
20040,0.72,Very Good,H,VS1,60.6,63,5.83,5.76,3.51,2782
20044,0.43,Premium,I,IF,61.2,58,4.88,4.83,2.97,1129
20046,0.75,Ideal,E,VS2,62,56,5.82,5.85,3.62,3120
20048,1.15,Premium,I,SI1,59.6,58,6.86,6.82,4.08,4959
20051,1.11,Ideal,E,SI1,62.5,54,6.62,6.63,4.13,6737
20053,1.01,Very Good,F,SI2,63.2,59,6.38,6.35,4.02,4497
20055,1.22,Premium,I,VS1,61.1,58,6.91,6.84,4.2,6121
20058,0.41,Ideal,E,VS1,62,54,4.76,4.79,2.96,1079
20059,1.01,Very Good,I,SI1,62.9,58,6.34,6.37,4,4166
20062,0.5,Very Good,J,SI1,63.2,55,5.07,5.03,3.19,1000
20063,0.72,Ideal,G,SI1,61.8,56,5.7,5.76,3.55,3048
20065,0.5,Very Good,G,VVS1,63.7,58,5.01,5.04,5.06,2180
20067,2.08,Good,I,SI2,63.8,58,8.02,8.1,5.14,13956
20068,1.01,Ideal,E,SI2,62.1,56,6.39,6.43,3.98,4355
20069,0.7,Ideal,G,VVS2,61.6,57,5.74,5.71,3.53,3725
20070,1.51,Premium,E,VS2,62.2,59,7.4,7.36,4.59,14844
20071,0.31,Ideal,E,VVS2,62,54,4.38,4.4,2.72,791
20072,0.36,Good,G,SI1,63.3,56,4.5,4.53,2.86,537
20073,0.31,Premium,G,IF,61.4,59,4.34,4.39,2.68,924
20075,0.74,Premium,G,SI2,63,56,5.77,5.75,3.63,2398
20076,0.62,Ideal,E,SI1,60.7,56,5.54,5.57,3.37,2156
20077,1.2,Very Good,F,VS1,62.6,59,6.64,6.71,4.18,8983
20085,0.4,Ideal,I,VVS1,62.3,53.7,4.72,4.74,2.95,870
20086,1.23,Ideal,H,VS1,62.1,54,6.87,6.89,4.27,7946
20087,0.5,Very Good,D,SI1,60.8,58,5.07,5.13,3.1,1436
20089,2.02,Ideal,H,SI2,62.1,57,8.13,8.09,5.04,10826
20099,0.31,Very Good,D,SI2,62.7,59,4.3,4.35,2.71,462
20105,2.03,Very Good,G,SI1,61.7,54,8.07,8.19,5.02,18507
20106,0.86,Premium,H,SI2,,58,6.15,6.12,3.74,2757
20107,2.03,Fair,H,I1,64.4,59,7.91,7.85,5.07,6002
20108,1.21,Premium,E,SI2,61.5,58,6.86,6.79,4.2,6223
20111,2.32,Ideal,G,SI2,61,58,8.5,8.54,5.2,18532
20114,0.52,Very Good,D,SI1,63.3,58,5.15,5.12,3.25,1605
20116,0.32,Ideal,E,VVS2,61.5,57,4.4,4.41,2.71,842
20117,0.52,Ideal,D,VS1,60.9,56,5.21,5.17,3.16,1835
20119,0.3,Good,D,VVS2,63.5,58,4.23,4.31,2.71,787
20122,0.3,Ideal,F,VS2,62.5,55,4.27,4.31,2.68,605
20128,1.51,Good,J,VS2,64,58,7.24,7.27,4.64,6936
20136,0.55,Ideal,E,SI1,60.1,57,5.36,5.38,3.22,1621
20137,0.51,Very Good,J,VS2,63.1,56,5.13,5.1,3.23,1080
20141,1.04,Very Good,F,IF,63,55,6.36,6.53,4.06,10264
20147,1.83,Premium,H,SI1,60.4,59,7.89,7.85,4.75,10162
20148,0.53,Ideal,D,VS2,61.7,55,5.21,5.23,3.22,1857
20151,0.32,Ideal,I,VS2,61.3,56,4.43,4.38,2.7,576
20153,1.37,Premium,H,VS1,62.9,58,7.12,7.07,4.46,8669
20156,0.33,Good,H,VS2,63.8,55,4.44,4.4,2.82,668
20158,1,Good,D,VS2,62.1,64,6.38,6.35,3.95,5174
20159,0.3,Ideal,F,VS2,60.5,56,4.37,4.33,2.63,828
20161,0.32,Ideal,G,IF,62.3,54,4.39,4.4,2.74,883
20165,0.3,Very Good,F,SI1,63.5,57,4.27,4.24,2.7,641
20166,0.31,Very Good,D,VS2,61.6,55,4.37,4.4,2.7,692
20173,1.22,Ideal,J,SI2,61.2,57,6.86,6.9,4.21,4676
20179,0.71,Ideal,J,VS1,61.9,55,5.75,5.69,3.54,2034
20181,2.03,Premium,J,SI2,62.7,59,8.08,8.02,5.05,12531
20182,1.24,Premium,G,VS1,62,55,6.95,6.89,4.29,8449
20185,0.71,Ideal,E,SI1,61.3,55,5.72,5.77,3.52,2792
20189,0.5,Very Good,G,VS1,61,58,5.08,5.15,3.12,1694
20190,0.41,Ideal,F,VVS1,61.9,56,4.79,4.77,2.96,1356
20193,0.94,Premium,E,SI1,60,58,6.37,6.44,3.84,4661
20203,1.17,Ideal,G,VS2,61.3,56,6.81,6.79,4.17,7548
20204,0.54,Ideal,E,VS2,61.1,57,5.24,5.26,3.21,1825
20206,1.6,Ideal,H,SI1,62.7,56,7.51,7.39,4.67,9548
20210,0.3,Good,E,SI1,63.7,58,4.24,4.27,2.71,526
20212,0.31,Ideal,D,VS2,61.5,56,4.35,4.36,2.68,734
20214,1.03,Ideal,H,VS2,62.3,56,6.46,6.44,4.02,5364
20217,0.55,Premium,E,VS2,61.4,57,5.29,5.27,3.24,1881
20223,0.3,Ideal,G,VS1,61.5,57,4.31,4.34,2.66,605
20226,0.71,Very Good,F,SI2,61.4,56,5.71,5.73,3.51,3075
20228,1.51,Premium,F,SI2,61.8,59,7.36,7.3,4.53,7441
20231,1.24,Very Good,H,SI2,60,58,6.99,7.05,4.21,5858
20232,0.64,Ideal,G,VVS1,61.9,56,5.53,5.56,3.43,2766
20237,0.33,Ideal,H,SI2,61.2,54,4.45,4.5,2.74,448
20242,0.37,Premium,E,VS2,61.1,57,4.66,4.63,2.84,1041
20244,0.27,Ideal,H,IF,61.6,56,4.18,4.21,2.58,566
20249,0.3,Ideal,G,IF,63,53,4.3,4.24,2.69,956
20254,0.43,Premium,D,SI2,61.1,58,4.9,4.86,2.98,919
20259,0.9,Very Good,I,VS1,62.6,58,6.09,6.15,3.83,3844
20260,0.81,Premium,D,SI1,60.7,58,6.07,5.99,3.66,3135
20261,0.26,Ideal,F,VVS1,62.4,56,4.1,4.11,2.56,599
20262,1.01,Premium,H,VS2,62.1,57,6.45,6.39,3.99,5120
20266,0.47,Ideal,H,VS2,61.7,57,4.99,5.03,3.09,1136
20269,0.38,Ideal,F,VS1,62.4,54,4.64,4.68,2.91,933
20270,1.51,Very Good,E,VS2,62.7,59,7.2,7.32,4.55,12779
20271,1,Ideal,F,VS2,62.6,57,6.4,6.35,3.99,6804
20272,0.34,Very Good,F,SI1,59.4,62,4.54,4.59,2.71,566
20274,1,Ideal,G,VVS2,60.8,57,6.45,6.47,3.93,7744
20275,0.62,Ideal,H,VS2,62.8,57,5.43,5.4,3.4,1652
20276,1.03,Very Good,H,SI2,63.1,56,6.43,6.38,4.04,3288
20277,1.54,Ideal,G,SI2,61.7,56,7.41,7.44,4.58,9359
20279,0.9,Ideal,I,SI1,60.8,57,6.22,6.25,3.79,3308
20280,1.09,Ideal,G,VS1,62.3,55,6.59,6.63,4.12,7820
20281,0.9,Premium,H,VVS2,62,58,6.16,6.13,3.81,4355
20283,0.55,Ideal,E,SI1,60.6,56,5.33,5.3,3.22,1668
20287,0.77,Ideal,G,VS1,62.4,54,5.93,5.89,3.69,3121
20288,0.31,Premium,E,VS1,60.2,58,4.38,4.43,2.65,734
20294,2,Good,G,I1,63.9,58,7.99,7.91,5.08,6854
20295,0.78,Ideal,H,SI2,61.6,54,5.94,5.88,3.64,2332
20297,0.74,Premium,F,SI1,60.7,59,5.85,5.82,3.54,2415
20299,2.07,Very Good,I,VS2,60.6,58,8.24,8.29,5.01,16378
20302,1.57,Premium,H,VVS2,62.1,56,7.47,7.43,4.63,12098
20303,2.12,Ideal,D,SI2,62.9,55,8.17,8.14,5.13,12707
20305,0.35,Premium,I,VS2,,58,4.55,4.57,2.79,491
20316,0.9,Good,F,SI1,63.9,59,6.06,6.09,3.88,4062
20319,0.84,Premium,H,SI2,61.3,58,6.1,6.04,3.72,2628
20323,0.51,Premium,G,VS1,62.2,58,5.11,5.09,3.17,1662
20328,0.71,Premium,F,SI1,60.9,59,5.74,5.69,3.48,2198
20331,0.69,Very Good,F,SI1,62.6,59.6,5.59,5.66,3.52,1951
20332,0.9,Good,H,SI1,63.2,61,6.12,6.03,3.84,3398
20335,0.61,Very Good,E,SI1,62.1,55,5.43,5.46,3.38,1829
20345,0.9,Good,J,VS2,57.9,63,6.32,6.35,3.67,3423
20346,1.57,Premium,I,VS2,62.5,58,7.5,7.42,4.66,9847
20347,0.73,Very Good,G,VS1,60.7,57,5.76,5.83,3.52,2939
20351,0.3,Ideal,H,SI1,62.2,57,4.26,4.29,2.66,450
20352,1.02,Premium,D,SI1,62.3,59,6.42,6.38,3.99,5998
20354,1.25,Very Good,G,SI2,61.4,59,6.97,6.93,4.27,6399
20355,1.01,Very Good,F,VS2,63.6,59,6.3,6.34,4.02,6714
20357,0.46,Very Good,J,VS1,62.5,58,4.87,4.92,3.06,874
20361,0.41,Premium,F,VS2,62.6,57,4.74,4.71,2.96,1107
20364,0.75,Ideal,F,SI1,61.8,56,5.84,5.87,3.62,3336
20371,1.01,Ideal,I,VS2,64.1,58,6.27,6.21,4,4378
20372,0.6,Very Good,D,VS2,61.5,59,5.4,5.43,3.33,1984
20376,0.95,Very Good,I,SI1,61,61,6.29,6.37,3.86,3544
20377,1.01,Good,J,VS1,61.5,61,6.39,6.45,3.95,4189
20382,0.3,Good,G,VVS2,63.8,57,4.24,4.26,2.71,684
20384,0.54,Ideal,F,SI1,61.5,55,5.23,5.28,3.23,1260
20385,0.7,Premium,G,SI2,61.8,61,5.66,5.63,3.49,2056
20387,0.31,Ideal,E,IF,,57,4.36,4.39,2.67,1319
20389,0.3,Ideal,H,VVS2,61.6,55,4.34,4.3,2.66,776
20390,0.54,Ideal,F,SI2,61.1,56,5.26,5.22,3.2,1240
20391,1.5,Premium,D,SI2,58.7,57,7.48,7.42,4.37,9173
20394,0.4,Ideal,H,VVS2,61.4,55.7,4.72,4.77,2.92,905
20398,2.01,Premium,J,SI1,63,57,8.07,8,5.06,13219
20405,0.7,Premium,D,VS2,60.9,57,5.71,5.69,3.47,2909
20406,1.01,Very Good,D,VVS2,59.8,57,6.49,6.58,3.91,10499
20407,1.66,Premium,D,SI1,62,59,7.6,7.55,4.7,14354
20408,1.2,Very Good,E,SI1,,57,6.7,6.79,4.23,7310
20411,0.31,Ideal,G,VS2,62,57,4.34,4.37,2.7,544
20413,0.41,Very Good,D,SI1,63,59,4.73,4.76,2.99,838
20420,0.71,Very Good,H,SI1,62.9,58,5.62,5.66,3.55,2246
20422,0.26,Very Good,H,VVS2,62.5,56,4.07,4.09,2.55,486
20427,0.34,Ideal,G,VS2,61.8,56,4.48,4.52,2.78,596
20428,0.79,Premium,G,VS2,62.3,58,5.92,5.89,3.68,2959
20429,0.32,Ideal,G,VVS1,61.7,56,4.37,4.41,2.71,730
20430,0.31,Premium,G,VVS1,62.5,57,4.4,4.3,2.72,1046
20433,0.72,Good,I,VS2,60.1,60.5,5.76,5.85,3.48,2174
20435,1.02,Premium,F,SI1,62.3,58,6.46,6.38,4,5398
20437,0.36,Ideal,E,VS1,61.8,56,4.6,4.56,2.83,1094
20439,0.33,Ideal,G,IF,61,55,4.49,4.52,2.75,946
20440,0.31,Ideal,G,VVS2,61.7,54,4.38,4.34,2.69,907
20445,1.06,Premium,F,SI1,58.4,61,6.73,6.69,3.92,5535
20449,0.7,Ideal,E,SI2,62.1,56,5.65,5.68,3.52,2453
20450,0.3,Ideal,G,VS2,61.6,58,4.27,4.3,2.64,545
20451,0.51,Ideal,G,VS1,61.6,56,5.18,5.15,3.18,1662
20457,0.32,Ideal,E,SI2,,55,4.36,4.41,2.72,449
20459,0.72,Ideal,I,VVS2,61,57,5.81,5.84,3.55,2602
20460,0.41,Premium,F,VVS2,61,59,4.83,4.77,2.93,1192
20461,1.01,Premium,F,SI1,60.3,58,6.53,6.61,3.96,4829
20467,0.72,Very Good,G,VS1,63.8,58,5.64,5.68,3.61,2819
20468,1.26,Ideal,I,SI2,62,56,7,6.94,4.32,5363
20469,0.35,Very Good,J,SI1,63.3,56,4.53,4.5,2.86,526
20470,1.51,Premium,H,VS2,61.2,58,7.4,7.36,4.52,11188
20477,2.01,Premium,J,SI2,60.8,57.2,8.13,8.15,4.95,13133
20483,1.04,Ideal,F,SI2,62.1,57,6.46,6.48,4.02,4668
20485,0.3,Ideal,G,IF,62.1,55,4.32,4.35,2.69,863
20487,0.24,Ideal,F,VVS2,61.7,55,3.99,4.02,2.47,678
20488,0.43,Premium,G,VS1,61.8,59,4.88,4.83,3,1008
20489,0.35,Ideal,H,VVS1,61.7,56,4.55,4.53,2.8,1024
20490,0.9,Premium,D,SI2,62.9,56,6.19,6.09,3.86,4007
20493,1.5,Good,G,VS2,63.6,60,7.24,7.2,4.59,12787
20494,0.31,Ideal,J,VVS2,62,56.1,4.31,4.33,2.68,468
20495,1.01,Ideal,G,VS1,61.2,57,6.42,6.47,3.95,7290
20496,1.28,Very Good,H,VS1,61.2,55,6.98,7.04,4.29,8645
20498,1.52,Very Good,F,VS2,62.9,53.3,7.31,7.36,4.61,15649
20501,0.44,Premium,G,VVS2,60.9,57,4.93,4.89,2.99,1155
20502,1.56,Good,I,VS2,57.2,62,7.66,7.72,4.4,9609
20507,0.38,Premium,I,VS1,61.3,60,4.65,4.62,2.84,898
20510,2.31,Premium,I,SI2,62.9,58,8.43,8.34,5.27,17218
20511,0.41,Ideal,E,VVS2,62,55,4.73,4.79,2.95,918
20513,1.51,Premium,I,VS1,63,59,7.3,7.28,4.59,9513
20516,1.01,Premium,G,SI2,60.1,59,6.55,6.46,3.91,4327
20517,1.02,Good,G,VS2,63.7,57,6.24,6.31,4,5943
20518,0.52,Ideal,G,VS2,62.2,55,5.18,5.14,3.21,1577
20519,1.02,Very Good,E,SI1,63.7,55,6.29,6.4,4.04,7277
20520,0.32,Ideal,H,VS1,60.2,56,4.44,4.49,2.69,561
20521,1.2,Good,I,SI1,62.3,58,6.66,6.72,4.17,5211
20523,0.9,Premium,G,VS2,62.8,58,6.14,6.09,3.84,4137
20527,1.01,Premium,G,VS1,59.9,59,6.48,6.51,3.89,6239
20528,0.32,Premium,E,VVS1,60.8,59,4.45,4.43,2.7,1044
20532,0.59,Ideal,D,SI2,62.3,55,5.41,5.38,3.36,1572
20535,0.54,Premium,D,VS2,61.6,55,5.28,5.24,3.24,1913
20536,0.37,Very Good,H,VS2,61.2,54,4.62,4.7,2.85,537
20537,0.6,Premium,G,VVS2,59.7,60,5.55,5.5,3.3,2105
20539,1.12,Premium,H,SI2,62.4,58,6.63,6.58,4.12,4250
20540,0.58,Ideal,F,VS1,61.9,54,5.37,5.33,3.31,1865
20545,0.24,Ideal,F,VVS2,61.4,59,4,4.05,2.47,540
20546,0.6,Very Good,D,SI1,60.3,58,5.44,5.51,3.3,1777
20550,1.22,Premium,G,VS2,61.2,58,6.81,6.91,4.2,7729
20551,0.71,Premium,F,VVS1,58.1,58,5.92,5.88,3.43,3347
20558,0.71,Very Good,G,VVS2,60.8,58,5.75,5.77,3.5,2977
20560,0.26,Premium,E,VS1,61.9,58,4.11,4.1,2.54,580
20563,1.54,Ideal,G,VVS1,60.8,57,7.49,7.45,4.54,16316
20567,0.92,Ideal,H,SI1,61.6,56,6.21,6.25,3.84,4587
20570,0.29,Premium,G,VS1,62.1,59,4.25,4.22,2.63,547
20574,2.14,Premium,H,SI2,61.2,57,8.36,8.32,5.1,13421
20576,0.7,Good,I,SI2,63.5,56,5.59,5.63,3.56,1675
20578,1.1,Premium,G,VS1,58.4,60,6.85,6.81,3.99,7399
20579,0.52,Ideal,D,VS1,62.1,57,5.13,5.2,3.21,1914
20580,0.6,Premium,F,VVS2,61.1,58,5.41,5.45,3.32,2560
20581,1.06,Premium,D,SI1,59.4,57,6.72,6.65,3.97,5817
20588,1.7,Premium,G,SI2,58.9,62,7.79,7.72,4.57,10091
20598,1.11,Very Good,E,SI2,62.8,55,6.6,6.62,4.15,4914
20600,0.98,Fair,G,SI2,66.6,56,6.12,6.02,4.04,3332
20612,2.01,Very Good,H,SI1,63.5,57,7.96,7.88,5.03,14725
20615,0.36,Ideal,E,VS1,,54,4.59,4.63,2.83,835
20617,0.33,Very Good,E,VVS2,59.8,58.7,4.47,4.51,2.68,893
20625,0.35,Ideal,F,SI1,62.2,56,4.48,4.52,2.8,583
20632,1.2,Very Good,G,SI1,63.5,56,6.77,6.7,4.28,6666
20640,1,Very Good,I,SI1,63.3,58,6.34,6.3,4,4200
20643,0.3,Premium,D,SI1,62.5,58,4.27,4.31,2.68,552
20644,1.5,Premium,I,VS2,61.1,60,7.33,7.36,4.49,9471
20646,0.31,Very Good,H,VVS2,62.6,58,4.28,4.31,2.69,625
20647,0.7,Good,F,VS2,64.3,59,5.6,5.56,3.59,2373
20648,0.56,Ideal,G,IF,62,56,5.33,5.28,3.29,2399
20652,0.31,Ideal,G,VVS1,61.5,55,4.39,4.42,2.71,789
20654,0.41,Ideal,D,SI2,62.6,55,4.76,4.8,2.99,683
20655,0.72,Very Good,G,SI1,62.8,59,5.69,5.74,3.59,2265
20658,1.24,Ideal,J,VS2,61.7,55,6.91,6.96,4.28,5412
20661,1,Fair,D,SI2,65.6,66,6.1,6.01,3.97,3767
20662,0.79,Ideal,F,SI1,62,55,5.93,5.95,3.68,3081
20667,0.34,Ideal,G,SI1,61.9,55,4.5,4.52,2.79,540
20674,0.74,Good,H,VS2,63,57,5.72,5.77,3.62,2327
20676,0.56,Ideal,G,SI1,62,57,5.25,5.27,3.26,1631
20678,0.27,Ideal,I,VS1,62.5,54,4.16,4.19,2.61,432
20680,2.01,Very Good,I,SI1,60.8,60,8.12,8.15,4.95,13849
20683,0.9,Ideal,F,SI2,61.9,56,6.19,6.24,3.85,3796
20685,1.26,Ideal,H,VS1,,57,6.97,7.03,4.27,8959
20688,0.3,Ideal,E,VS2,62.1,55,4.32,4.35,2.69,621
20690,0.3,Ideal,D,SI1,61.6,57,4.32,4.28,2.65,709
20695,1.31,Ideal,G,VS1,61.6,57,6.99,7.04,4.32,12008
20697,0.36,Ideal,D,VVS2,61.9,53,4.57,4.6,2.84,957
20698,0.82,Ideal,E,SI2,62.2,57,6,5.97,3.72,3012
20702,0.35,Ideal,D,VS2,62,55,4.47,4.53,2.79,829
20704,0.32,Ideal,F,VS2,62.4,54,4.4,4.38,2.74,828
20710,0.59,Very Good,I,VS2,60.3,59,5.41,5.43,3.27,1445
20713,1.14,Very Good,F,SI1,61.3,62,6.71,6.77,4.13,6194
20715,0.4,Ideal,G,SI1,62,55,4.72,4.76,2.94,692
20717,1.31,Premium,H,VS2,62.5,58,6.97,6.94,4.35,7459
20720,1.01,Premium,G,SI2,61.5,58,6.51,6.44,3.98,3461
20721,0.5,Fair,H,VS2,56.3,65,5.24,5.21,2.94,1332
20724,1.16,Very Good,J,VS2,63.7,56,6.63,6.68,4.24,4323
20726,0.32,Ideal,G,VVS2,61.6,55,4.41,4.42,2.72,730
20727,1,Premium,H,VS2,61.3,61,6.44,6.38,3.93,5096
20729,0.55,Very Good,E,VS2,61.7,59,5.2,5.27,3.23,1629
20731,1.01,Premium,D,IF,61.6,56,6.46,6.43,3.97,16234
20733,1.12,Ideal,H,SI1,60.7,56,6.74,6.7,4.08,5457
20735,0.23,Very Good,E,VVS2,62.5,55,3.94,3.96,2.47,505
20736,0.51,Premium,G,VVS1,60.2,58,5.24,5.2,3.14,2027
20741,0.91,Very Good,E,SI1,62.4,57,6.11,6.23,3.85,4211
20744,0.78,Ideal,J,VS1,61.4,57,5.9,5.93,3.63,2426
20746,2.66,Good,H,SI2,63.8,57,8.71,8.65,5.54,16239
20748,0.3,Good,I,SI1,63.2,55,4.25,4.29,2.7,405
20750,0.43,Ideal,E,VVS2,62,57,4.84,4.87,3.01,1245
20754,0.72,Very Good,D,VS1,64.1,57,5.68,5.71,3.65,3375
20756,0.36,Ideal,H,VS2,61,56,4.61,4.63,2.82,587
20757,0.25,Good,D,VS1,57.6,60,4.15,4.18,2.4,399
20762,0.56,Ideal,D,VS1,61.7,56,5.3,5.33,3.28,1924
20763,1.35,Good,I,VS2,59.2,65,7.18,7.13,4.23,5610
20769,1,Good,D,SI2,64.3,59,6.21,6.3,4.02,4065
20774,0.3,Ideal,D,VVS2,62.1,57,4.27,4.3,2.66,814
20776,0.3,Very Good,G,VVS1,61.3,56,4.34,4.37,2.67,691
20777,0.52,Ideal,I,SI1,61.8,55,5.16,5.19,3.2,1074
20778,0.34,Ideal,F,VS2,62.5,55,4.51,4.48,2.81,880
20780,0.36,Premium,I,VS1,62,59,4.6,4.53,2.83,729
20783,0.94,Premium,H,VS2,60.1,59,6.35,6.32,3.81,4548
20786,1.5,Very Good,I,IF,62.9,58,7.21,7.31,4.57,10147
20791,0.91,Very Good,F,SI1,60.4,59,6.22,6.26,3.77,4437
20793,0.33,Ideal,E,VS2,62.3,57,4.43,4.37,2.74,928
20796,1.04,Very Good,E,SI1,62.8,59,6.46,6.41,4.04,5689
20797,0.9,Good,D,SI2,60.3,64,6.14,6.1,3.69,3473
20801,1,Ideal,H,SI1,61.4,55,6.49,6.44,3.97,4676
20804,0.3,Very Good,F,VVS1,61.1,57,4.31,4.33,2.64,814
20806,0.9,Premium,F,VS2,,58,6.15,6.22,3.86,4801
20807,1.02,Ideal,H,VVS2,60.9,57,6.49,6.44,3.94,4798
20809,1.35,Premium,G,SI1,62.4,58,7.07,6.97,4.38,5799
20813,0.7,Fair,G,I1,67.3,57,5.53,5.38,3.68,956
20814,1.52,Ideal,G,VS1,,57,7.5,7.48,4.47,13903
20816,0.39,Ideal,F,VS1,60.9,56,4.75,4.68,2.87,956
20820,0.72,Premium,F,SI2,60.5,59,5.83,5.8,3.52,2298
20821,0.71,Premium,H,SI2,61.5,60,5.72,5.7,3.51,1826
20822,0.36,Premium,G,SI1,61.8,59,4.57,4.55,2.82,689
20823,0.32,Very Good,G,VS1,60.8,56,4.45,4.48,2.71,660
20825,1.31,Very Good,I,SI1,62.6,59,6.97,6.86,4.33,6686
20827,0.9,Fair,G,SI1,65.2,59,6.05,6.01,3.93,3250
20832,0.24,Very Good,F,VS2,61.9,59,3.98,4,2.47,419
20837,2.07,Premium,H,SI1,61.2,60,8.2,8.12,4.99,14476
20841,0.23,Very Good,E,VVS2,60,56,4.03,4.07,2.43,530
20844,0.72,Ideal,J,VVS1,62.4,58,5.71,5.76,3.58,2139
20846,0.27,Very Good,E,VVS1,62.4,55,4.18,4.22,2.62,591
20847,0.41,Very Good,G,VVS2,61.9,54,4.77,4.82,2.96,932
20848,0.82,Very Good,J,SI2,62,58,5.93,5.98,3.69,2175
20849,1,Ideal,F,VS1,61.9,57,6.41,6.39,3.96,7526
20850,0.52,Ideal,E,VVS2,61.8,56,5.16,5.19,3.2,2301
20852,0.35,Premium,G,VVS1,61.8,57,4.53,4.5,2.79,1103
20855,2.55,Premium,I,VS1,61.8,62,8.7,8.65,5.36,18766
20858,1.04,Premium,H,SI1,62.6,59,6.43,6.47,4.04,4890
20859,0.33,Ideal,F,VVS1,61.1,55,4.48,4.52,2.75,854
20861,1.51,Good,I,SI1,63.8,57,7.21,7.18,4.59,6046
20862,0.51,Ideal,G,VVS1,60.8,56,5.21,5.22,3.17,1839
20865,0.52,Ideal,J,VS2,61.4,57,5.17,5.21,3.19,1151
20868,0.66,Ideal,G,SI1,61.7,55,5.64,5.6,3.47,1885
20869,1.07,Ideal,J,VS2,61.6,56.3,6.55,6.59,4.04,4602
20870,0.51,Ideal,G,IF,62.4,54,5.12,5.17,3.21,2096
20873,0.31,Ideal,F,IF,62.1,54,4.36,4.4,2.72,914
20875,1.13,Very Good,E,VS2,61.9,61,6.61,6.64,4.1,8358
20876,0.61,Ideal,G,VVS2,60.1,57,5.52,5.54,3.32,2816
20878,0.77,Very Good,J,SI2,61.3,58,5.84,5.91,3.6,2001
20879,0.35,Ideal,J,VS2,,55,4.55,4.57,2.8,446
20880,0.91,Very Good,G,SI2,,59,6.19,6.22,3.85,3238
20881,0.52,Good,G,VS1,63.3,55,5.09,5.12,3.23,1689
20882,1.11,Premium,H,SI2,61.6,60,6.67,6.6,4.09,4662
20886,1.33,Very Good,J,VS1,61.7,55,7.07,7.12,4.38,6442
20887,0.39,Premium,F,VS1,62,56,4.72,4.64,2.9,1010
20890,1.04,Ideal,H,SI2,60.3,56,6.61,6.58,3.98,4193
20891,1.02,Very Good,G,VVS1,62.1,59,6.36,6.39,3.96,7861
20893,1.1,Ideal,F,VS1,61.5,59,6.63,6.58,4.06,8796
20894,0.3,Good,I,SI1,64.1,57,4.3,4.25,2.74,506
20897,0.71,Ideal,G,SI1,61.9,56,5.73,5.76,3.55,3007
20900,1.01,Premium,E,SI2,59.1,60,6.57,6.55,3.88,4412
20902,0.9,Premium,H,VS1,62.4,58,6.15,6.19,3.85,4309
20903,0.7,Very Good,E,SI2,60.2,64,5.67,5.7,3.42,1964
20905,0.4,Very Good,D,SI1,,61,4.71,4.67,2.96,924
20907,1,Ideal,J,VS1,62.3,56,6.43,6.38,3.99,4144
20910,0.52,Premium,F,VS2,62.2,58,5.17,5.12,3.2,1720
20915,1,Good,F,VS2,63.2,59,6.3,6.35,4,6183
20921,0.3,Ideal,E,VS2,61.8,55,4.34,4.36,2.69,795
20922,0.61,Ideal,D,SI1,61.6,55,5.49,5.51,3.39,1904
20928,1.51,Premium,G,SI1,61.6,59,7.32,7.3,4.5,10739
20931,0.7,Good,G,VS2,63.8,55,5.66,5.59,3.59,2496
20932,0.52,Ideal,H,VS1,61.4,56,5.2,5.23,3.2,1408
20934,1.28,Ideal,G,VS1,62.1,57,6.91,6.94,4.3,10126
20935,1.51,Fair,I,VS2,,60,7.18,7.1,4.63,8879
20939,0.9,Premium,I,SI1,60.9,56,6.26,6.21,3.8,2947
20940,0.71,Ideal,E,SI2,,57,5.74,5.78,3.54,2470
20943,0.3,Ideal,G,VVS2,61.1,57,4.35,4.32,2.65,878
20949,0.71,Very Good,I,VS1,62.9,59,5.68,5.71,3.58,2226
20950,0.7,Fair,I,VS1,60.2,66,5.77,5.62,3.44,2234
20951,1.68,Ideal,I,VS2,62.1,57,7.6,7.54,4.7,10800
20955,1.03,Ideal,G,VS1,61.4,55,6.5,6.53,4,7481
20957,0.3,Premium,E,VS2,62.2,60,4.24,4.28,2.65,658
20968,0.31,Ideal,F,VS2,60.8,57,4.39,4.36,2.66,802
20969,0.6,Good,I,VS1,60.1,62,5.42,5.49,3.28,1378
20971,2.21,Ideal,I,SI1,61.6,57,8.38,8.43,5.18,18062
20975,0.33,Very Good,E,SI1,60.2,58,4.49,4.55,2.72,579
20976,0.31,Ideal,I,VS2,62.3,53.8,4.32,4.36,2.7,447
20981,0.72,Ideal,H,SI2,60.9,56,5.87,5.78,3.55,1901
20982,0.5,Ideal,I,VVS2,60.5,57,5.14,5.17,3.12,1640
20983,0.5,Premium,G,SI2,62.5,57,5.04,5.01,3.14,1000
20987,0.54,Very Good,F,VS1,60,61,5.31,5.26,3.17,1657
20989,1.5,Good,F,SI1,60.5,62,7.32,7.38,4.45,11399
20991,0.71,Ideal,I,VS1,62.1,56,5.72,5.68,3.54,2327
20992,1.51,Premium,G,SI1,62.2,58,7.3,7.26,4.53,10688
20996,1.02,Good,D,VS2,63.2,58,6.36,6.4,4.03,7539
20997,2.07,Premium,H,SI2,59.6,60,8.3,8.24,4.93,11094
20998,1.01,Ideal,D,SI1,61.4,59,6.4,6.44,3.94,5812
20999,0.33,Premium,G,VS1,61.3,58,4.42,4.45,2.72,666
21000,0.42,Premium,F,SI1,61.8,58,4.81,4.84,2.98,773
21004,1.07,Premium,F,SI1,61.7,58,6.54,6.61,4.06,5042
21007,0.33,Ideal,I,VS1,61.6,57,4.41,4.46,2.73,521
21008,1.54,Premium,G,SI1,61,59,7.43,7.38,4.52,12592
21009,1.23,Ideal,H,VS2,62.2,55,6.81,6.85,4.25,7130
21010,1.01,Very Good,D,SI1,62.1,59,6.37,6.41,3.97,6630
21012,0.24,Very Good,E,VS2,63.5,53,3.96,3.98,2.52,419
21013,1.12,Very Good,G,I1,61.2,63,6.68,6.59,4.05,3017
21015,0.81,Very Good,E,SI1,61.9,60,5.87,5.95,3.66,3643
21016,0.34,Premium,H,VS2,61.9,56,4.49,4.46,2.77,689
21020,0.5,Premium,F,VS2,62.2,59,5.06,5.1,3.16,1436
21023,0.34,Premium,D,VS2,59.3,58,4.55,4.52,2.69,1033
21025,0.5,Good,H,VS2,56.3,65,5.21,5.24,2.94,1239
21026,0.93,Premium,F,SI1,62.3,58,6.18,6.22,3.86,4373
21033,0.38,Premium,H,VS2,60.9,60,4.62,4.67,2.83,700
21035,0.32,Good,E,SI1,,56,4.34,4.38,2.77,524
21036,0.35,Very Good,E,SI1,62.9,58,4.48,4.52,2.83,614
21037,1.5,Premium,G,VVS2,62.7,58,7.28,7.32,4.58,14157
21038,1.2,Ideal,G,VS1,62.4,57.1,6.72,6.79,4.23,8698
21041,0.73,Ideal,I,VVS2,61.9,55,5.8,5.84,3.6,2513
21043,0.4,Premium,G,SI1,62,59,4.7,4.72,2.92,702
21044,1.24,Ideal,G,SI2,61.4,56,6.98,6.92,4.27,5520
21046,0.56,Ideal,E,VVS2,61,56,5.32,5.36,3.26,2404
21048,0.3,Good,G,SI1,63.8,56,4.26,4.3,2.73,447
21053,0.3,Good,G,VS1,63.1,58,4.24,4.28,2.69,605
21056,0.54,Ideal,I,VVS2,61.7,54,5.25,5.29,3.25,1346
21058,1.06,Premium,D,SI1,58.9,61,6.69,6.63,3.92,5983
21059,1,Very Good,F,SI1,61,60,6.38,6.43,3.91,5804
21066,1.5,Very Good,E,VS1,59.5,61,7.43,7.46,4.43,16988
21072,0.9,Very Good,D,SI1,62.8,59,6.12,6.18,3.86,4466
21073,1.52,Premium,D,SI1,60.8,61,7.39,7.26,4.45,11220
21076,0.35,Ideal,G,IF,61.2,57,4.54,4.57,2.79,979
21081,0.74,Very Good,H,SI2,63.1,56,5.78,5.75,3.64,2264
21082,0.33,Ideal,E,VS1,61.5,56,4.45,4.5,2.75,692
21083,1.58,Ideal,E,VS2,62.7,56,7.45,7.55,4.7,15579
21088,0.34,Ideal,G,IF,61.9,55,4.51,4.54,2.8,974
21089,0.9,Premium,D,SI2,61.2,62,6.22,6.07,3.76,4133
21094,0.69,Fair,I,VS1,57.9,63,5.73,5.77,3.33,1692
21095,1.01,Good,F,VS2,61.7,58,6.3,6.34,3.9,6288
21098,1,Premium,G,SI2,62.2,57,6.29,6.25,3.9,3998
21099,0.98,Premium,F,SI2,61.8,58,6.37,6.32,3.92,4308
21105,0.82,Very Good,J,SI1,,57,5.88,5.94,3.72,2313
21107,0.53,Ideal,I,VVS1,62.2,53,5.17,5.21,3.23,1435
21116,1.09,Premium,G,VS2,61,59,6.6,6.65,4.04,6906
21117,0.46,Very Good,G,VVS1,61.7,60,4.94,4.98,3.06,1413
21118,0.41,Good,G,VVS1,61,61,4.77,4.8,2.92,986
21119,0.28,Very Good,E,VVS1,61.1,60,4.17,4.21,2.56,646
21127,0.7,Good,H,VS2,64.2,58,5.61,5.58,3.59,2351
21129,1.2,Premium,I,SI2,60,58,6.93,6.91,4.15,5080
21130,1.01,Very Good,G,VS1,60.5,60,6.44,6.52,3.92,6239
21133,0.77,Very Good,G,VS2,58.3,63,6,6.05,3.51,2896
21135,0.58,Ideal,I,VVS1,63,57,5.34,5.29,3.35,1758
21137,0.31,Ideal,E,VS2,61.5,55,4.41,4.37,2.7,872
21138,0.3,Ideal,H,VS1,61.9,58,4.3,4.32,2.67,545
21139,0.7,Ideal,I,VS1,62.7,57,5.63,5.67,3.54,2163
21143,0.7,Ideal,J,VS2,62.6,57,5.64,5.67,3.54,1874
21146,0.51,Ideal,D,VS2,,57,5.12,5.09,3.18,1882
21147,0.42,Very Good,F,IF,,58,4.87,4.9,2.93,1722
21148,1.27,Ideal,H,VS2,60.3,56,7.08,7.02,4.25,7219
21150,0.7,Good,E,VS1,65.5,57,5.46,5.54,3.6,2657
21159,0.56,Good,E,VS2,61.4,62,5.34,5.28,3.26,1736
21160,1.02,Very Good,E,I1,60.4,62,6.47,6.52,3.92,3455
21161,0.37,Very Good,F,IF,60.4,57,4.65,4.68,2.81,995
21163,0.92,Very Good,E,VS1,60.9,61,6.22,6.25,3.8,5453
21167,0.3,Very Good,H,VVS2,63,56,4.24,4.27,2.68,581
21170,0.32,Ideal,G,VS1,61.2,56,4.39,4.43,2.7,645
21171,0.23,Premium,E,VVS1,61.3,60,4.01,3.95,2.44,680
21176,1.29,Premium,F,VS1,60.9,58,7.01,6.97,4.26,10530
21177,1.16,Ideal,I,SI2,62.6,56,6.68,6.73,4.2,4478
21180,1.52,Premium,G,SI1,62.2,58,7.39,7.33,4.58,8512
21183,0.34,Ideal,G,VVS2,61.9,57,4.48,4.44,2.76,995
21190,1.01,Ideal,E,VS1,,56,6.45,6.49,3.98,9503
21192,0.29,Good,E,VVS2,62.7,61,4.2,4.22,2.64,633
21198,1.22,Ideal,H,VS2,61.4,57,6.89,6.85,4.22,6947
21200,0.7,Very Good,G,SI1,61.7,56,5.66,5.75,3.52,2310
21203,0.32,Ideal,E,IF,61.9,56,4.4,4.42,2.73,1095
21204,0.81,Ideal,E,SI1,60.3,56,6.05,6.13,3.67,3413
21205,0.5,Very Good,H,VS2,61.2,55,5.12,5.16,3.15,1411
21208,0.44,Ideal,G,VVS1,60.3,57,4.92,4.96,2.98,1207
21210,0.51,Good,H,VS1,59.4,61.9,5.18,5.2,3.08,1376
21211,1.38,Ideal,G,VVS1,61.8,56,7.15,7.12,4.41,13250
21214,0.35,Premium,E,VS1,60.8,58,4.58,4.55,2.78,1063
21215,0.66,Ideal,D,VVS2,61.3,57,5.59,5.63,3.44,3915
21216,0.7,Ideal,F,SI1,62.1,55,5.68,5.72,3.54,2409
21218,0.3,Premium,F,SI1,60.9,58,4.37,4.3,2.64,603
21219,0.5,Very Good,F,VVS2,61.2,57,5.1,5.13,3.13,1891
21222,0.71,Very Good,I,SI1,62.6,59,5.67,5.7,3.56,2218
21223,0.37,Premium,E,VS2,60.3,58,4.63,4.66,2.8,811
21229,1.05,Ideal,I,SI1,62.1,59,6.5,6.47,4.03,4516
21231,1.6,Very Good,I,VS1,58.6,58,7.66,7.72,4.51,10824
21232,0.28,Very Good,H,VS2,59.7,60,4.25,4.29,2.55,394
21238,0.43,Ideal,G,VVS2,60.9,57,4.9,4.85,2.97,1129
21241,0.29,Ideal,F,VVS2,61.1,58,4.26,4.28,2.61,715
21246,1.32,Ideal,I,VS2,60.8,57,7.07,7.02,4.28,7209
21247,0.71,Ideal,I,SI1,62.2,55,5.7,5.75,3.56,2376
21249,0.4,Premium,D,SI2,61.7,58,4.69,4.74,2.91,666
21252,0.38,Ideal,E,SI2,61.5,55,4.69,4.72,2.89,603
21258,1.29,Ideal,F,SI2,60.7,58,7,7.07,4.27,6762
21262,0.91,Ideal,G,SI1,62,54,6.23,6.26,3.87,4453
21270,0.33,Very Good,H,IF,61.7,59,4.43,4.45,2.74,787
21276,0.9,Premium,E,SI1,62.3,56,6.21,6.14,3.85,4502
21277,0.51,Ideal,E,VS2,60.9,56,5.2,5.15,3.15,1781
21281,0.71,Ideal,H,SI2,61.5,56,5.71,5.74,3.52,2122
21286,0.55,Ideal,F,VS2,60.9,56,5.3,5.34,3.24,1709
21292,0.41,Very Good,E,VS1,62.8,56,4.72,4.77,2.98,834
21294,0.78,Ideal,G,SI2,62.1,54,5.92,5.94,3.68,2561
21297,1,Premium,F,SI1,61.9,60,6.39,6.34,3.94,5645
21301,1.61,Premium,H,SI1,62.8,58,7.47,7.4,4.67,7754
21302,1.04,Ideal,G,SI1,61.9,53,6.53,6.54,4.05,5570
21303,0.5,Ideal,G,VVS1,62.2,56,5.12,5.1,3.18,2070
21305,0.25,Premium,F,VVS1,60.7,59,4.1,4.07,2.48,740
21306,0.41,Ideal,E,VS2,62.1,56,4.74,4.76,2.95,935
21307,0.34,Premium,E,SI1,59.3,58,4.59,4.55,2.71,612
21308,0.5,Very Good,I,SI1,63.5,56,5.02,5.06,3.2,1048
21310,0.9,Very Good,F,I1,61.9,59,6.16,6.18,3.82,2199
21313,0.71,Ideal,G,VS1,62.9,58,5.66,5.69,3.57,2820
21314,1.11,Ideal,H,SI1,62.3,55,6.7,6.65,4.16,5456
21316,0.33,Premium,D,SI1,60.3,58,4.47,4.49,2.7,608
21317,0.51,Ideal,E,SI1,61.4,56,5.15,5.17,3.17,1377
21320,0.53,Ideal,D,SI1,60.4,57,5.28,5.31,3.2,2021
21324,0.7,Very Good,H,SI1,58.5,65,5.81,5.84,3.41,2475
21329,0.7,Premium,G,VS2,61.6,58,5.69,5.73,3.52,2633
21330,0.59,Ideal,D,SI1,61.4,55,5.41,5.43,3.33,1783
21333,2.15,Very Good,I,SI2,63.4,56,8.2,8.15,5.18,12100
21335,1.05,Ideal,E,VVS2,62.4,56,6.49,6.52,4.06,8982
21339,0.7,Fair,H,VS2,65,56,5.6,5.5,3.61,2268
21346,0.52,Ideal,H,VS1,62.5,58,5.14,5.17,3.22,1582
21348,1,Premium,F,VS2,62.2,57,6.43,6.4,3.99,6296
21349,0.52,Ideal,H,VS1,61.7,55,5.21,5.17,3.2,1790
21353,1.24,Very Good,J,SI2,60.4,61,6.85,6.92,4.16,4737
21354,1.01,Good,H,SI1,63.4,58,6.37,6.41,4.05,4116
21355,0.23,Very Good,E,VVS1,58.6,61,4.02,4.04,2.36,530
21359,1.17,Ideal,J,SI1,,55,6.74,6.77,4.21,4883
21361,0.69,Ideal,G,SI2,62.7,54,5.71,5.64,3.56,1711
21362,0.31,Ideal,E,VS2,61.6,57,4.35,4.38,2.69,680
21363,0.41,Premium,E,VVS2,60.9,56,4.84,4.78,2.93,1231
21366,0.43,Ideal,G,IF,61.2,57,4.81,4.86,2.96,1433
21367,1.05,Very Good,J,SI2,60.9,60,6.51,6.59,3.99,3395
21369,2.38,Premium,J,VS2,62.6,59,8.52,8.49,5.32,16273
21372,0.55,Premium,G,SI1,61.3,59,5.28,5.23,3.22,1415
21376,0.38,Ideal,E,VVS1,61.9,53.7,4.66,4.67,2.89,1245
21381,0.27,Ideal,E,VVS1,61.7,57,4.16,4.14,2.56,846
21382,0.61,Very Good,D,VS2,61.5,57,5.45,5.48,3.36,2266
21384,1.5,Very Good,E,VS2,59.4,62,7.4,7.48,4.42,12474
21385,0.42,Ideal,F,VVS1,62,55,4.84,4.81,2.99,1389
21386,0.5,Ideal,F,SI1,61,56,5.15,5.17,3.15,1286
21389,1.28,Ideal,G,VS1,62.7,53,6.94,6.97,4.36,9372
21393,0.3,Ideal,E,VS2,61.4,59,4.3,4.27,2.63,911
21397,0.51,Premium,E,VS2,60.3,59,5.2,5.22,3.14,1656
21398,0.9,Very Good,G,VS1,61.5,56,6.2,6.23,3.82,5148
21399,0.4,Ideal,G,VVS1,60.2,60,4.78,4.82,2.89,997
21402,0.31,Very Good,G,VS2,63.5,58,4.29,4.22,2.7,698
21403,1.01,Good,F,SI1,63.8,59,6.29,6.32,4.02,4899
21406,1.01,Good,F,VS2,65.2,57,6.19,6.23,4.05,5700
21407,0.91,Fair,F,VS2,58,56,6.34,6.41,3.7,4474
21408,0.71,Very Good,F,VS2,61.3,61,5.68,5.73,3.5,2860
21410,1.16,Premium,G,SI1,63,58,6.7,6.66,4.21,5366
21411,0.28,Good,H,VVS1,56,64,4.38,4.41,2.46,480
21413,0.55,Ideal,E,SI1,61.6,56,5.26,5.28,3.25,1621
21414,1,Premium,D,SI1,61.5,60,6.34,6.38,3.91,5390
21416,0.76,Ideal,I,VVS1,62.2,55,5.89,5.87,3.66,2753
21419,0.72,Ideal,D,VS2,,54,5.76,5.81,3.59,3450
21420,0.41,Very Good,D,SI1,63.1,57,4.73,4.68,2.97,920
21421,0.34,Ideal,F,SI2,60.1,56,4.55,4.54,2.73,574
21424,1.2,Good,G,VS2,65.2,56,6.61,6.67,4.33,6793
21425,0.52,Very Good,E,VS2,60.9,57,5.17,5.2,3.16,1689
21426,0.47,Ideal,G,SI1,60.8,56,5,5.03,3.05,1163
21427,1.03,Ideal,E,VS1,61.9,57,6.46,6.44,4,8629
21430,1.58,Ideal,I,VS2,61.4,55,7.49,7.55,4.62,10197
21433,0.4,Good,F,SI1,63.6,57,4.7,4.67,2.98,945
21434,0.27,Premium,E,VS1,61.5,58,4.22,4.17,2.58,603
21435,1.02,Good,D,SI1,56.9,62,6.64,6.69,3.79,4948
21436,0.31,Very Good,H,VVS2,61.2,60,4.37,4.39,2.68,625
21439,1.1,Ideal,F,SI1,61.6,54,6.66,6.69,4.11,6621
21440,0.9,Very Good,F,VS2,63.2,58,6.11,6.16,3.88,4504
21442,0.41,Premium,E,VS1,62.3,59,4.74,4.76,2.96,1079
21443,1.7,Very Good,H,VS2,62.8,58,7.52,7.57,4.74,12874
21444,1.02,Ideal,F,SI2,62.1,56,6.41,6.44,3.99,4162
21449,1,Good,E,SI1,58.2,61,6.53,6.57,3.81,5330
21451,0.88,Good,I,SI1,60.2,64,6.18,6.22,3.73,2558
21459,0.77,Very Good,G,VS1,62.8,58,5.78,5.84,3.65,2986
21461,1.21,Premium,J,SI2,60.9,60,6.82,6.78,4.14,4440
21465,0.39,Ideal,F,VVS1,62.2,54,4.71,4.74,2.94,1124
21469,0.35,Very Good,E,VS1,59.7,59,4.59,4.62,2.75,790
21477,0.9,Very Good,G,SI2,63.1,59,6.11,6.16,3.87,3353
21479,0.51,Premium,E,SI1,62.8,61,5.07,5.06,3.18,1443
21480,1.5,Premium,E,VVS2,58.7,61,7.49,7.36,4.36,17667
21481,1.34,Ideal,G,VVS1,62.2,56,7.11,7.04,4.4,11640
21485,1.06,Premium,J,SI2,62,58,6.53,6.45,4.04,3823
21488,0.31,Premium,H,IF,61.7,58,4.33,4.36,2.68,816
21490,0.72,Ideal,H,VVS1,,55,5.74,5.77,3.57,2958
21493,0.51,Ideal,G,VVS2,62.9,57,5.12,5.06,3.2,1842
21494,0.9,Premium,D,SI1,62.7,58,6.15,6.09,3.84,4304
21505,2.01,Premium,H,SI1,60.2,58,8.06,8.03,4.84,14502
21507,1.09,Premium,F,VS1,61.3,60,6.67,6.61,4.07,7588
21513,1.55,Premium,I,SI2,61.5,58,7.39,7.46,4.57,7256
21516,0.39,Ideal,E,VS1,62.7,53.6,4.67,4.69,2.93,1004
21517,0.32,Ideal,I,VS1,62.3,56,4.37,4.4,2.73,471
21523,0.31,Premium,G,VS1,61.8,59,4.32,4.35,2.68,625
21525,0.9,Good,F,SI2,63.2,58,6.09,6.12,3.86,3318
21526,2.06,Very Good,G,SI2,59.8,61,8.22,8.26,4.93,15805
21528,0.35,Premium,F,VS2,61.5,59,4.53,4.55,2.79,706
21535,1.11,Good,J,IF,58.3,62,6.77,6.84,3.97,5361
21537,0.42,Premium,G,IF,60.2,59,4.8,4.87,2.91,1400
21538,0.58,Premium,E,VS2,61.5,58,5.41,5.38,3.32,2535
21539,0.7,Very Good,F,VVS1,60.6,60,5.67,5.7,3.45,3536
21541,0.39,Very Good,F,SI1,60,55,4.76,4.79,2.86,661
21542,1,Very Good,D,SI1,62.2,58,6.34,6.45,3.98,5621
21544,2.26,Ideal,G,SI2,61.9,57,8.44,8.36,5.2,12831
21545,0.94,Good,I,SI2,63.8,60,6.21,6.14,3.94,3079
21548,1.02,Premium,G,SI1,62.3,59,6.4,6.44,4,4633
21554,1.56,Ideal,J,VS1,62.5,56,7.38,7.46,4.64,8763
21560,0.51,Ideal,D,SI2,62.8,57,5.12,5.1,3.21,1359
21561,0.58,Ideal,G,VS1,62.6,54,5.3,5.34,3.33,1884
21565,0.31,Ideal,D,VS1,60.5,57,4.39,4.41,2.66,752
21566,0.37,Premium,E,VS2,61,59,4.65,4.6,2.82,888
21567,0.31,Premium,G,VVS1,61.2,59,4.32,4.34,2.65,816
21568,1.25,Premium,H,VS1,62.7,59,6.82,6.86,4.29,7328
21569,0.31,Ideal,H,IF,61.8,56,4.36,4.38,2.7,816
21570,1.29,Premium,F,VS1,61.3,61,7.05,6.95,4.29,10801
21579,2.33,Premium,H,I1,60.7,58,8.64,8.56,5.22,8220
21580,2.01,Very Good,I,VS2,62.1,60,7.96,8.01,4.96,15919
21581,1.03,Ideal,I,VS2,61.2,56,6.5,6.51,3.98,5378
21582,0.45,Premium,I,VS1,62.3,58,4.86,4.84,3.02,1035
21583,0.44,Ideal,E,VVS1,61.1,56,4.91,4.94,3.01,1924
21584,0.3,Very Good,G,VS2,63.1,58,4.27,4.23,2.68,630
21585,0.3,Ideal,H,SI1,62.6,53.1,4.27,4.3,2.69,475
21586,0.95,Premium,G,SI1,62.6,58,6.26,6.21,3.9,4150
21587,1.2,Fair,H,SI2,64.8,60,6.55,6.59,4.26,4916
21589,0.7,Good,E,VS1,59.8,62,5.74,5.8,3.45,2973
21594,1.12,Very Good,G,SI2,63.3,58,6.7,6.63,4.22,4478
21597,0.83,Very Good,H,VS1,63.1,60,5.91,5.98,3.75,3153
21599,1.15,Premium,G,SI2,62.5,55,6.72,6.68,4.19,4861
21602,2.15,Ideal,H,SI2,61.8,57,8.24,8.3,5.11,17063
21603,1.14,Very Good,H,SI1,59.2,58,6.8,6.86,4.04,4890
21604,0.74,Very Good,I,VS2,60.9,56,5.83,5.86,3.56,2459
21607,0.31,Ideal,E,VS2,61.8,54,4.41,4.36,2.71,872
21609,0.42,Very Good,E,VS2,61.9,59,4.75,4.81,2.96,958
21613,0.32,Ideal,H,VVS1,62.2,56,4.37,4.38,2.72,730
21614,2.01,Good,H,SI1,63.9,59,7.81,7.91,5.02,15467
21615,0.51,Ideal,E,SI1,62.2,57,5.08,5.12,3.17,1438
21618,1.03,Premium,G,VS2,58.9,59,6.65,6.59,3.9,6229
21619,0.33,Ideal,E,VVS2,61,54,4.52,4.49,2.75,950
21620,0.33,Ideal,E,VS2,62.1,57,4.41,4.44,2.75,723
21621,1.01,Very Good,G,VVS2,62.1,63,6.38,6.31,3.94,6371
21623,1.12,Premium,G,SI2,61,60,6.7,6.64,4.07,3838
21624,0.3,Ideal,E,VS2,62.6,54,4.29,4.33,2.7,658
21627,0.42,Ideal,D,SI1,61.9,57,4.82,4.77,2.97,1040
21628,0.46,Good,D,VS2,63.2,56,4.89,4.92,3.1,1205
21630,0.31,Premium,H,VS2,59.7,61,4.42,4.39,2.63,628
21632,0.6,Good,G,SI1,65.3,56,5.21,5.26,3.42,1350
21634,1.27,Premium,I,I1,60.2,62,7.05,7,4.23,3732
21636,0.71,Ideal,H,IF,63,57,5.68,5.72,3.59,3354
21642,2.1,Very Good,J,VS2,61.5,60.7,8.16,8.21,5.03,13340
21646,0.72,Premium,G,VVS2,61.6,58,5.78,5.81,3.57,2720
21649,1.73,Premium,J,SI1,60.7,58,7.73,7.78,4.71,9105
21651,0.32,Premium,D,SI2,62.5,58,4.38,4.33,2.72,530
21653,1.03,Ideal,F,VVS1,62.1,56.3,6.43,6.5,4.02,10619
21654,0.61,Very Good,D,VVS2,59.6,57,5.56,5.58,3.32,2763
21661,1.42,Ideal,I,VS2,62.9,57,7.21,7.07,4.49,6069
21663,1.52,Premium,I,I1,61.2,58,7.43,7.35,4.52,3541
21664,0.28,Ideal,H,VVS2,61.2,55,4.18,4.22,2.57,514
21665,1.25,Premium,G,VS2,62.6,58,6.87,6.8,4.28,8820
21666,0.3,Very Good,G,VS2,61.8,60,4.29,4.25,2.64,505
21667,1.02,Very Good,D,VS2,59.8,61,6.54,6.61,3.93,6785
21669,0.8,Very Good,H,SI1,63.3,58,5.93,5.89,3.74,2485
21671,1.11,Very Good,H,SI1,61.9,58,6.63,6.65,4.11,5780
21673,1.05,Very Good,I,VS2,62.4,59,6.48,6.51,4.05,4975
21675,0.31,Ideal,D,VS2,61.8,56,4.32,4.36,2.68,734
21676,0.9,Fair,I,SI1,65.7,58,6.03,6,3.95,2873
21682,1.52,Premium,G,VVS1,62.7,59,7.32,7.35,4.6,12498
21683,1.12,Premium,H,SI1,62.4,56,6.74,6.63,4.17,4994
21684,1.11,Ideal,E,SI2,60.6,56,6.76,6.78,4.1,5962
21687,0.3,Very Good,D,SI1,61,61,4.27,4.29,2.61,552
21688,0.44,Premium,G,VS1,62.3,59,4.82,4.87,3.02,965
21689,0.59,Very Good,G,VVS2,62.5,57,5.32,5.36,3.34,2155
21692,0.52,Ideal,F,VS1,62.2,55,5.18,5.14,3.21,1872
21693,1.04,Ideal,H,VS2,60.7,56,6.56,6.61,4,5805
21694,1.55,Ideal,I,VS1,61.9,55,7.46,7.43,4.61,11067
21696,1.02,Premium,G,SI2,60.9,59,6.56,6.45,3.96,4486
21700,1.07,Ideal,E,VS2,61.9,56,6.55,6.58,4.06,9177
21702,0.9,Premium,D,VS1,61.2,58,6.27,6.25,3.83,6441
21704,1.04,Ideal,E,VVS2,62.4,56,6.51,6.47,4.05,9897
21711,1.01,Very Good,E,VS2,62.3,58,6.39,6.45,4,6310
21712,0.54,Very Good,D,VS2,60.5,59,5.24,5.28,3.18,1885
21717,1.02,Ideal,E,VS2,61,56,6.53,6.51,3.98,8225
21721,0.34,Very Good,E,SI2,62.5,59,4.43,4.46,2.78,477
21732,0.76,Premium,F,IF,60.6,60,5.85,5.89,3.56,4223
21734,0.35,Premium,G,VS1,61.5,58,4.5,4.54,2.78,706
21735,0.53,Ideal,H,VVS1,62.4,54,5.18,5.2,3.24,1743
21739,0.26,Very Good,E,VVS2,62.6,58,4.07,4.11,2.56,597
21740,1.5,Very Good,H,VVS2,62.7,58,7.21,7.24,4.53,11303
21741,0.72,Premium,H,SI1,62.5,57,5.73,5.67,3.56,2398
21745,0.4,Ideal,F,VS2,60.6,55,4.82,4.78,2.91,1080
21747,1.51,Premium,G,VS1,62.2,58,7.29,7.35,4.55,14542
21752,0.31,Premium,I,VS2,60.8,58,4.37,4.34,2.65,558
21755,1.21,Very Good,I,VS1,59.4,60,6.9,6.97,4.12,5865
21756,0.44,Ideal,I,VS2,61.9,54,4.91,4.95,3.05,732
21760,0.93,Good,G,VS1,63.8,59,6.15,6.21,3.94,4503
21762,1.37,Ideal,G,VS1,61.1,55,7.2,7.16,4.39,11009
21763,0.37,Premium,F,VS2,60.5,59,4.67,4.62,2.81,894
21765,0.58,Ideal,F,VS1,60.3,57,5.47,5.44,3.29,2227
21767,0.4,Very Good,E,SI1,63.3,56,4.74,4.68,2.98,882
21770,0.7,Ideal,F,VS2,61.3,56,5.74,5.71,3.51,2717
21772,0.31,Premium,G,VS1,62.8,58,4.3,4.27,2.69,802
21774,0.32,Premium,E,VS2,60.5,58,4.44,4.48,2.7,702
21775,1,Very Good,G,SI1,58.6,63,6.56,6.58,3.85,4218
21776,1.57,Ideal,H,SI1,60.5,57,7.6,7.57,4.59,10521
21778,1.21,Premium,F,VS2,61.6,58,6.88,6.79,4.21,8660
21779,0.72,Ideal,D,SI2,62.3,57,5.75,5.8,3.6,2435
21781,0.7,Ideal,E,SI1,62.3,56,5.68,5.72,3.55,2575
21783,1.25,Premium,I,VS1,59.4,60,7.1,7.03,4.2,5331
21784,0.41,Premium,E,VS1,60.8,59,4.76,4.82,2.91,1079
21785,1.07,Premium,H,SI1,62.9,61,6.47,6.41,4.05,4440
21786,0.25,Very Good,E,VS2,63.3,60,4,4.03,2.54,404
21787,0.53,Premium,D,VS2,60.4,58,5.23,5.26,3.17,1857
21791,0.31,Premium,E,VS2,61.3,60,4.39,4.32,2.67,872
21792,0.72,Ideal,E,VS2,62,57,5.71,5.74,3.55,2843
21801,0.39,Ideal,F,VVS1,62.3,55,4.67,4.7,2.92,1124
21804,0.33,Very Good,H,VS1,59,62,4.49,4.52,2.66,540
21805,0.55,Premium,F,VS2,62.2,58,5.26,5.22,3.26,1698
21808,0.33,Ideal,D,SI2,62,57,4.45,4.46,2.76,492
21812,1.2,Premium,I,VS2,62.3,57,6.79,6.74,4.22,4844
21814,1.65,Very Good,H,VS1,,56,7.53,7.59,4.68,11823
21815,0.33,Ideal,E,VVS2,61,57,4.46,4.49,2.73,802
21817,0.54,Ideal,G,VS1,61.6,56,5.24,5.28,3.24,1957
21821,0.31,Premium,H,VVS1,62.6,58,4.29,4.33,2.7,707
21826,0.51,Very Good,E,VS2,63.6,59,4.99,5.07,3.2,1577
21827,0.85,Ideal,F,VS2,62.4,57,6.13,6.01,3.79,3641
21828,0.41,Ideal,E,VVS2,61.7,56,4.77,4.8,2.95,1432
21832,0.71,Ideal,F,VS1,62.6,55,5.71,5.67,3.56,2920
21835,0.39,Premium,G,VVS1,60.4,59,4.72,4.75,2.86,1095
21836,0.5,Very Good,H,VVS1,63.5,58,5.03,4.98,3.18,1838
21838,0.7,Very Good,D,VS2,60.6,60,5.71,5.75,3.47,3668
21839,0.31,Premium,G,SI1,62.6,58,4.29,4.34,2.7,462
21844,0.25,Premium,E,VVS2,62,59,4.05,4.08,2.52,576
21847,0.51,Ideal,E,VS2,61.8,56,5.12,5.14,3.17,1656
21850,0.6,Ideal,G,VVS2,61.3,56,5.43,5.46,3.34,2467
21852,0.32,Ideal,D,VVS2,62,55,4.39,4.41,2.73,867
21854,0.73,Ideal,E,VS2,62.7,56,5.75,5.8,3.62,3077
21855,0.41,Ideal,D,VS1,61.2,57,4.77,4.81,2.93,1018
21856,2.01,Ideal,H,SI1,65.1,56,7.91,7.84,5.12,16733
21860,0.35,Ideal,F,SI1,62.4,55,4.55,4.52,2.83,748
21866,1.5,Very Good,E,SI2,63.3,57,7.28,7.23,4.59,7728
21867,2.01,Very Good,F,SI2,63.3,59,7.98,7.89,5.02,11925
21868,0.5,Fair,G,SI1,65,59,4.99,4.97,3.24,1050
21869,0.51,Premium,D,SI1,62.2,58,5.13,5.06,3.17,1619
21870,0.31,Very Good,E,SI1,63.4,55,4.29,4.26,2.71,651
21871,1,Fair,I,SI2,65.8,58,6.23,6.27,4.11,3348
21872,0.3,Ideal,I,IF,62,57,4.28,4.3,2.66,615
21883,1.19,Premium,H,VS1,62.4,59,6.79,6.73,4.22,7277
21884,0.52,Ideal,F,SI1,62,55,5.14,5.17,3.19,1383
21885,1,Good,E,VVS2,63.5,55,6.31,6.36,4.02,8750
21887,0.71,Ideal,G,SI1,61.4,57,5.76,5.71,3.52,2386
21888,0.39,Ideal,F,SI1,61.8,55,4.7,4.72,2.91,886
21890,0.32,Premium,F,VS2,60.8,58,4.44,4.41,2.69,828
21893,1.01,Ideal,H,SI1,61.2,56,6.44,6.47,3.95,5664
21894,0.34,Ideal,D,VS1,60.3,57,4.52,4.55,2.73,914
21899,2.33,Very Good,J,VS2,61.8,59,8.41,8.56,5.24,14801
21901,1.01,Premium,H,SI2,61.3,59,6.47,6.41,3.95,4355
21909,0.3,Premium,D,VS1,61.9,58,4.28,4.32,2.66,712
21910,0.32,Ideal,G,VVS1,60.2,56,4.45,4.49,2.69,842
21913,0.91,Ideal,H,SI1,62,56,6.19,6.22,3.85,4337
21914,0.33,Ideal,D,VS2,62.3,57,4.41,4.45,2.76,781
21919,1.5,Very Good,E,SI1,62,57,7.25,7.33,4.52,11690
21922,1.51,Good,D,VS1,63.7,55,7.28,7.22,4.62,17111
21924,1.53,Ideal,G,SI1,62.4,57,7.33,7.41,4.6,11230
21927,0.71,Very Good,E,VS2,60.7,58,5.73,5.81,3.5,3217
21932,1.51,Very Good,J,VS2,61,58,7.35,7.41,4.5,7744
21936,0.5,Premium,F,VS2,61.8,58,5.1,5.06,3.14,1654
21938,0.34,Premium,E,SI1,59.3,58,4.55,4.59,2.71,596
21943,0.35,Premium,J,VS1,62.4,58,5.67,5.64,3.53,949
21944,0.55,Ideal,H,VVS1,60.5,57,5.32,5.35,3.23,1741
21945,1.54,Good,I,VS1,63.6,60,7.3,7.33,4.65,10164
21949,1.61,Very Good,G,SI1,,56,7.44,7.54,4.69,12028
21952,1.02,Ideal,E,IF,62.6,57,6.41,6.47,4.03,11500
21954,1.35,Ideal,D,VS2,61.3,57,7.09,7.13,4.36,10602
21957,1,Very Good,F,VS2,61.6,56,6.42,6.47,3.97,6013
21961,1.02,Good,H,SI2,63.1,59,6.37,6.43,4.04,4207
21966,0.9,Very Good,E,SI2,59.5,61,6.24,6.3,3.73,3139
21967,1.79,Premium,G,VS2,61.2,58,7.9,7.82,4.81,17358
21969,0.7,Ideal,G,VVS1,60.7,57,5.73,5.76,3.49,3303
21972,0.34,Very Good,F,VS2,62.5,57.5,4.4,4.45,2.77,730
21973,0.32,Premium,D,VS2,62.9,59,4.39,4.36,2.75,842
21979,0.27,Very Good,G,VS1,61.9,56,4.13,4.16,2.56,439
21981,0.31,Ideal,F,SI1,60.5,57,4.4,4.43,2.67,516
21984,0.34,Ideal,E,VVS1,62.1,57,4.5,4.46,2.78,1084
21988,1.23,Premium,G,VS2,61.6,58,6.91,6.85,4.24,5654
21990,1.2,Very Good,H,SI1,61.6,61,6.81,6.77,4.18,6350
21992,0.41,Ideal,G,VS2,62.7,56,4.77,4.74,2.98,1061
21994,1.21,Ideal,I,VS2,62,60,6.77,6.84,4.22,6135
21996,0.31,Premium,F,VS2,62.3,59,4.34,4.29,2.69,802
22001,0.41,Very Good,F,VS2,62.8,58,4.69,4.73,2.96,863
22003,0.91,Very Good,E,SI2,58.6,63,6.38,6.32,3.72,2963
22005,1.75,Ideal,G,VS2,62.1,57,7.73,7.69,4.79,16803
22006,0.72,Premium,I,SI1,61.5,59,5.73,5.78,3.54,2148
22011,1.26,Ideal,E,VVS2,61.1,57,7,6.98,4.27,14300
22014,0.74,Ideal,E,VS2,59.5,57,5.92,5.94,3.53,3189
22015,1.2,Very Good,G,VS2,62.2,58,6.75,6.79,4.21,8124
22016,0.36,Ideal,D,SI1,60.6,56,4.58,4.63,2.79,619
22019,1.01,Ideal,F,SI2,62.9,57,6.35,6.41,4.01,4858
22020,1.23,Very Good,J,VS2,62.8,59,6.75,6.82,4.26,4960
22021,0.41,Good,F,SI1,63.2,59,4.68,4.72,2.97,755
22023,0.43,Good,D,SI1,63.8,55,4.8,4.79,3.06,993
22024,0.33,Very Good,G,VS1,62.8,58,4.38,4.41,2.76,666
22026,1.21,Premium,E,SI1,63,57,6.75,6.7,4.24,6261
22027,0.32,Ideal,F,VS2,61.9,55,4.41,4.45,2.74,602
22028,0.58,Very Good,G,SI1,63.5,56,5.34,5.28,3.37,1393
22030,0.24,Premium,E,VVS1,60.6,59,4.02,4,2.43,668
22032,0.27,Very Good,G,VVS1,61,56,4.21,4.25,2.57,566
22037,1.24,Ideal,I,SI1,62,58,6.83,6.88,4.25,6232
22038,0.23,Very Good,F,VVS2,62,58,3.89,3.92,2.42,530
22042,0.34,Ideal,I,VS1,62,56,4.5,4.53,2.8,555
22049,0.42,Very Good,I,SI1,61.2,60,4.78,4.82,2.94,626
22052,0.32,Very Good,G,SI1,63,56,4.35,4.38,2.75,477
22053,0.56,Ideal,F,SI1,61.5,55,5.32,5.35,3.28,1365
22054,0.4,Fair,G,VS1,57.1,64,4.88,4.9,2.79,798
22056,0.36,Ideal,E,VS2,60.8,56,4.64,4.6,2.81,1013
22058,1.64,Premium,I,SI2,61.3,58,7.62,7.58,4.66,8743
22063,1.01,Good,G,SI2,63.8,53,6.41,6.31,4.06,4185
22065,0.3,Ideal,G,IF,62.3,56,4.31,4.32,2.69,863
22067,0.3,Ideal,H,VS2,62.3,54,4.31,4.36,2.7,491
22074,0.8,Ideal,G,SI2,62.2,56,5.95,5.91,3.69,2749
22079,1.01,Ideal,G,SI1,62.7,57,6.3,6.34,3.96,5555
22082,0.72,Fair,F,VS1,56.9,69,5.93,5.77,3.33,2879
22083,1.22,Very Good,I,VS1,61.6,60,6.86,6.8,4.21,5966
22084,0.56,Very Good,F,VS1,62,59,5.3,5.34,3.3,1712
22094,1.54,Premium,I,SI2,61.5,61,7.41,7.31,4.53,6278
22096,0.43,Premium,F,VVS1,61.5,56,4.9,4.86,3,1422
22100,0.72,Very Good,I,VS2,61.1,56,5.76,5.79,3.53,2337
22105,1.53,Very Good,E,VS2,61.2,60,7.49,7.4,4.56,14282
22109,0.4,Premium,D,SI2,61.9,58,4.73,4.71,2.92,855
22110,1.57,Ideal,I,SI1,62.2,56,7.42,7.47,4.63,10633
22111,0.3,Good,I,VS1,63.7,58,4.23,4.25,2.7,473
22114,0.43,Ideal,H,SI1,61.6,55,4.9,4.87,3.01,919
22115,1.53,Premium,I,SI1,60.8,59,7.54,7.49,4.57,8911
22116,0.41,Ideal,F,VS1,61.8,56,4.75,4.79,2.95,1007
22120,0.9,Very Good,I,SI1,60.6,56,6.23,6.28,3.79,3730
22121,1.53,Very Good,I,SI2,61.6,56,7.39,7.45,4.57,7406
22122,0.57,Ideal,D,VS1,61.7,56,5.31,5.33,3.28,2091
22126,0.29,Ideal,G,SI1,,54,4.25,4.29,2.65,420
22127,0.9,Premium,D,SI2,58.8,59,6.28,6.24,3.68,3579
22129,1.22,Ideal,I,VS2,60.4,57,6.91,6.99,4.2,7430
22130,0.33,Ideal,G,VVS2,62.3,56,4.43,4.47,2.77,713
22132,1.5,Very Good,D,VS2,62.4,57,7.2,7.25,4.51,17153
22136,1.52,Premium,E,VS1,60.6,58,7.38,7.44,4.49,16628
22137,0.3,Ideal,J,SI1,62.3,57,4.27,4.3,2.67,367
22140,0.3,Ideal,F,VS2,61.6,56,4.3,4.33,2.66,573
22141,0.32,Ideal,H,VS2,61.3,55,4.44,4.4,2.71,648
22142,0.73,Ideal,D,SI1,61.2,57,5.79,5.81,3.55,2947
22145,1,Premium,F,SI2,60.2,58,6.47,6.42,3.88,3584
22147,0.54,Ideal,H,VS1,62.4,56,5.22,5.2,3.25,1637
22148,0.42,Premium,F,SI1,62.9,57,4.77,4.73,2.99,992
22151,0.41,Premium,D,VVS2,61.9,59,4.78,4.75,2.95,1181
22153,0.74,Ideal,I,VS2,,57,5.83,5.81,3.6,2374
22156,1,Very Good,D,VS2,59.6,60,6.52,6.57,3.9,6745
22157,0.73,Premium,I,VVS2,60.6,58,5.84,5.78,3.52,2519
22162,1.51,Premium,I,SI1,58.6,62,7.51,7.45,4.38,8574
22164,0.59,Good,E,SI2,57.4,62,5.53,5.49,3.16,1327
22165,2.01,Premium,H,SI1,61.8,58,8.13,8.06,5,17347
22166,0.3,Premium,G,VVS1,60.7,58,4.36,4.34,2.64,1013
22169,1.02,Fair,I,SI2,66.2,57,6.34,6.26,4.17,3290
22170,0.35,Ideal,G,VS2,62.5,53,4.53,4.56,2.84,615
22173,0.61,Premium,H,SI1,59.5,62,5.55,5.51,3.29,1382
22174,1.7,Ideal,F,VS2,62.7,55,7.54,7.58,4.74,17114
22175,0.44,Premium,F,VS2,62.2,58,4.88,4.83,3.02,990
22176,0.41,Good,E,SI1,,55,4.73,4.75,3.01,654
22178,1.01,Very Good,I,SI2,62.9,55,6.37,6.42,4.02,4171
22186,0.33,Good,E,SI1,63.8,55,4.36,4.38,2.79,579
22187,0.52,Ideal,D,VS2,61.6,55,5.2,5.15,3.19,1919
22189,0.35,Ideal,E,VVS1,60.7,57,4.57,4.53,2.76,1116
22191,0.41,Ideal,E,VS1,61.4,55,4.84,4.8,2.96,1076
22194,0.38,Premium,D,VVS2,61.9,56,4.65,4.63,2.87,1257
22196,1.01,Fair,J,VVS2,66,56,6.29,6.22,4.13,2998
22201,0.5,Very Good,E,VS2,61.8,58,5.05,5.11,3.14,1624
22202,0.5,Ideal,E,SI1,62.2,57,5.06,5.1,3.16,1410
22203,1.24,Ideal,I,VS2,62.4,57,6.82,6.9,4.28,5638
22207,0.42,Ideal,G,VS1,62,55,4.83,4.78,2.98,984
22210,0.36,Ideal,J,SI1,61.6,56,4.61,4.58,2.83,597
22212,0.42,Ideal,F,VVS2,62.1,55,4.81,4.79,2.98,1221
22216,0.31,Ideal,D,SI1,62.6,57,4.32,4.3,2.7,732
22217,0.77,Premium,G,VS2,61.3,57,5.93,5.88,3.62,2803
22219,1.52,Fair,G,VS2,55.2,66,7.72,7.67,4.26,10623
22220,0.71,Premium,I,SI1,61.7,56,5.73,5.71,3.53,1774
22221,0.37,Very Good,H,SI1,62.6,63,4.6,4.5,2.85,613
22222,0.33,Very Good,G,SI1,61.1,59,4.42,4.45,2.71,492
22223,0.3,Very Good,D,VS2,62.4,56,4.27,4.32,2.68,710
22226,1.54,Ideal,H,SI2,61.8,57,7.43,7.35,4.57,6095
22227,0.51,Very Good,G,SI1,62.7,59,5.07,5.13,3.2,1243
22228,0.25,Ideal,E,VS2,60.6,57,4.08,4.11,2.48,535
22229,0.5,Fair,E,SI2,65.2,57,4.96,4.91,3.22,1141
22230,0.43,Ideal,D,VS2,61.8,56,4.83,4.81,2.98,1129
22231,0.52,Premium,G,SI1,62.8,61,5.14,5.11,3.22,1338
22233,1.58,Ideal,H,VS2,61.4,56,7.5,7.56,4.62,12334
22242,1.02,Ideal,E,SI2,62.4,55,6.44,6.47,4.03,4398
22244,0.3,Good,J,VS1,63.4,57,4.23,4.26,2.69,394
22245,0.52,Very Good,E,VS2,62.8,58,5.11,5.14,3.22,1571
22247,0.51,Ideal,D,VVS2,62,55,5.13,5.16,3.19,2145
22248,1.29,Premium,I,SI2,61.1,62,7,6.94,4.26,4291
22250,0.76,Ideal,D,SI2,62.2,57,5.83,5.85,3.63,2682
22251,1.5,Very Good,G,VS1,60.2,58,7.38,7.41,4.45,13596
22253,0.3,Ideal,E,VS1,60.7,57,4.36,4.31,2.63,911
22254,1.25,Ideal,J,SI1,62.4,57,6.86,6.92,4.3,5252
22255,0.9,Very Good,H,VS2,62.7,59,6.1,6.15,3.84,4155
22256,0.8,Ideal,F,VS1,62.4,55,5.92,5.88,3.68,3884
22259,0.36,Ideal,F,SI1,61.5,56,4.62,4.59,2.83,770
22260,0.53,Ideal,G,IF,61.4,56,5.2,5.24,3.21,2247
22264,2.05,Very Good,F,SI2,59.5,58,8.26,8.3,4.93,16819
22265,0.55,Ideal,E,VS2,59.8,57,5.3,5.34,3.18,1596
22269,0.33,Very Good,I,VS2,62.6,58,4.34,4.42,2.74,463
22270,1.28,Good,G,SI1,57.6,62,7.17,7.13,4.12,6175
22272,1.07,Premium,E,SI2,60.5,59,6.59,6.67,4.01,4284
22273,2.02,Ideal,I,SI1,61.9,58,8.07,8.18,5.03,15942
22274,0.56,Ideal,G,IF,62,54,5.3,5.32,3.29,2321
22275,0.57,Very Good,F,VS2,59.5,57,5.39,5.43,3.22,1754
22276,1.51,Good,H,VS2,64.2,58.5,7.16,7.22,4.62,10763
22283,0.3,Ideal,D,VVS2,61.6,56,4.32,4.35,2.67,1041
22285,0.79,Ideal,E,SI1,60.3,56,5.99,6.05,3.63,3171
22286,0.6,Ideal,G,VS2,62.1,56,5.4,5.45,3.37,1795
22287,0.43,Very Good,F,SI1,62.9,60,4.77,4.8,3.01,792
22290,1.05,Ideal,F,VVS2,62.1,54,6.52,6.55,4.06,9092
22291,0.42,Premium,F,SI1,60,59,4.85,4.88,2.92,773
22297,0.34,Ideal,I,VS2,61.5,55,4.53,4.55,2.79,495
22301,1.6,Ideal,G,VVS1,60.8,56,7.58,7.54,4.6,16339
22302,0.33,Ideal,D,VS2,,57,4.47,4.42,2.75,1002
22306,2.16,Premium,H,SI2,62.3,57,8.29,8.22,5.14,11473
22307,0.3,Good,G,VS1,63.5,58,4.21,4.26,2.69,565
22313,0.31,Ideal,H,SI1,61.8,54,4.34,4.36,2.69,464
22314,0.31,Ideal,I,SI1,62.7,56,4.3,4.34,2.71,408
22315,1.11,Premium,J,VS2,59.9,60,6.78,6.71,4.04,4315
22316,1.01,Ideal,F,VS2,60.9,58,6.43,6.47,3.93,7411
22318,0.76,Premium,H,VVS1,60.7,58,5.9,5.93,3.59,3311
22320,1.18,Ideal,E,I1,61.6,56,6.82,6.79,4.19,4229
22322,0.3,Ideal,H,VS2,60.7,57,4.37,4.33,2.64,608
22324,1.61,Very Good,G,SI2,63.4,55,7.47,7.35,4.7,6915
22325,0.42,Premium,G,VS2,59.8,58,4.86,4.9,2.92,847
22330,0.62,Premium,F,VS1,60.1,58,5.56,5.48,3.32,1942
22332,0.33,Premium,E,VS2,61.7,60,4.4,4.45,2.73,723
22334,1.13,Ideal,D,SI1,61.4,56,6.69,6.74,4.12,7066
22335,0.4,Ideal,F,VVS1,61.7,57,4.72,4.75,2.92,1128
22339,1.23,Ideal,I,SI2,61.8,55,6.87,6.91,4.26,5820
22340,0.3,Ideal,D,SI1,62.1,54,4.35,4.31,2.69,709
22344,0.5,Very Good,E,SI2,63.2,61,5.05,5.02,3.18,1097
22348,0.52,Ideal,H,VS2,61.6,55,5.17,5.19,3.19,1374
22350,0.39,Premium,E,VVS1,60.7,58,4.69,4.73,2.86,1300
22353,1.21,Very Good,H,SI1,63.5,58,6.73,6.63,4.24,4944
22355,2.02,Good,H,SI2,59,61,8.26,8.31,4.89,13144
22358,0.7,Fair,G,I1,68.3,56,5.52,5.4,3.73,978
22360,0.71,Ideal,G,SI1,60.5,56.4,5.76,5.8,3.5,2751
22362,1.01,Premium,H,VS2,62.3,60,6.32,6.27,3.92,4909
22367,0.33,Ideal,E,VVS2,61.2,56,4.44,4.48,2.73,814
22369,1.12,Premium,H,SI2,62.1,56,6.7,6.65,4.14,4014
22370,0.41,Good,D,SI1,63.4,56,4.73,4.76,3.01,707
22371,0.5,Premium,F,VS2,61.7,60,5.06,5.02,3.11,1323
22375,0.35,Very Good,D,SI2,63.3,55,4.49,4.45,2.83,669
22376,2.3,Good,I,SI2,63.8,55,8.4,8.35,5.34,12944
22377,0.5,Good,E,VVS2,58.9,61,5.18,5.2,3.06,2183
22379,0.41,Premium,G,SI1,62.7,58,4.7,4.74,2.96,719
22383,1.03,Ideal,F,SI2,62.6,57,6.44,6.4,4.02,3461
22385,0.9,Very Good,G,VS2,58.8,61,6.28,6.3,3.7,4400
22386,1.19,Premium,H,SI1,60.8,59,6.87,6.84,4.17,5698
22389,0.32,Ideal,G,VS1,62.4,56,4.37,4.38,2.73,679
22390,0.41,Ideal,H,IF,61.8,55,4.79,4.82,2.97,1100
22393,0.9,Very Good,H,VS2,62.6,59,6.07,6.16,3.83,5502
22394,0.52,Good,E,VS2,63.4,57,5.12,5.16,3.26,1576
22400,1.61,Ideal,E,SI2,61.6,56,7.54,7.62,4.67,9961
22406,0.23,Very Good,E,VVS2,61.5,59,3.95,3.98,2.44,530
22407,0.72,Very Good,H,VS2,60.8,59,5.74,5.77,3.55,2550
22409,0.31,Ideal,J,VVS2,60.3,60,4.4,4.45,2.67,476
22412,0.31,Ideal,F,VVS2,61.2,56,4.39,4.37,2.68,977
22420,0.31,Ideal,I,IF,62.2,54,4.39,4.36,2.72,837
22421,1.23,Very Good,J,VS2,62.9,59,6.8,6.85,4.29,4896
22422,1.03,Ideal,G,VVS1,61.7,56,6.45,6.56,4,7708
22426,1.05,Ideal,F,SI1,61.3,54,6.58,6.61,4.04,5842
22427,1,Premium,D,SI1,60.3,59,6.44,6.47,3.89,5775
22428,0.42,Very Good,I,VS1,60.4,60,4.82,4.88,2.93,791
22433,0.35,Ideal,D,SI2,62.4,57,4.5,4.47,2.8,625
22434,0.42,Very Good,D,SI2,62.9,55,4.78,4.82,3.02,656
22436,0.53,Ideal,G,VVS1,62.1,54,5.2,5.23,3.24,1990
22437,0.51,Very Good,D,SI1,61.7,58,5.09,5.12,3.15,1403
22439,0.83,Ideal,J,VS2,62.3,55,6.01,6.03,3.75,2742
22444,0.3,Ideal,G,IF,62.2,55,4.3,4.32,2.68,844
22447,0.26,Ideal,D,VVS2,61.4,56,4.12,4.15,2.54,599
22453,0.33,Very Good,E,VVS2,62.3,56,4.4,4.44,2.75,893
22456,1.08,Ideal,G,SI2,62.1,57,6.56,6.58,4.08,4733
22462,1.74,Premium,I,SI2,62.2,58,7.65,7.61,4.75,7858
22463,0.72,Premium,F,SI1,61.6,60,5.79,5.73,3.55,2314
22465,0.32,Premium,E,SI1,60.2,60,4.39,4.44,2.66,561
22467,0.34,Very Good,H,VS1,63.1,57,4.44,4.4,2.79,765
22470,0.5,Premium,I,SI2,59.8,56,5.23,5.18,3.11,900
22472,1.2,Ideal,J,VS1,61,57,6.81,6.89,4.18,5722
22475,0.3,Ideal,H,SI1,62.2,57,4.26,4.29,2.66,450
22476,1,Good,D,SI1,65.1,54,6.23,6.27,4.07,4786
22479,0.36,Ideal,E,VS2,60.2,56,4.65,4.62,2.79,1080
22481,0.45,Good,F,VS2,56.8,62,5.1,5.14,2.91,1066
22482,0.37,Ideal,F,VS2,61.1,57,4.63,4.67,2.84,746
22485,0.32,Very Good,D,VVS1,61.9,54,4.42,4.46,2.75,983
22486,1.11,Ideal,H,SI2,62.6,56,6.58,6.65,4.14,4719
22487,0.33,Very Good,I,SI1,63.2,58,4.38,4.36,2.76,572
22488,1.36,Ideal,G,VVS2,61.1,57,7.14,7.2,4.38,11848
22489,0.52,Ideal,G,VS1,61.4,56,5.18,5.21,3.19,1722
22490,1.14,Premium,H,VS2,61.3,59,6.76,6.72,4.13,5700
22492,2.18,Premium,F,SI1,61.2,60,8.38,8.3,5.1,18717
22496,1.51,Premium,E,SI2,62.7,58,7.27,7.24,4.55,6342
22499,1.5,Very Good,G,VS2,63.5,54,7.26,7.22,4.6,13239
22500,0.36,Ideal,E,VS2,62.8,55,4.56,4.49,2.84,1013
22501,1.39,Premium,G,SI1,,59,7.24,7.15,4.41,7991
22504,1.61,Premium,F,SI1,60.2,58,7.61,7.65,4.59,10477
22509,0.78,Premium,I,SI1,60.8,60,5.97,5.94,3.62,2377
22514,0.26,Premium,E,VS1,60.1,60,4.15,4.1,2.48,580
22516,0.32,Very Good,J,SI1,63,58,4.32,4.35,2.73,374
22518,1,Good,G,VS2,63.7,57,6.32,6.28,4.01,5484
22520,1.13,Premium,E,SI2,60.4,59,6.7,6.75,4.06,5220
22521,1.02,Premium,J,SI2,62.3,58,6.42,6.37,3.98,3119
22522,1.27,Premium,I,VS2,62.6,59,6.95,6.86,4.32,6116
22523,0.3,Good,G,VVS2,63.5,56,4.29,4.34,2.74,684
22524,0.41,Ideal,E,VS2,61.6,55,4.79,4.75,2.94,999
22530,0.72,Fair,H,VVS2,56.5,68,6.03,5.89,3.37,2608
22532,1.01,Very Good,H,VS1,63,55,6.35,6.41,4.02,5055
22533,1.01,Fair,F,SI1,65.9,60,6.25,6.17,4.09,4561
22534,1.05,Ideal,D,VS1,60.5,57,6.61,6.58,3.99,8820
22538,1.57,Premium,F,SI1,60.4,59,7.57,7.54,4.56,12112
22541,0.33,Ideal,D,SI1,62.5,54,4.43,4.44,2.77,608
22545,1.2,Ideal,D,VS2,61.4,55,6.87,6.78,4.19,9596
22546,2.07,Very Good,H,SI1,59.8,58,8.23,8.26,4.93,17019
22547,1.57,Ideal,G,VS1,61.9,55,7.53,7.47,4.64,13462
22549,0.5,Ideal,J,VS2,61.6,57,5.08,5.12,3.14,1099
22550,0.41,Ideal,G,SI2,61.7,56,4.79,4.81,2.96,648
22551,0.27,Very Good,F,VVS2,61.8,56,4.19,4.2,2.6,682
22552,0.9,Good,E,SI1,59.8,64,6.14,6.21,3.69,4229
22554,0.3,Ideal,G,VVS2,62.3,57,4.29,4.32,2.68,665
22556,1.15,Good,H,SI1,60.2,61,6.74,6.84,4.09,5005
22561,0.32,Ideal,G,VS2,61.8,55,4.43,4.41,2.73,720
22562,1.21,Premium,G,SI2,60.3,58,6.96,6.9,4.18,5529
22563,0.3,Very Good,G,IF,63,53,4.24,4.3,2.69,895
22566,1.02,Premium,G,SI2,62.5,58,6.42,6.34,3.99,3656
22570,0.71,Very Good,F,SI2,63.6,56,5.58,5.67,3.58,2098
22573,0.9,Good,E,SI1,57.9,60,6.3,6.34,3.66,4190
22574,0.51,Very Good,E,SI1,61.2,61,5.13,5.16,3.15,1304
22579,1.07,Very Good,G,VS1,60.9,55,6.6,6.64,4.03,6998
22581,1.71,Ideal,G,SI1,62.1,56,7.65,7.61,4.74,13196
22582,0.41,Ideal,G,VVS2,61.1,55,4.8,4.83,2.94,1007
22588,0.3,Ideal,E,VS2,63.8,56,4.28,4.2,2.71,619
22589,0.34,Ideal,E,SI1,61.7,56,4.52,4.49,2.78,765
22590,0.42,Premium,D,SI2,60.1,58,4.88,4.83,2.92,898
22591,1.2,Ideal,H,SI1,62.2,58,6.81,6.77,4.22,6569
22599,0.43,Ideal,G,VVS1,60.5,57,4.86,4.92,2.96,1207
22601,1.5,Good,G,SI2,63.7,58,7.15,7.22,4.58,7216
22602,0.72,Ideal,H,VVS2,62.3,56,5.74,5.81,3.6,2752
22604,1.23,Ideal,G,VS1,61.6,57,6.84,6.9,4.23,10859
22605,0.53,Ideal,D,SI2,61.9,55,5.19,5.24,3.23,1314
22607,0.58,Ideal,G,VS2,61.1,55,5.45,5.42,3.32,1641
22609,0.46,Ideal,H,VS2,61.5,55,4.98,5.01,3.07,1252
22610,0.53,Ideal,E,VS2,62,56,5.16,5.2,3.21,1739
22611,0.8,Very Good,H,VS2,62.8,57,5.87,5.91,3.7,2808
22615,0.31,Premium,G,VS1,62,59,4.3,4.28,2.66,802
22623,1.26,Ideal,J,VS1,62.2,58,6.88,6.92,4.29,6332
22626,0.36,Premium,E,SI1,60.8,59,4.59,4.56,2.78,810
22627,1.7,Good,I,I1,63.6,58,7.52,7.48,4.77,6474
22628,0.71,Premium,D,SI1,61.4,58,5.75,5.79,3.54,2913
22632,0.55,Very Good,G,VS1,59.4,62,5.32,5.36,3.17,1667
22633,0.31,Ideal,F,VS2,,57,4.34,4.3,2.71,802
22635,0.31,Very Good,F,VVS1,62.4,57,4.3,4.32,2.69,897
22639,0.32,Premium,F,VS2,61,61,4.41,4.38,2.68,828
22642,1.04,Ideal,G,VVS2,62.1,55.1,6.5,6.51,4.04,8012
22644,1.57,Premium,I,SI2,62.2,60,7.43,7.36,4.6,6401
22652,0.55,Ideal,D,VS2,60.6,56,5.3,5.36,3.23,2224
22653,1.2,Fair,I,I1,65.1,55,6.65,6.59,4.31,2376
22655,0.72,Good,G,VS2,59.7,60.5,5.8,5.84,3.47,2776
22669,0.36,Premium,D,SI2,60.9,58,4.63,4.6,2.81,689
22673,0.26,Ideal,F,VVS1,62.4,56,4.11,4.1,2.56,769
22675,0.31,Premium,D,SI1,61.4,58,4.39,4.34,2.68,732
22679,1.01,Ideal,D,SI2,61.6,57,6.32,6.45,3.93,5051
22680,0.46,Ideal,E,VVS2,62.6,55,4.95,4.92,3.09,1736
22682,0.3,Ideal,G,VS1,62.2,55,4.28,4.31,2.67,624
22683,0.38,Ideal,F,VS1,61.1,56,4.7,4.65,2.86,1004
22685,0.91,Very Good,D,SI1,,58,6.16,6.19,3.88,5033
22688,1.67,Premium,H,SI1,59.4,61,7.78,7.73,4.61,11248
22696,0.31,Premium,E,SI1,60.1,61,4.4,4.35,2.63,698
22697,1.37,Ideal,G,IF,62.3,54,7.11,7.15,4.43,13439
22701,1.04,Very Good,D,SI2,62.9,58,6.41,6.47,4.05,5265
22705,0.51,Good,G,VVS1,63.2,58,5.08,5.11,3.22,1872
22707,0.9,Good,G,SI1,64.2,58,6.01,6.04,3.87,3307
22712,0.52,Ideal,D,VS2,61.3,56,5.15,5.2,3.17,1822
22713,1.24,Very Good,G,SI1,61.8,58,6.9,6.96,4.28,7106
22717,0.34,Ideal,G,VS2,62.2,55,4.5,4.47,2.79,765
22718,0.31,Premium,G,SI2,61.8,59,4.34,4.3,2.67,523
22723,1.06,Premium,F,SI1,61,58,6.65,6.6,4.04,5236
22725,0.3,Premium,F,SI1,61.7,59,4.33,4.29,2.66,641
22726,0.41,Ideal,F,VVS2,61.9,55,4.78,4.79,2.96,1115
22729,1.5,Very Good,J,VS2,62.6,58,7.25,7.29,4.55,7492
22732,0.75,Ideal,D,VS1,62.4,54,5.86,5.84,3.65,3696
22736,0.52,Ideal,G,VS1,62.4,56,5.11,5.15,3.2,1689
22737,0.37,Good,D,SI1,63.7,55,4.55,4.59,2.91,681
22740,2.56,Good,J,SI2,63.6,62,8.62,8.57,5.47,15231
22741,0.51,Very Good,G,VS2,62.4,62,5.07,5.09,3.17,1438
22746,0.7,Premium,F,SI1,61.8,59,5.76,5.67,3.53,2268
22747,1.57,Ideal,F,SI1,61.1,55,7.53,7.55,4.61,12320
22755,1.23,Good,J,SI2,63.2,57.5,6.74,6.82,4.29,4992
22760,0.46,Good,F,VS1,61.6,62.2,4.84,5,3.04,1168
22761,1.11,Good,J,SI1,63.6,58,6.57,6.48,4.15,3916
22763,1.6,Good,E,SI1,63.6,58,7.38,7.44,4.71,12467
22766,0.39,Very Good,I,VVS1,61.3,58,4.74,4.78,2.92,805
22769,0.54,Premium,G,VS1,61.1,59,5.2,5.24,3.19,1684
22775,1.28,Ideal,H,VS2,62.3,56,6.97,6.89,4.32,7098
22777,2.22,Ideal,I,SI2,62.7,61,8.31,8.23,5.19,14416
22782,0.42,Ideal,H,VVS2,62,57,4.79,4.82,2.98,823
22786,1.5,Good,G,VS1,63.8,58,7.21,7.12,4.57,13720
22787,0.31,Ideal,D,SI2,62,56,4.35,4.33,2.69,593
22792,0.7,Premium,E,SI1,62,60,5.72,5.67,3.53,2444
22794,0.8,Good,H,SI2,58.4,61,6.02,6.06,3.53,2474
22795,0.73,Premium,D,SI1,62.5,59,5.75,5.68,3.57,2579
22796,0.6,Ideal,G,VS2,62.1,57,5.43,5.36,3.35,1746
22797,1.71,Very Good,D,SI2,63.5,59,7.57,7.59,4.81,11873
22805,0.31,Premium,F,VS2,62,60,4.3,4.34,2.68,625
22806,0.51,Good,D,SI2,63.8,56,5.07,5.09,3.24,1180
22809,1.62,Ideal,E,VS2,61.4,57,7.54,7.58,4.64,16358
22810,0.56,Ideal,G,VS2,61.2,56,5.29,5.33,3.25,1580
22811,0.5,Very Good,H,VS1,61,56,5.1,5.13,3.12,1598
22813,2,Premium,D,SI2,61.6,59,8.09,8.2,5.02,17674
22817,0.78,Premium,I,VS2,,58,5.89,5.82,3.68,2646
22821,2.05,Premium,D,SI1,60.4,58,8.26,8.16,4.96,17776
22823,0.32,Ideal,E,VS2,62.1,55,4.4,4.36,2.72,900
22826,0.51,Very Good,I,SI2,63.3,58,5.09,5.02,3.2,995
22827,0.9,Very Good,F,SI2,60.8,55,6.25,6.28,3.81,3552
22828,1.34,Ideal,E,VVS2,62.6,54,7.05,7.07,4.42,14593
22830,0.3,Premium,J,VS1,62.6,58,4.27,4.32,2.69,394
22831,0.35,Premium,E,VS2,61.6,58,4.52,4.57,2.8,767
22835,0.5,Premium,H,IF,60.3,58,5.14,5.18,3.11,1846
22836,0.31,Premium,D,IF,60.2,59,4.42,4.39,2.65,1248
22837,0.72,Premium,F,VVS2,61.1,58,5.78,5.84,3.55,3250
22846,0.38,Ideal,F,SI1,61.7,56,4.68,4.72,2.9,766
22850,0.86,Premium,F,SI1,,58,6.01,6.06,3.78,3372
22857,0.57,Very Good,I,SI1,61.1,61,5.34,5.37,3.27,1151
22859,0.38,Ideal,G,VVS1,61.7,55,4.67,4.7,2.89,993
22861,1.1,Very Good,G,SI1,59.4,58,6.72,6.79,4.01,4997
22862,0.38,Premium,E,VVS1,61.9,58,4.62,4.66,2.87,1267
22864,1,Good,E,SI1,62.4,59,6.35,6.4,3.98,4936
22865,0.4,Ideal,E,VS1,62.2,55,4.76,4.72,2.95,1125
22871,1.32,Very Good,G,SI2,61.6,57,6.98,7.05,4.32,7173
22875,0.36,Very Good,E,VS2,60.3,62,4.56,4.59,2.76,789
22877,0.84,Good,F,I1,60.8,64,6.05,6.03,3.67,1749
22878,0.26,Very Good,F,SI1,61.4,56,4.13,4.16,2.54,401
22879,0.54,Ideal,E,VVS2,61.1,57,5.27,5.24,3.21,2375
22886,1.01,Premium,G,SI1,62.3,60,6.31,6.25,3.91,4395
22887,0.7,Very Good,F,SI1,61.3,58,5.7,5.72,3.5,2312
22888,0.33,Premium,F,VS2,61.2,58,4.5,4.45,2.74,854
22889,0.61,Premium,H,VVS2,62.4,59,5.4,5.43,3.38,1827
22891,1.01,Ideal,F,SI1,60,56,6.55,6.49,3.91,5274
22892,0.4,Ideal,E,VS1,,58,4.72,4.74,2.94,951
22893,1.01,Premium,E,SI2,61,56,6.42,6.36,3.9,4371
22894,0.32,Ideal,E,VS1,61.8,55,4.43,4.4,2.73,972
22895,1.65,Ideal,D,SI2,61.5,56,7.63,7.69,4.71,10847
22902,2.28,Ideal,J,SI1,61.6,57,8.5,8.43,5.21,12755
22905,0.91,Very Good,E,SI2,62.8,61,6.07,6.09,3.82,3703
22907,0.55,Ideal,G,VS1,61.3,57,5.28,5.25,3.23,1792
22909,0.4,Premium,G,SI1,59.2,61,4.81,4.78,2.84,900
22910,0.24,Ideal,H,VVS1,61.5,55,3.99,4.02,2.46,504
22916,0.7,Good,F,VS1,64,57,5.62,5.54,3.57,2381
22920,0.51,Good,G,VVS2,63.7,54,5.08,5.1,3.24,1800
22921,1.08,Ideal,G,VS2,61.3,56,6.62,6.59,4.05,6706
22923,1.19,Ideal,F,VS2,62,57,6.78,6.76,4.2,8415
22927,0.3,Ideal,E,VS1,61.8,56,4.32,4.35,2.68,670
22932,0.71,Ideal,F,VVS1,61.8,56,5.72,5.74,3.54,3880
22934,1.6,Very Good,E,SI2,62,57,7.47,7.54,4.65,9900
22938,0.34,Ideal,H,VVS1,62.3,54,4.46,4.5,2.79,722
22940,0.33,Ideal,F,VVS1,61.9,55,4.46,4.47,2.76,939
22943,1.5,Very Good,H,VS1,60.7,58,7.35,7.42,4.48,10681
22945,0.32,Ideal,I,VS2,62.9,57,4.4,4.37,2.76,576
22947,0.3,Premium,J,VS1,62.6,58,4.32,4.27,2.69,506
22948,0.92,Ideal,F,SI2,62,54,6.26,6.32,3.9,4065
22949,0.51,Premium,G,VVS2,60.9,61,5.17,5.11,3.13,2035
22953,0.28,Very Good,G,VVS1,61.9,55,4.18,4.2,2.6,586
22954,0.36,Premium,E,SI2,61.5,58,4.56,4.61,2.82,505
22955,0.4,Ideal,G,SI1,62.5,54,4.74,4.77,2.97,741
22959,1.52,Ideal,F,SI2,61.8,58,7.38,7.4,4.57,10316
22960,1.04,Ideal,G,VS2,61.4,57,6.53,6.5,4,6290
22965,0.77,Very Good,F,SI1,59.6,60,5.95,5.97,3.55,3044
22966,0.44,Premium,I,VS1,62.8,56,4.88,4.83,3.05,1040
22967,0.56,Very Good,F,VS1,61.2,58,5.32,5.33,3.26,1929
22968,0.53,Very Good,G,VS1,60.9,56,5.24,5.27,3.2,1636
22972,0.83,Premium,D,SI1,62.2,60,6.01,5.98,3.73,3347
22981,2.5,Fair,G,I1,65.1,59,8.55,8.39,5.53,8711
22983,0.51,Ideal,J,VS2,,57,5.04,5.08,3.16,1080
22988,0.42,Premium,F,VS1,59.9,61,4.88,4.84,2.91,1103
22995,0.32,Ideal,I,VS1,62.3,57,4.42,4.37,2.74,648
22996,1.5,Premium,E,I1,61.5,58,7.38,7.2,4.5,4032
23000,1.04,Premium,H,SI1,60.7,62,6.57,6.51,3.97,5311
23008,1.2,Good,I,SI1,63.5,60.7,6.71,6.75,4.27,5280
23009,1.01,Premium,G,VS2,61.2,57,6.46,6.41,3.94,5701
23011,0.31,Ideal,D,SI1,62.7,56,4.32,4.36,2.72,571
23014,1.01,Fair,F,SI1,67.2,60,6.06,6,4.05,4276
23017,0.3,Ideal,E,VVS1,60.1,57,4.41,4.38,2.64,956
23019,0.77,Very Good,I,VS2,60.2,59,5.89,5.97,3.57,2584
23020,1.21,Very Good,G,VVS2,62.9,59,6.68,6.74,4.22,9358
23023,0.32,Very Good,F,VVS2,63.2,52,4.38,4.39,2.77,683
23027,1.52,Ideal,E,SI2,61,56,7.45,7.41,4.53,8299
23030,0.24,Ideal,H,VS2,61.1,56,3.99,4.03,2.45,391
23031,1.2,Premium,E,VVS1,60.6,60,6.95,6.85,4.18,14192
23034,1,Good,H,SI2,63.9,55,6.25,6.33,4.02,3878
23042,0.58,Ideal,F,VS2,61.8,57,5.39,5.35,3.32,2401
23044,0.58,Premium,E,SI1,58.5,55,5.52,5.39,3.19,1407
23052,0.7,Good,I,SI1,64.3,57,5.63,5.59,3.61,2142
23053,1.51,Very Good,G,SI1,63.1,56,7.27,7.22,4.57,7585
23056,0.76,Ideal,E,VVS1,61.8,54,5.9,5.87,3.64,4382
23063,0.3,Ideal,F,VVS1,62.1,54,4.32,4.35,2.69,814
23069,2.15,Premium,G,SI2,58.9,58,8.46,8.41,4.97,15751
23073,1.53,Ideal,E,SI2,61,55,7.44,7.5,4.55,10698
23074,0.9,Ideal,G,VVS1,61.6,57,6.24,6.16,3.82,5564
23075,0.9,Good,E,SI2,61.9,62,6.14,6.18,3.81,3422
23077,0.7,Very Good,E,SI1,61.3,61,5.66,5.7,3.48,2275
23081,1.5,Premium,H,VS2,61.6,55,7.43,7.37,4.56,10750
23082,1.5,Good,E,SI2,64.5,58,7.06,7.11,4.57,8492
23083,1.01,Ideal,F,SI2,61.3,57,6.4,6.35,3.91,3777
23085,0.7,Good,G,VS2,63.1,58,5.66,5.69,3.58,2282
23087,1.03,Very Good,F,SI1,62.5,59,6.41,6.45,4.02,4282
23091,0.61,Very Good,E,SI1,63.9,54,5.38,5.42,3.45,2179
23092,0.42,Ideal,D,SI2,62.4,57,4.81,4.78,2.99,898
23103,0.51,Ideal,H,VVS2,61.6,55,5.11,5.14,3.16,1877
23104,0.57,Ideal,E,VS2,60.4,57,5.4,5.35,3.25,1949
23106,0.5,Very Good,E,VVS2,59.3,56,5.25,5.3,3.13,2168
23110,1.01,Premium,F,SI1,61.8,59,6.34,6.41,3.94,4899
23111,0.73,Ideal,E,SI1,61.6,57,5.81,5.78,3.57,2707
23112,1.74,Very Good,H,I1,63.2,55,7.62,7.59,4.8,4677
23114,1.21,Ideal,D,VS1,61,57,6.88,6.85,4.19,10335
23118,1.14,Very Good,F,VS2,59,60,6.84,6.81,4.03,8131
23127,0.9,Fair,I,VVS1,63.5,57,5.98,6.09,3.83,4194
23132,0.58,Ideal,E,SI2,62.8,56,5.3,5.37,3.35,1346
23135,0.71,Premium,G,SI2,59.9,59,5.79,5.82,3.48,1717
23136,0.7,Ideal,I,VS2,62.4,56,5.71,5.66,3.55,2056
23137,1.05,Premium,G,VS2,62.8,58,6.48,6.44,4.06,6181
23138,0.26,Ideal,E,VVS2,62.3,57,4.06,4.09,2.54,599
23140,0.52,Ideal,E,VS2,59.5,57,5.25,5.27,3.13,1689
23141,0.52,Ideal,F,VS2,61.7,56,5.16,5.18,3.19,1591
23142,0.25,Very Good,E,VVS2,60.9,59,4.03,4.11,2.48,575
23143,1.5,Premium,F,SI2,60.8,59,7.3,7.36,4.46,9240
23148,1.51,Premium,H,SI2,62.4,58,7.36,7.31,4.58,8388
23150,0.4,Very Good,G,VS1,61.5,58,4.72,4.74,2.91,868
23152,0.7,Fair,J,VVS1,67.6,54,5.56,5.41,3.71,1691
23157,0.51,Premium,D,VS2,60.9,58,5.18,5.14,3.14,1716
23158,0.35,Good,E,SI2,64,55,4.45,4.49,2.86,454
23159,0.31,Ideal,E,VS2,61.5,56,4.37,4.34,2.68,872
23161,0.9,Good,E,SI1,63.9,57,6.05,6.1,3.88,4463
23162,1.05,Very Good,I,SI2,62.3,59,6.42,6.46,4.01,3742
23163,0.4,Ideal,E,VVS2,61.7,55,4.76,4.74,2.93,1238
23167,0.41,Ideal,G,VVS2,60.4,56,4.8,4.83,2.91,1007
23169,0.72,Premium,F,VS2,60.8,58,5.78,5.74,3.5,2530
23170,2.01,Premium,I,SI2,62.6,56,8.1,8,5.04,13833
23173,1.17,Ideal,G,VS2,62,57,6.74,6.78,4.19,7423
23179,1.01,Very Good,H,SI1,63.4,58,6.38,6.34,4.03,4642
23180,1.02,Very Good,D,SI2,61.5,56,6.47,6.51,3.99,4633
23183,1.05,Very Good,E,SI2,61.7,59,6.52,6.58,4.04,4010
23184,1.5,Very Good,I,SI1,63.5,59,7.16,7.08,4.52,8081
23191,0.55,Premium,G,VS2,62.7,60,5.27,5.19,3.28,1445
23192,0.42,Ideal,E,VS2,62.1,56,4.8,4.77,2.97,1024
23193,0.71,Premium,F,SI2,62,59,5.68,5.65,3.51,2343
23200,0.32,Ideal,E,VS1,61.9,56,4.42,4.47,2.75,707
23203,0.55,Premium,F,VS2,59,58,5.38,5.33,3.16,1931
23207,0.5,Ideal,F,SI2,60.5,56,5.17,5.19,3.14,1118
23211,0.42,Ideal,G,VVS2,61.4,54,4.81,4.9,2.98,962
23212,1.03,Ideal,E,SI2,62,55,6.46,6.44,4,4095
23219,0.31,Premium,G,VS1,62.1,58,4.36,4.31,2.69,695
23221,0.72,Ideal,I,VS2,61.2,57,5.75,5.79,3.53,2650
23224,3,Premium,G,I1,59.7,60,9.42,9.26,5.58,13203
23225,1.62,Premium,F,VS2,61.1,60,7.56,7.57,4.62,14826
23227,1.01,Ideal,J,SI2,61.6,55,6.5,6.45,3.99,3801
23230,0.43,Very Good,E,SI1,62.4,56,4.79,4.83,3,792
23233,1.04,Premium,E,VVS1,62.5,59,6.41,6.46,4.02,10350
23234,0.55,Ideal,G,SI1,60.8,56,5.3,5.36,3.24,1429
23236,0.33,Premium,J,VS2,59.6,61,4.53,4.49,2.69,450
23237,1.03,Premium,J,SI2,62,58,6.47,6.52,4.03,3378
23239,1.54,Ideal,G,VVS2,62.5,57,7.3,7.36,4.58,15059
23240,1.72,Premium,I,VVS2,62.7,58,7.6,7.54,4.75,12509
23243,1.2,Ideal,G,VS2,59.9,61,6.85,6.88,4.11,8321
23245,0.7,Very Good,I,SI2,63.4,59,5.66,5.57,3.56,1775
23247,1,Premium,G,VS1,62.3,58,6.39,6.3,3.95,6290
23249,1.16,Ideal,H,SI2,60.9,59,6.72,6.78,4.11,5388
23252,1.33,Ideal,I,SI1,61.6,57,7.06,7.1,4.36,7526
23258,0.27,Very Good,E,SI1,61.2,57,4.2,4.23,2.58,407
23259,0.41,Premium,D,SI2,62.7,58,4.78,4.75,2.99,876
23264,0.41,Ideal,E,VVS2,62.3,56,4.78,4.75,2.97,1243
23266,0.42,Ideal,E,VVS2,62.3,55,4.81,4.76,2.98,1273
23267,1.19,Ideal,H,SI2,62,57,6.77,6.81,4.21,4914
23268,1.08,Premium,G,SI2,60.3,58,6.72,6.65,4.03,4442
23269,0.7,Ideal,D,VS1,62.9,57,5.67,5.61,3.55,3229
23270,0.34,Ideal,H,VVS1,61.1,56,4.51,4.56,2.77,751
23274,1.1,Ideal,F,VVS1,62.7,57,6.57,6.63,4.14,10861
23277,1.24,Premium,H,SI1,60.2,60,6.94,6.91,4.17,6808
23278,1.01,Good,E,VS2,63.4,56,6.35,6.37,4.03,5954
23280,0.53,Very Good,E,SI2,58.3,62,5.3,5.36,3.11,1160
23282,2.59,Ideal,J,VS1,61.7,56,8.83,8.77,5.43,16465
23283,0.86,Very Good,J,SI2,63.2,61,6.05,5.97,3.79,1950
23285,1.32,Ideal,D,VVS2,59.3,59,7.16,7.23,4.27,15802
23286,1.51,Fair,E,VS2,65,58,7.06,7.12,4.61,12829
23288,0.46,Very Good,E,SI1,61.8,57,4.93,4.98,3.06,968
23289,1.75,Ideal,H,I1,,54.9,7.75,7.78,4.78,7276
23294,1.01,Good,E,SI1,64.3,59,6.31,6.34,4.07,4766
23298,1.51,Very Good,E,VS2,63.2,56,7.28,7.22,4.58,13757
23299,1.4,Premium,I,VS1,61.6,59,7.22,7.17,4.43,7722
23300,0.53,Premium,E,VVS1,60.8,59,5.23,5.17,3.16,2514
23305,1.7,Premium,F,SI1,62.4,57,7.61,7.56,4.73,14611
23306,0.27,Ideal,D,IF,62.4,56,4.15,4.12,2.58,893
23308,1.22,Premium,I,SI2,62.3,58,6.8,6.85,4.25,4831
23309,1.03,Ideal,G,VS1,60.8,57,6.55,6.57,3.99,7587
23312,0.3,Good,J,VS1,63.4,57,4.23,4.26,2.69,394
23317,0.4,Very Good,F,SI1,59.6,61,4.79,4.84,2.87,927
23321,1.25,Premium,H,SI2,61.6,54,6.95,6.85,4.25,5740
23323,0.9,Good,I,SI1,63,53,6.08,6.15,3.85,3196
23328,0.33,Ideal,E,VS2,61.9,56,4.46,4.43,2.75,928
23332,1.01,Fair,D,SI1,64.7,57,6.33,6.25,4.07,5430
23333,1.24,Ideal,F,VVS1,,55,6.94,6.98,4.26,15026
23334,1.01,Ideal,D,SI2,61.3,54,6.47,6.52,3.99,4916
23336,0.32,Ideal,I,IF,62.2,57,4.37,4.35,2.71,864
23337,0.36,Premium,H,SI1,61.3,57,4.65,4.61,2.84,665
23338,0.3,Ideal,H,VS1,62.4,55,4.32,4.34,2.7,545
23339,1.06,Premium,I,VS1,61.2,57.1,6.56,6.59,4.03,5550
23340,0.7,Very Good,E,VS2,61,60,5.74,5.77,3.51,2850
23342,0.73,Premium,F,SI1,61.9,60,5.78,5.81,3.59,2504
23345,0.42,Premium,E,SI1,60,58,4.85,4.89,2.92,722
23346,0.32,Ideal,F,VVS2,62,55,4.39,4.41,2.73,786
23348,0.51,Premium,D,SI2,62,58,5.08,5.12,3.16,1264
23349,1.02,Good,D,VS1,64.6,58,6.22,6.28,4.04,6797
23350,0.52,Premium,G,SI1,62.7,58,5.13,5.07,3.2,1249
23353,1.51,Good,I,SI1,63.7,58,7.26,7.22,4.61,8464
23357,0.3,Ideal,G,VS2,61.3,56,4.3,4.28,2.63,675
23363,1.51,Ideal,E,SI2,61.9,56,7.31,7.36,4.54,10588
23364,0.33,Ideal,D,VS2,61.8,56,4.45,4.48,2.76,781
23368,0.38,Ideal,E,VS2,61.7,54.3,4.68,4.69,2.89,853
23369,1.01,Ideal,G,SI2,61.5,57,6.43,6.45,3.96,4783
23373,0.56,Ideal,F,VS2,62.3,55,5.28,5.32,3.3,1608
23374,0.41,Ideal,F,VS2,60.8,56,4.8,4.81,2.92,863
23377,0.31,Ideal,G,VS1,61,55,4.39,4.43,2.69,625
23378,0.34,Ideal,I,SI1,62.3,55,4.47,4.42,2.77,589
23381,1.19,Good,D,VS1,63.8,55,6.68,6.64,4.25,7437
23385,0.71,Ideal,F,SI1,59.8,53,5.86,5.82,3.49,2838
23390,0.43,Ideal,F,VS1,61.9,56,4.84,4.85,3,774
23391,0.7,Fair,H,SI1,,59,5.54,5.5,3.59,1803
23392,1.51,Premium,J,VS2,62.8,59,7.2,7.17,4.51,7553
23393,0.91,Good,G,VS1,63.2,58,6.07,6.15,3.86,4284
23394,1.51,Good,G,VS2,64.2,54,7.27,7.18,4.64,11746
23396,0.72,Good,J,VS1,63.7,54,5.71,5.68,3.63,2062
23397,0.33,Ideal,G,VVS1,62.3,55,4.42,4.44,2.76,810
23403,0.96,Very Good,F,SI1,62.1,62,6.24,6.32,3.9,4755
23406,0.33,Ideal,G,VS1,62.9,57,4.43,4.38,2.77,854
23408,1.02,Very Good,E,SI2,58.7,63,6.61,6.55,3.86,4414
23412,0.51,Premium,H,SI1,61.6,56,5.19,5.14,3.18,1250
23415,0.3,Ideal,F,IF,61.9,57,4.29,4.33,2.67,886
23417,1.52,Very Good,F,VVS2,63.7,57,7.28,7.31,4.65,16786
23420,1.01,Premium,E,SI2,60.4,60,6.46,6.49,3.91,4790
23425,0.24,Good,E,VVS1,60.8,64,3.97,3.99,2.42,492
23426,1.53,Good,E,SI1,63.5,58,7.29,7.35,4.65,11303
23428,0.4,Premium,H,VVS1,61.8,58,4.72,4.69,2.91,1088
23429,1.2,Good,G,VS1,63.4,56,6.7,6.74,4.26,8442
23433,1.7,Good,J,VS2,63.6,59,7.53,7.48,4.77,8134
23435,1.17,Good,G,VS1,60,64,6.82,6.77,4.08,7972
23437,0.31,Very Good,F,VS2,60.7,61,4.36,4.4,2.66,583
23445,1.13,Very Good,E,SI2,63.4,59,6.53,6.59,4.16,5147
23446,0.32,Ideal,E,VVS1,61.7,55,4.38,4.41,2.71,879
23447,1.4,Premium,H,SI1,62.1,60,7.21,7.12,4.45,8133
23448,0.81,Ideal,G,VS1,61.6,56,5.99,6.02,3.7,3923
23449,0.91,Good,E,SI2,63.9,61,6.03,6.09,3.87,3538
23450,0.32,Ideal,G,SI1,61.4,56,4.44,4.42,2.72,653
23452,0.7,Fair,G,VS1,57.1,62,5.89,5.94,3.38,2553
23453,0.88,Ideal,E,SI2,62.2,57,6.08,6.2,3.82,3329
23454,1.07,Very Good,G,VS1,58.6,60,6.65,6.76,3.93,6610
23455,0.71,Ideal,E,SI2,59.5,57,5.87,5.82,3.48,2511
23457,0.3,Ideal,E,VS2,61.3,57,4.33,4.29,2.64,844
23460,0.32,Ideal,F,VVS1,60.3,57,4.42,4.44,2.67,912
23461,0.7,Premium,I,SI2,59.5,58,5.79,5.73,3.43,1890
23464,1.3,Very Good,I,VS1,62.1,59,6.97,7.01,4.34,7333
23470,0.3,Ideal,G,VVS1,61.7,57,4.31,4.34,2.67,684
23474,0.25,Ideal,F,VVS1,62.3,56,4.01,4.03,2.5,705
23477,1.51,Premium,E,SI2,62,62,7.16,7.09,4.42,7610
23482,0.56,Very Good,J,SI1,60.3,59,5.3,5.34,3.21,957
23483,0.24,Ideal,F,VVS2,61.8,56,3.97,4.02,2.47,552
23485,0.85,Very Good,F,VS1,62,55,6.08,6.14,3.78,4293
23486,2.13,Very Good,G,SI2,61.5,57,8.27,8.34,5.11,15454
23489,0.91,Good,I,VS2,64.3,58,6.05,6.09,3.9,2863
23496,0.67,Premium,G,SI1,60.5,60,5.69,5.65,3.43,1914
23497,0.33,Ideal,E,VS2,61.6,57,4.46,4.44,2.74,928
23498,1.12,Ideal,G,SI1,62,55,6.68,6.65,4.13,5551
23499,1.01,Ideal,E,VS1,62.7,55,6.45,6.4,4.03,7665
23503,1.18,Premium,I,SI2,62.9,58,6.77,6.7,4.24,3925
23507,0.91,Premium,F,SI2,62.1,56,6.26,6.21,3.87,3096
23515,1.19,Very Good,H,VS2,61.1,58,6.78,6.83,4.16,6819
23517,0.5,Ideal,F,SI2,61.3,58,5.1,5.12,3.13,1020
23518,0.7,Ideal,F,VS1,62.2,56,5.73,5.68,3.55,2792
23519,0.28,Ideal,H,VVS2,61.6,56,4.22,4.26,2.61,514
23520,0.9,Very Good,I,VS2,62.1,61,6.08,6.12,3.79,3535
23523,0.3,Very Good,G,SI2,58.1,61,4.41,4.47,2.58,394
23524,0.5,Ideal,D,VS2,61.7,53,5.14,5.16,3.18,1678
23526,1.03,Ideal,H,SI2,60.5,57,6.58,6.52,3.96,3692
23527,0.58,Ideal,D,SI2,60.9,56,5.4,5.44,3.3,1607
23532,0.3,Very Good,D,VS2,62.5,57,4.26,4.28,2.67,670
23535,0.55,Very Good,G,VS2,61.6,56,5.26,5.3,3.25,1563
23542,0.5,Ideal,H,VS2,61.7,55,5.11,5.14,3.16,1626
23547,0.31,Ideal,H,SI1,62,53.9,4.35,4.39,2.7,491
23549,0.52,Premium,I,VS1,59.6,60,5.17,5.14,3.07,1141
23550,1.51,Premium,E,SI1,60.6,59,7.45,7.41,4.5,12738
23551,0.37,Ideal,E,SI1,61.4,56,4.6,4.65,2.84,606
23555,0.38,Premium,I,VS2,62.5,58,4.58,4.61,2.87,633
23558,1.51,Premium,I,VVS2,61.1,60,7.36,7.33,4.49,10817
23565,1.53,Very Good,E,SI1,60.8,60,7.43,7.51,4.54,12386
23567,0.31,Ideal,D,VS2,59.4,57,4.5,4.45,2.66,879
23570,1.53,Ideal,I,VS1,62.9,57,7.36,7.3,4.61,7968
23572,1,Premium,F,VS2,61.9,59,6.41,6.36,3.95,6640
23573,0.55,Very Good,J,VS2,61.7,54,5.29,5.34,3.28,1172
23575,0.31,Ideal,F,VS1,60.6,56,4.42,4.39,2.67,872
23578,0.55,Ideal,E,VS1,62,56,5.24,5.27,3.26,2001
23579,1.31,Premium,I,VS1,62.8,57,6.98,6.9,4.36,5759
23581,0.38,Ideal,E,VS1,61.9,55.2,4.62,4.65,2.87,979
23582,1.69,Ideal,F,VS2,62.2,57,7.59,7.66,4.74,16789
23588,1.01,Very Good,G,VS2,61.6,60,6.42,6.47,3.97,6406
23589,1,Fair,I,VS1,65.3,55,6.34,6.25,4.11,3763
23600,1,Very Good,I,VS1,60.8,59,6.39,6.44,3.9,5557
23605,0.31,Good,H,VS1,57.5,60,4.46,4.51,2.58,435
23610,0.91,Good,G,SI2,63.6,59,6.11,6.15,3.9,3340
23611,1.24,Ideal,G,VS2,62,56,6.87,6.9,4.27,8797
23617,0.43,Premium,D,SI1,61.2,58,4.87,4.83,2.97,1064
23618,1.19,Premium,E,I1,60.2,61,6.91,6.87,4.15,3572
23620,0.3,Ideal,G,VS1,62.6,57,4.29,4.27,2.68,776
23622,1.01,Good,D,SI2,63.9,57,6.36,6.29,4.04,4672
23623,0.39,Premium,G,IF,59,60,4.78,4.75,2.81,1362
23625,1.21,Ideal,J,SI1,62.7,55,6.84,6.79,4.27,5489
23628,0.23,Very Good,E,VVS2,61.1,58,3.95,4.01,2.43,465
23630,1,Premium,G,SI2,62.7,59,6.3,6.36,3.97,4095
23632,0.31,Ideal,G,VVS2,60.8,56,4.41,4.44,2.69,687
23634,1.08,Ideal,H,SI2,61.2,57.4,6.57,6.63,4.04,4564
23639,2,Fair,I,SI2,69.1,56,7.84,7.7,5.37,8736
23641,0.3,Very Good,G,VVS1,63.2,58,4.25,4.23,2.68,1013
23643,0.71,Premium,D,SI1,62.7,60,5.71,5.67,3.57,2822
23648,0.3,Ideal,E,VVS1,62,57,4.29,4.32,2.67,844
23649,0.71,Good,G,SI2,58.2,64,5.82,5.77,3.37,1902
23653,2.01,Premium,D,SI2,62.7,58,8.06,7.99,5.03,16776
23654,0.33,Ideal,H,VS2,61.2,55,4.45,4.47,2.73,521
23655,1.31,Ideal,H,VS1,62.5,56,7.03,6.95,4.37,8774
23657,1.51,Good,I,VVS1,64,60,7.26,7.21,4.63,9471
23659,1.72,Ideal,G,SI2,62.8,59,7.62,7.55,4.76,10268
23662,1.01,Premium,G,SI2,60.4,59,6.57,6.52,3.95,4327
23667,1.32,Very Good,H,SI1,62.3,58,6.96,7,4.35,7389
23669,0.3,Premium,E,SI1,59.8,60,4.31,4.35,2.59,526
23673,1.01,Premium,H,SI2,61.9,60,6.43,6.4,3.97,4242
23674,0.7,Ideal,G,VS1,61.9,55,5.67,5.71,3.52,3384
23675,1.5,Fair,E,SI2,66.3,60,7.09,7.02,4.68,10080
23681,0.23,Very Good,F,VVS2,61.7,55,3.99,4.05,2.48,498
23682,0.71,Fair,H,SI1,65.1,56,5.63,5.55,3.64,2112
23686,1.01,Premium,F,VS1,60.4,59,6.54,6.5,3.94,7409
23689,1.08,Very Good,G,VS2,63.2,60,6.53,6.44,4.1,6096
23690,0.31,Premium,H,SI1,59,57,4.44,4.4,2.61,573
23692,0.28,Very Good,G,SI1,62,55,4.2,4.25,2.62,382
23693,1.02,Very Good,F,SI2,58.7,63,6.49,6.46,3.8,3875
23695,0.31,Very Good,E,VS2,62.8,57,4.33,4.37,2.73,680
23697,0.45,Premium,G,VVS1,60.8,58,4.92,4.98,3.01,1263
23700,1.5,Very Good,G,SI2,58.5,62,7.4,7.44,4.34,8580
23701,0.76,Very Good,E,VS2,63,59,5.76,5.79,3.64,3162
23705,0.77,Very Good,J,SI1,63.3,57,5.84,5.79,3.68,2010
23706,0.32,Ideal,E,IF,61.9,56,4.42,4.4,2.73,1170
23707,0.55,Ideal,H,VVS1,61.6,55,5.26,5.29,3.25,2303
23708,0.32,Ideal,F,VS2,61.7,55,4.41,4.4,2.72,828
23709,1.12,Ideal,G,VS1,61,56,6.76,6.72,4.11,7632
23713,1.39,Ideal,H,VVS2,61.2,54,7.23,7.25,4.43,9298
23714,0.32,Premium,H,VS2,60.6,58,4.47,4.44,2.7,648
23716,1.06,Very Good,G,SI2,61.1,62,6.55,6.61,4.02,4162
23721,1.03,Ideal,H,SI1,62,56,6.43,6.5,4.01,4900
23723,1.52,Very Good,I,SI1,62.6,60,7.3,7.33,4.58,8703
23725,0.31,Very Good,D,SI1,63.5,58,4.3,4.27,2.72,732
23726,0.23,Very Good,E,VVS2,62.7,55,3.9,3.95,2.46,505
23727,0.3,Very Good,G,VS1,61.2,59,4.28,4.32,2.63,605
23728,2.21,Ideal,G,SI2,60.1,60,8.47,8.53,5.11,15948
23731,1.55,Premium,J,VS1,,58,7.39,7.42,4.56,7733
23732,1.7,Premium,I,VS1,59.8,59,7.79,7.7,4.63,12737
23733,1.23,Very Good,E,VVS2,60.4,62,6.88,6.93,4.17,11175
23734,0.41,Premium,D,VVS2,61.9,59,4.75,4.78,2.95,1105
23736,0.38,Very Good,F,VS1,62.7,57,4.71,4.64,2.93,883
23737,0.5,Fair,E,SI1,65.1,58,5.04,4.94,3.25,1114
23741,0.31,Ideal,E,VS1,61.2,55,4.4,4.42,2.7,754
23744,1.5,Premium,I,VVS2,59.7,60,7.62,7.46,4.5,10744
23745,1.59,Ideal,H,VS1,60.7,56,7.54,7.58,4.59,13839
23747,0.59,Very Good,I,VS2,63.4,56,5.37,5.33,3.39,1391
23748,0.55,Premium,E,VS1,59.6,60,5.41,5.36,3.15,2277
23749,0.41,Ideal,E,VS2,62.1,57,4.74,4.79,2.96,935
23750,0.41,Ideal,G,VS1,61.9,57,4.81,4.76,2.96,961
23752,1,Good,G,VS2,63.4,57,6.27,6.31,3.99,5702
23755,0.72,Ideal,G,VVS2,61,56,5.8,5.84,3.55,3295
23756,0.93,Very Good,D,SI2,62.6,57,6.2,6.26,3.9,4214
23760,0.26,Very Good,F,VVS2,59.2,60,4.19,4.22,2.49,554
23761,1.5,Ideal,I,SI1,61.8,57,7.3,7.34,4.53,8907
23763,1.15,Premium,H,SI2,61.6,60,6.72,6.75,4.15,4743
23768,0.43,Ideal,G,SI2,62.3,53,4.84,4.86,3.02,696
23776,0.77,Ideal,G,VS2,,55,5.89,5.91,3.64,3786
23783,0.4,Premium,G,SI1,62.7,59,4.71,4.67,2.94,900
23784,0.73,Ideal,F,VS2,62.7,58,5.72,5.77,3.6,2939
23786,0.72,Very Good,E,VS2,63.8,57,5.66,5.69,3.62,3035
23788,1.2,Premium,F,SI1,60.2,58,6.9,6.86,4.14,6604
23792,0.8,Premium,H,SI1,62.5,55,5.97,5.93,3.72,2553
23793,0.32,Ideal,F,VVS1,61.5,56,4.39,4.42,2.71,803
23794,0.41,Ideal,D,SI1,62.3,55,4.77,4.79,2.98,791
23795,1,Premium,G,VS1,62.4,60,6.39,6.37,3.98,6377
23796,1.07,Ideal,E,SI2,62.2,55,6.54,6.58,4.08,5325
23797,1.53,Very Good,G,VVS2,62.5,57,7.33,7.38,4.6,15466
23809,0.43,Good,I,VS2,58,57,4.96,5.01,2.89,696
23812,0.31,Ideal,D,VVS2,61.2,56,4.35,4.37,2.67,804
23815,0.7,Premium,G,VVS1,62.8,58,5.68,5.62,3.55,3234
23821,1.52,Premium,I,VS2,59,59,7.53,7.46,4.42,9057
23829,0.26,Premium,E,VVS1,60.9,59,4.09,4.12,2.5,635
23832,0.58,Ideal,F,VS1,60.6,55,5.41,5.48,3.3,2117
23833,0.37,Very Good,E,VS2,64,55,4.52,4.57,2.91,728
23836,0.32,Ideal,H,IF,61.6,56,4.4,4.43,2.72,796
23845,0.41,Good,I,SI2,63.5,57,4.7,4.72,2.99,539
23846,0.33,Premium,G,VVS1,60.9,60,4.46,4.5,2.73,868
23848,0.55,Very Good,D,SI1,61.2,58,5.24,5.29,3.22,1692
23849,0.72,Very Good,F,VS1,62.1,59,5.69,5.74,3.55,3059
23850,1.21,Ideal,G,VS1,61.4,56,6.84,6.9,4.22,8824
23851,1.04,Very Good,G,VS1,63.1,57,6.39,6.44,4.05,6669
23854,0.58,Very Good,I,VS2,61.7,54.1,5.37,5.4,3.32,1408
23861,0.92,Premium,F,SI1,62.6,59,6.19,6.23,3.89,3749
23863,1.01,Ideal,G,VS2,60.1,55,6.53,6.58,3.94,6512
23867,1.01,Very Good,G,SI2,63.1,55,6.36,6.31,4,3507
23870,1.14,Premium,D,I1,61.8,59,6.62,6.74,4.13,3950
23872,0.32,Ideal,D,VS2,62.1,54,4.4,4.46,2.75,758
23873,1.5,Fair,H,SI1,65,57,7.1,7.06,4.6,6838
23874,0.5,Ideal,F,SI2,60.9,57,5.16,5.13,3.13,1203
23882,1.52,Premium,G,VS2,62,58,7.33,7.39,4.56,13483
23883,0.58,Ideal,D,SI1,61.1,57,5.36,5.41,3.29,1737
23886,1.43,Ideal,J,SI1,62.1,58,7.23,7.16,4.47,6546
23887,0.51,Ideal,G,VS2,62.3,54,5.17,5.12,3.21,1660
23888,1.01,Very Good,G,VS2,62.9,60,6.28,6.35,3.97,5779
23889,0.72,Premium,E,VS2,60.9,60,5.8,5.76,3.52,2822
23891,0.7,Ideal,G,SI1,61.9,58,5.66,5.69,3.51,2567
23892,0.34,Premium,I,VS1,61,60,4.48,4.51,2.74,537
23897,1.51,Very Good,F,SI1,59.4,57,7.48,7.57,4.47,10838
23898,1.01,Very Good,D,VVS2,62.5,59,6.34,6.4,3.98,10453
23906,0.41,Ideal,I,VVS1,61.8,55,4.76,4.79,2.95,863
23909,0.3,Very Good,D,VVS2,63,56,4.29,4.31,2.71,754
23912,0.56,Ideal,D,VS2,62.2,56,5.28,5.26,3.28,1929
23913,1.02,Premium,H,I1,62.5,60,6.39,6.41,4,3141
23918,0.51,Ideal,G,SI1,61.9,56,5.11,5.17,3.17,1321
23919,0.74,Good,E,VS1,63.4,55,5.76,5.78,3.66,3416
23921,0.48,Very Good,E,VVS1,60.6,56,5.13,5.06,3.09,2275
23927,0.32,Premium,H,VS1,62.8,58,4.37,4.35,2.74,720
23934,0.6,Premium,D,SI2,61.4,56,5.43,5.41,3.33,1385
23935,1.14,Ideal,H,SI1,60.4,57,6.78,6.83,4.11,5861
23936,0.6,Ideal,D,VS2,60.4,57,5.53,5.49,3.33,2125
23937,1.16,Good,H,SI1,64,58,6.63,6.56,4.22,5678
23938,0.52,Ideal,I,VVS1,60.1,56,5.24,5.27,3.16,1454
23942,0.39,Ideal,G,SI2,60.9,56,4.78,4.74,2.9,716
23943,0.51,Very Good,E,SI1,62.2,55,5.09,5.11,3.17,1318
23944,0.42,Premium,G,VVS2,61.6,60,4.85,4.8,2.97,1029
23945,0.56,Ideal,H,VVS1,60,56,5.37,5.4,3.23,1929
23947,1.06,Ideal,D,VVS2,61.1,56,6.58,6.59,4.02,11209
23954,1.21,Ideal,H,SI2,61.1,56,6.92,6.87,4.21,6098
23959,0.9,Very Good,E,VS1,62.3,56,6.1,6.19,3.83,5001
23960,1.21,Very Good,E,SI1,61,60,6.83,6.88,4.18,5885
23963,1.51,Premium,G,VS1,63,59,7.24,7.19,4.55,12085
23964,2.04,Premium,H,SI2,60.8,58,8.23,8.14,4.98,14945
23968,0.55,Very Good,F,VS1,60.7,60,5.29,5.32,3.22,1853
23969,1,Good,E,SI2,63.7,61,6.27,6.32,4.01,3819
23970,1.25,Good,J,SI1,63.6,57,6.86,6.81,4.35,5110
23971,0.54,Ideal,G,VVS2,61,56,5.25,5.3,3.22,1985
23975,1.72,Ideal,H,SI1,62.2,57,7.65,7.55,4.72,7840
23979,1.19,Very Good,I,SI1,63.2,58,6.82,6.7,4.27,4665
23980,1.32,Premium,I,SI2,58.4,60,7.24,7.15,4.2,5921
23982,0.3,Premium,D,SI1,62,60,4.26,4.29,2.65,552
23983,1.53,Very Good,H,SI1,61,61,7.4,7.45,4.53,10468
23984,0.37,Very Good,F,VS1,58.6,65,4.68,4.71,2.75,863
23985,0.34,Very Good,F,SI2,60,62,4.51,4.55,2.72,447
23986,1.2,Good,J,VS2,63.7,58,6.61,6.68,4.23,4466
23987,1,Premium,E,SI2,61.7,58,6.34,6.39,3.93,4620
23996,1.2,Very Good,H,SI1,62.5,59,6.66,6.72,4.18,6019
23997,2,Premium,I,VS1,60.8,59,8.13,8.02,4.91,18795
23998,0.26,Premium,G,VS1,61.3,60,4.12,4.07,2.51,491
23999,0.3,Very Good,G,VS1,60.2,62,4.3,4.31,2.59,565
24000,1.08,Premium,F,SI2,60.2,59,6.6,6.65,3.99,4407
24001,0.32,Ideal,G,VS2,61.8,57,4.38,4.42,2.72,561
24002,0.3,Ideal,G,VS2,61.7,56,4.31,4.35,2.67,526
24004,0.31,Ideal,G,VVS2,62.6,57,4.33,4.29,2.7,907
24005,1.02,Good,F,VS1,62.6,54.3,6.41,6.45,4.02,8011
24006,1.03,Ideal,G,SI1,62.4,57,6.52,6.47,4.05,4764
24007,0.53,Ideal,G,VS2,62.5,55,5.2,5.17,3.24,1607
24009,1.07,Ideal,G,VVS2,61.9,56,6.6,6.62,4.09,9169
24010,1.1,Ideal,E,SI2,61.6,56,6.66,6.63,4.09,5359
24013,0.71,Very Good,J,VS2,62.8,61,5.63,5.71,3.56,1821
24016,0.7,Ideal,I,VS1,63.1,54,5.61,5.67,3.56,2142
24017,0.52,Ideal,D,SI1,63,57,5.14,5.12,3.23,1605
24021,1.04,Ideal,H,SI2,61.7,57,6.49,6.54,4.02,4461
24022,0.51,Premium,F,VS2,62.1,58,5.09,5.12,3.17,1569
24027,0.63,Ideal,G,SI1,,58,5.44,5.48,3.4,1711
24028,0.4,Ideal,I,VS1,,56,4.72,4.68,2.96,945
24031,0.72,Very Good,I,VVS2,62.5,56,5.7,5.72,3.57,2530
24032,1.05,Fair,J,SI2,65.8,59,6.41,6.27,4.18,2789
24033,2.11,Premium,I,SI2,,56,8.23,8.13,5.1,13701
24038,1,Very Good,D,SI2,62.8,58,6.29,6.39,3.98,4595
24044,0.71,Very Good,I,SI1,60.4,63,5.8,5.73,3.48,2028
24045,1.73,Very Good,I,SI2,62,58,7.6,7.69,4.74,9292
24048,0.34,Ideal,G,VS2,62.1,57,4.46,4.5,2.78,596
24054,1.04,Premium,F,VS1,59.4,60,6.58,6.56,3.9,7632
24057,0.32,Premium,F,VS2,59.7,62,4.43,4.38,2.63,773
24061,1.1,Ideal,F,VVS2,61.2,56,6.66,6.74,4.1,10487
24065,0.71,Very Good,D,VS1,58.1,62,5.84,5.89,3.41,3145
24066,1.71,Premium,I,SI1,60.2,58,7.79,7.75,4.68,11104
24071,1.08,Premium,G,VS1,62,60,6.55,6.51,4.05,6689
24073,0.43,Very Good,G,VS1,58.4,60,4.95,4.98,2.9,817
24075,0.4,Very Good,E,SI1,62.2,54.4,4.72,4.76,2.95,837
24077,0.35,Premium,G,IF,60.6,60,4.57,4.54,2.76,1116
24078,1.51,Premium,H,VS2,60.6,58,7.42,7.36,4.48,10411
24082,1,Premium,F,SI1,62.7,59,6.36,6.4,4,5197
24085,0.24,Ideal,G,IF,60.8,58,4.01,4.05,2.44,559
24086,0.3,Premium,H,VS2,62.5,59,4.28,4.23,2.66,608
24088,0.33,Ideal,F,VVS1,61.9,56,4.47,4.42,2.75,1021
24092,0.32,Very Good,H,VVS1,61.2,57,4.39,4.42,2.69,672
24094,1.2,Premium,J,SI1,60.6,59,6.88,6.84,4.16,4838
24096,0.39,Premium,H,VVS2,62.1,58,4.65,4.63,2.88,1097
24097,0.43,Ideal,E,VVS2,60.8,57,4.9,4.87,2.97,1135
24099,0.38,Ideal,F,VS2,62.4,54,4.65,4.6,2.89,969
24103,1.21,Ideal,E,SI1,62.3,56,6.87,6.81,4.26,7088
24105,1.5,Premium,H,VS2,61.2,61,7.32,7.25,4.46,10478
24108,0.42,Ideal,G,VVS2,61.3,56,4.82,4.81,2.95,1103
24115,1.01,Premium,D,SI1,62.6,58,6.33,6.44,4,5443
24117,0.5,Premium,G,VVS2,62.2,61,5.09,5.07,3.16,1806
24118,0.3,Ideal,F,VS1,61.8,53,4.32,4.36,2.68,621
24119,0.32,Ideal,H,IF,62.2,54,4.37,4.41,2.73,814
24121,0.79,Ideal,I,VS2,63,58,5.85,5.89,3.7,2712
24127,0.72,Ideal,J,SI1,62.3,56,5.75,5.78,3.59,1864
24131,0.54,Ideal,H,VVS2,61.1,56,5.23,5.28,3.21,1696
24133,0.4,Premium,F,VS2,61,58,4.72,4.79,2.9,842
24135,0.41,Premium,F,VS2,61.3,58,4.84,4.79,2.95,1107
24139,0.31,Very Good,F,VS2,62.8,57,4.34,4.36,2.73,625
24140,1.51,Very Good,I,VS1,61.8,63,7.28,7.34,4.52,9467
24143,1.01,Premium,H,VS1,60.9,62,6.52,6.49,3.96,5000
24144,0.74,Ideal,F,VS1,62.3,56,5.79,5.76,3.6,3170
24147,0.9,Premium,D,SI1,62.4,61,6.17,6.13,3.84,4612
24148,0.9,Very Good,E,SI2,59.9,57,6.25,6.34,3.77,4288
24149,0.33,Ideal,G,VVS1,60.9,57,4.49,4.51,2.74,838
24150,0.43,Good,G,VS2,61.8,60.7,4.8,4.84,2.99,891
24151,1,Ideal,F,VVS2,61.9,57,6.47,6.42,3.99,9354
24153,0.74,Ideal,H,VS1,62.1,55,5.82,5.84,3.62,3254
24159,1.18,Premium,H,SI1,60.1,60,6.89,6.75,4.1,4746
24160,1.2,Premium,H,VS2,60.6,58,6.82,6.88,4.15,6547
24161,1.26,Very Good,G,VVS2,62.1,58,6.92,6.83,4.27,9158
24162,0.31,Ideal,E,VVS2,61.7,56,4.33,4.36,2.68,816
24166,1,Premium,F,VS1,59.2,60,6.53,6.48,3.58,7056
24169,0.59,Ideal,H,SI2,61.9,55,5.37,5.39,3.33,1292
24170,1.01,Premium,H,SI1,61.3,58,6.47,6.39,3.94,4513
24172,0.32,Ideal,E,VVS1,,57,4.42,4.45,2.72,890
24176,2.5,Fair,J,SI2,66.9,58,8.36,8.22,5.55,14652
24178,0.5,Premium,G,VVS1,61.3,57,5.15,5.07,3.13,1987
24179,0.72,Very Good,D,SI2,59.8,60,5.76,5.81,3.46,2294
24182,1.51,Very Good,H,SI2,62.3,58,7.31,7.35,4.57,9107
24183,0.5,Very Good,F,SI1,62.3,60,5.07,5.11,3.17,1250
24186,0.3,Premium,E,VS2,59.2,59,4.37,4.41,2.6,658
24187,0.4,Ideal,D,SI1,62.5,55,4.71,4.73,2.95,741
24190,1.03,Ideal,G,VS1,,57,6.44,6.47,4.01,6558
24194,0.44,Ideal,H,SI1,60.9,57,4.92,4.9,2.99,1069
24198,1.37,Ideal,G,VS1,62.2,55,7.09,7.12,4.42,10927
24201,0.9,Ideal,F,SI2,61.8,56,6.18,6.21,3.83,4593
24202,0.5,Fair,G,VVS2,66.1,62,4.92,4.88,3.24,1659
24204,0.56,Ideal,D,IF,61.9,57,5.28,5.31,3.28,4293
24205,1.07,Premium,G,SI1,61.6,58,6.6,6.56,4.05,5453
24208,0.71,Premium,F,SI1,60.7,54,5.84,5.8,3.53,2809
24209,0.5,Ideal,G,VS1,62,54,5.11,5.15,3.18,1569
24211,0.53,Ideal,D,VS2,60.9,57,5.17,5.24,3.17,1783
24212,0.5,Very Good,G,VVS2,63.4,57,5.1,5.06,3.22,1806
24214,0.28,Very Good,E,VS1,62.8,60,4.16,4.21,2.63,434
24218,2.01,Premium,I,VS2,61.7,60,8.09,8.02,4.97,16700
24219,1.05,Ideal,F,VS2,59.1,57,6.67,6.66,3.94,7697
24220,0.42,Ideal,G,VS2,62.2,54,4.8,4.82,2.99,847
24221,0.39,Ideal,F,SI1,,56,4.69,4.72,2.88,919
24223,1,Very Good,H,SI2,64.1,54,6.3,6.33,4.05,3991
24227,1.56,Good,I,VS2,57.2,62,7.72,7.66,4.4,9784
24229,0.31,Ideal,J,VS2,62.3,54,4.35,4.38,2.72,396
24230,1.01,Very Good,F,VS2,63.1,60,6.39,6.29,4,6271
24232,1.03,Premium,E,VS1,59.6,59,6.59,6.57,3.92,7817
24234,0.72,Very Good,G,SI1,63.1,57,5.71,5.67,3.59,2385
24235,1.21,Very Good,H,SI1,60.2,58,6.89,6.93,4.16,6229
24238,1.11,Premium,E,SI1,61.3,58,6.61,6.66,4.07,5802
24243,1.5,Very Good,E,SI2,62.7,59,7.22,7.3,4.55,8167
24244,0.59,Very Good,H,VVS2,61.1,57,5.39,5.48,3.32,1771
24246,1.51,Very Good,I,SI1,59.3,59,7.49,7.59,4.47,8856
24248,0.33,Ideal,G,IF,61.7,55,4.47,4.48,2.76,946
24252,1,Premium,H,VS2,58.4,60,6.36,6.3,3.7,4514
24260,0.31,Ideal,H,VS2,62,55,4.36,4.38,2.71,507
24261,0.7,Ideal,E,SI1,60.1,57,5.78,5.83,3.49,2929
24262,0.53,Ideal,G,VVS2,61,56,5.21,5.25,3.19,1946
24263,0.53,Good,E,VS2,63.7,55,5.12,5.15,3.27,1607
24264,0.36,Premium,E,VS2,62.3,58,4.55,4.51,2.82,1013
24276,0.7,Very Good,D,VS1,61.2,56,5.68,5.75,3.5,3567
24277,1.52,Premium,G,VS1,62.4,58,7.37,7.3,4.58,13034
24283,0.32,Ideal,G,VS1,61.3,55,4.45,4.43,2.72,707
24285,1.01,Very Good,F,SI1,62.1,57,6.41,6.48,4,4969
24286,0.81,Premium,D,VS1,62.3,58,6,5.94,3.72,4209
24288,0.75,Premium,G,SI2,58.8,60,5.99,5.89,3.49,2070
24290,0.53,Ideal,I,VS2,61.9,54,5.21,5.23,3.23,1173
24292,0.42,Ideal,E,SI1,62.1,55,4.81,4.79,2.98,953
24293,0.5,Very Good,E,VS2,63.6,59,4.99,5.04,3.19,1446
24294,1.07,Premium,G,VS1,62,58,6.59,6.53,4.07,6730
24295,0.46,Ideal,E,VS1,60.3,56,5.02,5.06,3.04,1834
24298,0.31,Very Good,J,SI2,63.3,58,4.35,4.34,2.75,430
24299,0.37,Premium,D,SI1,62.3,56,4.64,4.61,2.88,874
24300,0.24,Ideal,F,VS2,62.2,57,3.96,4.01,2.48,419
24302,0.73,Very Good,E,SI2,59.3,57,5.88,5.95,3.51,2395
24308,0.33,Ideal,H,VVS1,61.5,56,4.46,4.49,2.75,730
24309,1.51,Very Good,H,VS1,61.5,54,7.34,7.42,4.54,10045
24310,0.7,Premium,D,VS1,60.9,60,5.75,5.71,3.49,3183
24311,1.12,Premium,G,SI2,62.8,58,6.62,6.57,4.14,4478
24312,1.02,Good,E,I1,63.1,60,6.31,6.4,4.01,3051
24313,1.06,Very Good,H,SI1,62.2,58,6.45,6.53,4.04,4878
24320,0.71,Fair,H,VS2,62.1,70,5.67,5.6,3.5,1832
24321,0.7,Very Good,G,SI2,59,62,5.79,5.81,3.42,2872
24323,1.29,Ideal,J,SI1,61.5,57,7,7.06,4.32,6097
24327,2.01,Very Good,F,SI2,61.6,56,8.17,8.13,5.02,15188
24334,0.31,Ideal,D,VS2,60.4,56,4.42,4.39,2.66,942
24336,0.9,Very Good,F,SI2,60.3,57,6.27,6.34,3.8,3519
24337,0.34,Ideal,F,VVS2,62,54.2,4.47,4.49,2.78,846
24338,0.35,Ideal,I,VS2,59.8,57,4.59,4.6,2.75,491
24341,0.35,Premium,G,VS1,61.2,56,4.56,4.53,2.78,906
24344,1.25,Very Good,J,VS1,60.4,60,6.99,7.08,4.25,5628
24350,1,Very Good,H,VS2,63.3,60,6.31,6.22,3.97,4514
24354,0.33,Premium,E,VVS1,60.1,58,4.51,4.47,2.7,1052
24355,1.01,Very Good,F,SI2,60.7,57,6.42,6.46,3.91,4004
24356,1.56,Premium,D,SI1,62.6,58,7.36,7.44,4.63,12226
24358,0.32,Ideal,I,VS2,61.5,56,4.41,4.4,2.71,576
24361,0.6,Ideal,E,SI1,61.2,57,5.43,5.45,3.33,2069
24362,1.71,Ideal,J,VVS2,,59,7.65,7.68,4.72,10945
24363,1,Very Good,G,VS2,60.8,55,6.46,6.49,3.94,6296
24364,0.5,Very Good,E,VS2,61.3,62,5.05,5.1,3.11,1407
24366,0.31,Ideal,F,VVS1,62.4,54,4.33,4.35,2.71,840
24368,0.37,Ideal,G,IF,62.1,54,4.6,4.64,2.87,1056
24369,0.71,Ideal,H,VS2,61.8,55,5.73,5.75,3.55,3080
24373,0.41,Ideal,F,VVS1,62.3,55,4.79,4.74,2.97,1356
24376,0.31,Ideal,G,VS2,61.6,55,4.37,4.39,2.7,544
24381,0.3,Fair,F,SI1,64.6,56,4.27,4.25,2.75,599
24384,1.02,Good,F,SI1,64.3,58,6.28,6.32,4.05,4936
24385,1.15,Ideal,H,SI2,62.2,57,6.68,6.63,4.14,4186
24386,0.3,Ideal,F,VVS1,62.5,57,4.26,4.29,2.67,814
24387,1.16,Premium,F,VVS1,60.4,60,6.9,6.77,4.13,10809
24388,0.33,Ideal,E,VS1,59.6,56,4.49,4.54,2.69,781
24389,0.26,Premium,E,VS1,61.9,58,4.1,4.11,2.54,452
24395,0.24,Very Good,F,VVS1,58.7,59,4.04,4.1,2.39,552
24396,0.34,Ideal,I,VS2,61.1,55,4.51,4.55,2.77,495
24397,0.32,Ideal,G,SI1,61.4,55,4.4,4.46,2.72,461
24399,0.55,Ideal,F,VS2,62.7,55,5.24,5.26,3.29,1580
24403,0.7,Very Good,G,VS1,63.2,58,5.61,5.65,3.56,2473
24410,0.41,Ideal,E,VVS2,62.2,54,4.79,4.76,2.97,1243
24412,0.52,Very Good,G,SI1,61.9,59,5.08,5.13,3.16,1232
24414,0.72,Very Good,J,VS1,62.3,57,5.73,5.77,3.58,2136
24416,0.52,Ideal,D,VS2,62.6,56,5.11,5.14,3.21,1822
24417,1.55,Premium,I,SI2,58.5,60,7.64,7.58,4.45,7972
24419,0.54,Ideal,J,VVS2,61.6,57,5.25,5.23,3.23,1720
24421,2.05,Ideal,J,VVS2,62.7,56,8.18,8.11,5.11,17214
24422,0.9,Very Good,G,SI2,63.1,55,6.16,6.13,3.88,3452
24424,1.2,Ideal,G,SI1,61.2,56,6.92,6.84,4.21,6502
24425,0.51,Premium,D,VS2,61.1,59,5.16,5.12,3.14,1882
24429,0.34,Very Good,D,SI1,59.6,59,4.55,4.57,2.72,626
24438,2.26,Premium,H,SI2,61.9,58,8.37,8.33,5.17,11226
24439,1.01,Very Good,J,SI1,62.8,57,6.37,6.41,4.01,3998
24441,0.35,Ideal,D,SI1,62.3,55,4.56,4.52,2.83,827
24442,0.71,Ideal,F,SI2,60.7,57,5.78,5.81,3.52,2291
24446,2.22,Ideal,I,VS2,61.3,56,8.36,8.45,5.15,18363
24447,0.77,Ideal,D,SI1,62.6,57,5.92,5.81,3.67,2898
24449,0.56,Ideal,H,VS1,62.8,56,5.28,5.23,3.3,1698
24452,1.02,Ideal,E,SI1,60.7,57,6.55,6.51,3.97,5055
24456,0.3,Ideal,G,VVS1,62,54.9,4.3,4.33,2.68,735
24459,0.42,Ideal,G,VS1,62.5,54,4.84,4.79,3.01,984
24467,0.91,Ideal,F,SI2,60.3,57,6.26,6.34,3.8,3763
24469,1.51,Premium,G,VS1,62.5,58,7.27,7.23,4.53,13811
24470,1.13,Ideal,H,SI1,62,57,6.66,6.73,4.15,4959
24471,0.42,Ideal,D,VVS2,61.4,56,4.82,4.85,2.97,1326
24476,0.42,Very Good,D,SI1,60.8,59,4.82,4.85,2.94,810
24477,0.33,Premium,F,VS2,62.4,58,4.37,4.41,2.74,666
24480,1.1,Ideal,G,VS2,62,56,6.6,6.68,4.12,6534
24481,1.11,Ideal,D,SI2,61.6,55,6.66,6.62,4.09,5648
24485,1.3,Ideal,G,VS2,62.3,55,7,6.93,4.34,9540
24486,0.32,Ideal,F,VS1,61.9,56,4.4,4.36,2.71,900
24487,1.5,Fair,E,SI1,58.2,66,7.45,7.4,4.32,11128
24488,1.01,Very Good,H,SI1,63.5,62,6.36,6.24,4,4513
24490,0.92,Very Good,F,SI2,60.6,63,6.34,6.25,3.81,3534
24492,0.63,Fair,H,VS1,57.3,62.5,5.65,5.7,3.25,1760
24501,0.43,Premium,I,SI2,59.8,59,4.94,4.9,2.94,726
24502,0.28,Very Good,E,VVS2,63.2,56,4.17,4.21,2.65,669
24504,0.41,Ideal,G,IF,62.1,57,4.77,4.76,2.96,1336
24507,1.2,Ideal,G,SI1,61.8,59,6.77,6.8,4.19,6762
24509,0.74,Ideal,I,VS1,60.8,57,5.86,5.88,3.57,2557
24510,0.31,Very Good,E,SI1,63.1,57,4.35,4.3,2.73,698
24512,0.32,Ideal,E,VVS2,62.3,56,4.37,4.4,2.73,842
24514,1.5,Ideal,G,SI2,61.4,56,7.38,7.34,4.52,8736
24517,0.52,Very Good,E,VS1,58.9,64,5.23,5.3,3.1,2092
24520,0.72,Ideal,I,VS1,61.4,58,5.73,5.76,3.53,2586
24523,0.32,Ideal,F,VVS1,61.5,56,4.41,4.43,2.72,867
24524,0.3,Ideal,J,VVS2,62.1,56,4.31,4.32,2.68,439
24525,0.31,Premium,G,VS2,62.4,59,4.38,4.34,2.72,698
24526,1.52,Very Good,G,VS2,62.4,56,7.26,7.36,4.56,11093
24527,1,Premium,G,VS2,60,59,6.52,6.47,3.9,5967
24530,0.8,Ideal,F,SI2,62,57,5.96,5.98,3.7,2495
24535,1,Very Good,E,VS2,62.1,59,6.34,6.38,3.95,6600
24536,1.06,Ideal,I,VS1,61.8,56,6.5,6.57,4.05,6060
24539,0.71,Very Good,F,SI1,63.3,60,5.61,5.54,3.53,2198
24541,1.13,Ideal,H,VS2,62,57,6.7,6.66,4.14,5885
24545,1.74,Premium,G,VS1,61.7,58,7.78,7.69,4.77,17904
24547,0.57,Very Good,D,VS2,61.4,56,5.34,5.37,3.29,1998
24559,0.32,Very Good,F,VS2,60.8,58,4.41,4.44,2.69,645
24560,2.07,Premium,H,SI1,61.1,58,8.27,8.2,5.03,13844
24561,0.43,Premium,G,IF,61.4,59,4.79,4.85,2.96,1433
24563,0.35,Ideal,D,VS2,61.8,55,4.56,4.53,2.81,1063
24569,0.3,Very Good,I,VS1,63,53,4.26,4.31,2.7,473
24573,2.56,Premium,J,SI1,61.4,58,8.76,8.73,5.37,17186
24582,1.7,Ideal,J,VS2,62.2,56,7.64,7.61,4.74,9276
24586,1.22,Ideal,H,SI2,61.7,56,6.87,6.93,4.26,5502
24588,0.33,Ideal,D,VS2,,55,4.47,4.5,2.73,781
24591,0.91,Very Good,D,SI1,63.5,56,6.13,6.18,3.91,4389
24595,0.7,Good,H,VS2,64.1,58,5.51,5.57,3.55,2137
24597,1.74,Ideal,J,VS1,61.1,56,7.85,7.79,4.78,11194
24599,2,Ideal,I,SI1,61.4,57,8.05,8.11,4.96,16407
24600,0.33,Ideal,D,VS2,60.7,56,4.48,4.5,2.73,803
24601,1.52,Premium,I,SI2,62.2,59,7.36,7.27,4.56,6214
24605,0.61,Ideal,G,VS1,62.1,56,5.42,5.44,3.37,2167
24607,1,Premium,F,VS2,59,59,6.54,6.51,3.85,7072
24609,0.3,Ideal,E,VS2,62,56,4.34,4.3,2.68,844
24611,1.06,Ideal,G,SI2,61,56,6.62,6.56,4.02,3321
24612,0.9,Ideal,E,SI1,61.1,56,6.21,6.23,3.8,4854
24617,1.6,Ideal,J,SI1,62.8,55,7.48,7.42,4.68,8418
24618,1.1,Very Good,F,SI1,60.5,60,6.65,6.67,4.03,5667
24621,1.21,Premium,J,VS2,61.9,58,6.84,6.79,4.22,4968
24622,1.01,Good,D,SI2,63.1,54,6.37,6.43,4.04,4260
24623,1.01,Premium,F,SI1,61.9,56,6.53,6.45,4.02,5599
24624,0.7,Fair,F,SI1,65.9,59,5.53,5.49,3.63,2167
24627,0.5,Ideal,I,SI1,61.5,54,5.13,5.15,3.16,1008
24628,0.7,Very Good,G,VS1,59.3,62,5.74,5.8,3.42,2473
24631,2.03,Ideal,I,SI1,62.9,57,8.06,8.02,5.06,15291
24633,0.34,Premium,G,VS2,61.6,60,4.47,4.49,2.76,596
24638,0.91,Premium,F,SI1,62.6,56,6.18,6.13,3.85,3618
24639,1.01,Good,E,SI2,63.7,58,6.32,6.36,4.04,4666
24648,0.52,Ideal,D,SI1,60.9,57,5.17,5.21,3.16,1600
24652,0.35,Ideal,D,VS1,60.1,57,4.58,4.61,2.76,862
24654,1.52,Ideal,G,SI2,61.3,57,7.39,7.36,4.52,8852
24655,1.01,Good,H,SI1,59.5,62,6.49,6.55,3.88,5197
24656,1.22,Very Good,J,SI1,58.8,61,6.94,7,4.1,4969
24659,0.31,Ideal,G,IF,61,56,4.38,4.41,2.68,891
24665,0.36,Premium,F,SI1,,59,4.62,4.58,2.81,770
24672,1.02,Premium,F,SI2,60.4,60,6.53,6.49,3.93,4238
24674,0.27,Ideal,G,VS2,61.6,54,4.17,4.2,2.58,490
24676,1.19,Ideal,G,SI1,62.3,55,6.76,6.81,4.23,6335
24679,0.43,Very Good,H,SI1,61.5,58,4.8,4.86,2.97,716
24683,0.25,Ideal,D,SI1,61.5,55,4.09,4.14,2.52,452
24684,1.4,Premium,I,VVS2,62,58,7.22,7.16,4.46,8467
24686,1.25,Ideal,G,IF,60.2,54,6.99,7.03,4.22,11511
24687,1.06,Ideal,F,IF,61,57,6.55,6.64,4.02,10995
24690,0.9,Ideal,D,SI1,61.2,55,6.25,6.21,3.81,5226
24691,1.01,Very Good,D,SI2,60.3,57,6.51,6.56,3.94,4588
24695,0.3,Ideal,E,VVS2,61.3,54,4.34,4.37,2.67,837
24698,0.69,Premium,H,SI1,62.8,58,5.65,5.62,3.54,1822
24699,1.2,Very Good,H,SI1,62.3,57,6.78,6.76,4.22,6569
24702,0.38,Premium,H,VS2,61.8,58,4.63,4.66,2.87,700
24703,0.51,Ideal,G,VS2,61.8,55,5.15,5.18,3.19,1557
24707,0.31,Ideal,G,VS1,60.8,57,4.39,4.42,2.68,645
24710,0.3,Very Good,G,IF,61.4,58,4.27,4.33,2.64,774
24714,1.23,Premium,G,SI1,62.5,59,6.84,6.77,4.25,6909
24716,1.4,Premium,G,SI2,,60,7.1,7.16,4.42,7225
24718,0.72,Good,I,SI1,63.6,59,5.61,5.58,3.56,1909
24720,0.35,Fair,G,VS2,65.9,54,5.57,5.53,3.66,1415
24722,0.3,Ideal,F,VS1,61.2,57,4.32,4.34,2.65,621
24723,1.58,Fair,H,SI1,64.7,58,7.28,7.22,4.69,7333
24725,1.51,Very Good,H,SI1,63.3,57,7.23,7.34,4.61,10053
24727,0.91,Fair,D,SI1,65.2,57,6.08,6.04,3.95,3730
24731,1.74,Ideal,G,VS2,62.9,57,7.68,7.64,4.82,16316
24732,0.74,Ideal,E,VS2,61.9,57,5.81,5.78,3.59,2901
24735,1.52,Very Good,I,VS2,63.3,61,7.27,7.23,4.59,8938
24744,0.31,Ideal,E,VS2,61,54,4.37,4.41,2.68,680
24745,1,Fair,D,SI1,67.3,57,6.15,6.04,4.1,5096
24746,0.38,Ideal,F,VS1,62.8,56,4.64,4.59,2.9,998
24747,0.32,Very Good,D,SI1,63.1,57,4.38,4.37,2.76,756
24749,0.3,Ideal,E,VS1,61.7,57,4.31,4.28,2.65,911
24750,0.42,Ideal,F,VS1,60.9,57,4.88,4.84,2.96,1103
24751,0.33,Premium,F,VS2,60.1,58,4.45,4.47,2.68,666
24753,2.42,Premium,J,VS2,61.3,59,8.61,8.58,5.27,17168
24754,0.32,Ideal,E,IF,60.6,60,4.43,4.45,2.69,1004
24755,0.3,Good,I,VVS1,63.8,56,4.23,4.26,2.71,552
24757,0.41,Ideal,D,VS2,61.7,56,4.81,4.78,2.96,1076
24760,0.54,Ideal,F,VS1,61.8,54,5.24,5.27,3.25,1724
24771,0.9,Ideal,F,SI1,62.3,56,6.17,6.13,3.83,4103
24772,0.5,Premium,F,VS2,,58,5.1,5.07,3.14,1654
24773,0.93,Ideal,H,VS1,62.7,54,6.25,6.2,3.9,4265
24775,0.28,Very Good,E,VS1,60.9,59,4.19,4.22,2.56,487
24777,1.26,Very Good,G,VVS1,60.2,59,6.98,7.07,4.23,10922
24786,0.23,Very Good,E,VVS1,61.2,57,3.96,3.98,2.43,478
24793,1.19,Very Good,J,SI1,60,57,6.93,6.89,4.15,5390
24797,1.03,Premium,G,SI1,60.1,60,6.55,6.52,3.93,5581
24799,0.5,Very Good,D,SI2,58.9,60,5.2,5.23,3.07,1123
24801,0.41,Ideal,G,VS2,62.5,56,4.75,4.72,2.96,1061
24802,0.32,Premium,E,VVS2,61.5,58,4.36,4.42,2.7,842
24804,0.31,Ideal,D,VS2,62.1,55,4.32,4.38,2.7,636
24813,1.5,Premium,E,VS1,60.1,60,7.42,7.48,4.48,13513
24817,1.19,Premium,H,VS2,61.1,58,6.83,6.78,4.16,6944
24818,1.04,Ideal,H,SI2,61.1,56,6.6,6.66,4.05,4290
24821,0.51,Good,E,VS2,63.8,57,5.07,5.05,3.23,1662
24822,0.23,Very Good,F,VS2,61,59,3.95,3.99,2.42,402
24824,0.78,Ideal,F,SI2,60.6,55,5.99,6,3.63,2365
24826,0.34,Ideal,D,VVS1,61.7,57,4.52,4.49,2.78,1211
24828,0.3,Good,H,VVS1,63.4,57,4.27,4.31,2.72,684
24829,0.46,Very Good,F,VVS1,62.3,56,4.94,4.98,3.09,1838
24835,0.32,Very Good,G,VS2,60.9,58,4.42,4.45,2.7,564
24836,0.3,Ideal,I,VS1,62.5,54,4.3,4.34,2.7,457
24837,0.42,Ideal,G,VVS1,61.6,55,4.85,4.82,2.98,1235
24838,0.32,Ideal,D,VS2,61.7,55,4.39,4.42,2.72,1066
24848,0.33,Premium,D,SI1,60.1,59,4.49,4.46,2.69,780
24849,1.5,Premium,G,VS2,59.9,58,7.38,7.34,4.41,11189
24851,1.21,Ideal,I,VS1,60.3,60,6.89,6.93,4.17,6279
24854,0.72,Premium,F,SI2,61.7,58,5.73,5.78,3.55,2058
24856,0.3,Very Good,G,SI1,59.5,63,4.29,4.32,2.56,447
24857,0.52,Very Good,F,SI1,60,58,5.21,5.26,3.14,1261
24860,1.53,Ideal,E,SI1,61.2,58,7.39,7.44,4.54,13324
24862,0.72,Ideal,F,SI2,62.1,57,5.72,5.75,3.56,2241
24864,1.01,Ideal,D,SI1,63,56,6.36,6.41,4.02,6579
24865,1.2,Very Good,H,VVS1,63.3,56,6.75,6.7,4.26,6672
24867,0.4,Good,D,SI1,63.5,55,4.67,4.72,2.98,720
24868,0.9,Very Good,D,SI2,58.8,59,6.24,6.28,3.68,3643
24870,1.07,Premium,H,VS2,58.9,58,6.7,6.65,3.93,4830
24871,1.01,Premium,F,VS2,60.8,57,6.52,6.47,3.95,6702
24872,0.31,Ideal,G,VVS1,62.8,57,4.33,4.3,2.71,977
24876,1.5,Very Good,H,SI1,61.4,57,7.27,7.33,4.48,9035
24877,0.4,Very Good,F,VS1,61.5,59,4.71,4.76,2.91,982
24880,1.1,Ideal,F,SI2,60.4,55,6.73,6.77,4.08,4809
24881,0.71,Ideal,D,SI2,61.3,57,5.71,5.78,3.52,2610
24882,0.46,Ideal,H,SI1,61.1,55,4.97,5.01,3.05,1130
24883,0.3,Ideal,G,IF,61.7,53,4.33,4.36,2.68,850
24884,0.37,Very Good,E,VS1,62.8,55,4.61,4.63,2.9,818
24886,0.7,Ideal,F,VS1,,58,5.7,5.73,3.5,3154
24887,1.8,Premium,I,SI2,61.8,59,7.9,7.8,4.85,8457
24889,2.03,Very Good,D,SI2,63.1,59,8.12,7.99,5.08,12765
24890,1.01,Ideal,G,VS2,61,56,6.47,6.51,3.96,6734
24891,0.53,Premium,E,SI1,61.9,56,5.22,5.19,3.22,1607
24892,0.71,Premium,E,SI2,62.2,57,5.74,5.68,3.55,2386
24893,1.36,Very Good,H,VS1,59.9,58,7.16,7.2,4.3,9178
24896,1,Premium,H,VS2,60.4,58,6.51,6.46,3.92,4984
24901,1.1,Ideal,H,VVS2,59.7,58,6.76,6.7,4.01,6616
24909,1.2,Very Good,F,VVS1,59.8,63,6.82,6.8,4.07,11913
24912,1.31,Very Good,G,VVS2,62.2,59,6.91,6.98,4.32,11108
24913,0.39,Premium,F,VVS1,59.7,58,4.75,4.73,2.83,1290
24914,1.01,Very Good,I,SI2,61.5,62,6.37,6.41,3.93,3299
24915,0.31,Ideal,H,IF,61.2,56,4.36,4.4,2.68,789
24916,0.56,Ideal,G,IF,61.8,56,5.28,5.34,3.28,2442
24920,0.81,Very Good,D,SI1,63.1,57,5.91,5.94,3.74,3462
24922,1.01,Premium,J,VS2,61,61,6.28,6.22,3.81,3722
24936,1.09,Ideal,H,SI1,62.4,55,6.68,6.59,4.14,4871
24938,0.9,Very Good,E,VS2,63.8,55,6.11,6.18,3.92,4598
24939,1.04,Very Good,G,SI1,59.2,61,6.63,6.68,3.94,4724
24941,1.74,Premium,H,SI2,59.9,59,7.88,7.8,4.7,10874
24942,0.3,Ideal,F,IF,61.7,56,4.31,4.35,2.67,873
24949,0.4,Premium,F,VVS1,61.1,59,4.78,4.75,2.91,1323
24951,0.4,Ideal,G,SI2,60.6,56,4.82,4.76,2.91,870
24953,0.32,Premium,E,VS2,60.5,55,4.49,4.43,2.7,900
24954,0.32,Ideal,I,VS2,60.3,56,4.45,4.44,2.68,576
24955,0.32,Good,E,VS1,60.3,64,4.42,4.44,2.67,756
24956,0.9,Very Good,H,VS1,61.5,59,6.13,6.19,3.79,4136
24957,1.42,Good,F,VS2,63.7,57,7.08,6.99,4.48,9542
24958,1.22,Premium,G,VS2,61.8,58,6.84,6.91,4.25,8213
24959,0.33,Ideal,E,VS2,62.3,57,4.37,4.43,2.74,723
24962,1.03,Very Good,F,VS1,60.2,55,6.62,6.56,3.97,6733
24964,0.74,Ideal,E,SI2,,59,5.92,5.97,3.52,2501
24966,0.34,Ideal,H,IF,61.9,55,4.5,4.55,2.8,913
24970,0.52,Ideal,H,VS2,62.2,56.4,5.09,5.16,3.19,1391
24978,1.24,Premium,F,SI2,62.8,60,6.84,6.82,4.29,5583
24980,0.72,Premium,G,SI1,61.3,56,5.79,5.76,3.54,2316
24981,0.9,Good,H,SI1,64.4,58,6.04,6.08,3.9,3465
24982,0.31,Ideal,D,SI1,62.3,54,4.33,4.37,2.71,571
24987,1.09,Ideal,G,VS1,60.5,57,6.69,6.73,4.06,7078
24994,0.63,Very Good,G,SI2,63.3,59,5.51,5.31,3.45,1105
24998,0.9,Very Good,G,SI1,63.8,57,6.04,6.13,3.88,3752
24999,0.3,Good,G,VS1,63.1,56,4.24,4.26,2.68,605
25005,1.3,Ideal,D,SI1,61.8,56,6.93,6.96,4.29,9242
25008,1.39,Premium,H,VS2,62.5,59,7.17,7.1,4.46,7006
25010,0.35,Ideal,E,VVS1,62,56,4.58,4.51,2.82,1116
25011,1.2,Ideal,I,I1,61.9,56,6.85,6.82,4.23,3570
25012,0.55,Ideal,E,SI1,62.3,56,5.26,5.23,3.27,1668
25016,0.56,Ideal,G,SI1,62.3,53,5.31,5.28,3.3,1591
25017,0.28,Ideal,F,VVS2,62.5,57,4.18,4.21,2.62,642
25019,0.53,Ideal,D,SI1,62,55,5.22,5.24,3.24,1631
25023,0.55,Very Good,J,VS2,62.9,54,5.23,5.29,3.31,1179
25031,1.18,Ideal,D,I1,61.5,62,6.88,6.73,4.19,3886
25035,0.41,Ideal,E,VS2,61.8,56,4.74,4.78,2.94,935
25037,1.13,Ideal,D,VVS2,60.1,57,6.83,6.78,4.09,12261
25038,0.3,Ideal,G,IF,62.1,55,4.32,4.34,2.69,863
25041,1,Premium,H,SI2,59.6,62,6.52,6.41,3.85,3640
25044,0.71,Ideal,F,SI1,61.3,57,5.72,5.79,3.53,2699
25055,0.51,Good,G,VVS2,,56,5.27,5.35,3.06,1885
25058,2.02,Premium,I,VS2,59.6,60,8.25,8.2,4.9,16861
25067,0.71,Premium,I,VS2,62.8,59,5.67,5.64,3.55,2300
25068,1.25,Ideal,H,SI2,62.8,55,6.87,6.82,4.3,5880
25072,0.51,Ideal,F,VVS2,61.7,56,5.12,5.15,3.17,1998
25074,1.3,Ideal,G,SI2,61.9,57,7.01,6.95,4.32,5169
25075,1.48,Premium,I,SI2,61.3,58,7.39,7.32,4.51,7086
25084,0.74,Ideal,G,VVS1,61.9,54,5.8,5.84,3.6,3402
25085,1.4,Very Good,I,VS1,61.6,59,7.17,7.22,4.43,7584
25087,1,Good,D,SI1,60.5,60,6.37,6.42,3.87,5546
25090,0.35,Ideal,H,VVS1,62.3,55,4.55,4.51,2.82,1024
25091,0.41,Ideal,I,VS2,61.5,55,4.79,4.83,2.96,683
25092,0.43,Ideal,H,VS1,61.2,56,4.87,4.9,2.99,850
25096,1.13,Good,F,SI2,64,58,6.52,6.58,4.19,3952
25100,1.01,Very Good,F,SI1,62.9,57,6.35,6.4,4.01,6075
25101,0.74,Premium,D,VS2,59.3,60,5.89,5.91,3.5,3353
25102,1.12,Ideal,F,VVS2,61.4,57,6.66,6.69,4.1,9461
25103,1,Ideal,E,SI1,61.9,56,6.37,6.45,3.97,5458
25105,0.56,Ideal,F,VS2,60.8,56,5.33,5.3,3.23,1778
25106,1.24,Premium,I,SI2,62.8,58,6.88,6.79,4.28,4375
25107,0.3,Ideal,D,VS2,62.3,54,4.29,4.34,2.69,710
25114,0.71,Very Good,I,VS1,61.1,57,5.75,5.8,3.53,2332
25117,1.55,Ideal,J,SI2,62,56,7.42,7.38,4.59,6805
25119,0.44,Ideal,E,VVS1,61.4,55,4.92,4.95,3.03,1868
25120,0.4,Ideal,G,VVS1,,57,4.75,4.76,2.93,1123
25126,0.32,Good,I,SI1,63.9,55,4.36,4.34,2.78,554
25127,0.4,Very Good,G,VS2,63.5,56,4.7,4.68,2.98,1035
25130,0.3,Fair,G,VVS1,58.6,66,4.36,4.41,2.57,790
25131,0.54,Ideal,G,VVS2,62,56,5.23,5.27,3.25,1920
25134,1.02,Good,D,SI2,63.8,59,6.43,6.33,4.07,3909
25139,0.5,Good,D,SI1,60.5,57,5.1,5.14,3.1,1447
25141,1.01,Fair,I,VS1,64.9,56,6.29,6.2,4.07,3801
25142,1.71,Ideal,H,VS2,62.4,58,7.64,7.68,4.78,13190
25145,1.56,Ideal,F,VS1,61.7,56,7.48,7.46,4.61,17455
25147,0.31,Ideal,D,SI1,62.6,56,4.36,4.33,2.72,732
25151,0.3,Ideal,I,VS2,62.4,55,4.32,4.34,2.7,407
25152,1.02,Very Good,E,SI2,63,57,6.39,6.44,4.04,4398
25154,0.41,Premium,E,VVS1,62.2,58,4.77,4.75,2.96,1431
25156,0.31,Very Good,H,VVS1,63.3,56,4.32,4.3,2.73,907
25157,0.7,Ideal,H,VS2,61.9,56,5.68,5.73,3.53,3656
25158,1.01,Good,D,SI2,57.6,62,6.66,6.56,3.81,4338
25159,0.75,Very Good,F,SI2,59.8,56,5.85,5.92,3.52,2840
25160,0.4,Ideal,F,VS1,61.1,56,4.78,4.75,2.91,1050
25161,0.9,Ideal,E,SI2,61.8,56,6.18,6.22,3.83,4770
25167,0.54,Ideal,E,SI2,60.6,57,5.28,5.25,3.19,1340
25168,1.2,Premium,I,VS1,62.8,56,6.8,6.74,4.25,6021
25173,1.29,Fair,G,I1,66,58,6.82,6.75,4.48,4277
25175,1,Very Good,D,SI2,63.4,58,6.33,6.3,4.01,3304
25178,0.52,Very Good,I,VS1,61.5,56.3,5.16,5.19,3.18,1262
25179,0.93,Very Good,D,SI1,60.8,59,6.24,6.27,3.8,4527
25181,1.39,Good,F,SI2,63.8,55,7.05,7.08,4.51,6969
25186,0.71,Good,G,VS2,63.5,59,5.63,5.67,3.59,2029
25187,0.43,Premium,H,VS2,61.9,55,4.95,4.8,3.02,1016
25189,0.32,Ideal,H,VS2,62.8,55,4.41,4.38,2.76,648
25190,0.29,Ideal,E,IF,61.9,57,4.25,4.29,2.64,815
25193,1.09,Premium,H,SI1,61.6,57,6.63,6.59,4.07,5219
25194,0.54,Very Good,G,VVS1,60.6,55,5.28,5.31,3.21,1983
25198,1.04,Very Good,H,SI1,,63,6.59,6.55,3.87,4484
25200,1.1,Very Good,H,SI1,62.1,58,6.59,6.61,4.1,4276
25201,1.01,Fair,G,SI2,58.7,67,6.52,6.56,3.84,3816
25203,0.7,Premium,E,VS1,58.4,59,5.91,5.83,3.43,2854
25207,0.41,Good,E,VVS1,64.1,55,4.71,4.68,3.01,1298
25208,0.71,Ideal,G,VS1,,56,5.76,5.73,3.53,2756
25212,0.6,Fair,G,SI1,64.5,56,5.27,5.24,3.39,1305
25218,0.39,Good,F,VS2,64.3,55,4.56,4.64,2.96,681
25222,0.71,Ideal,F,VS1,61.8,55,5.71,5.73,3.54,3710
25225,1.2,Good,G,SI2,62.1,60,6.72,6.78,4.19,5310
25229,0.43,Ideal,E,SI1,61.5,56,4.9,4.85,3,1016
25231,0.3,Ideal,I,SI1,62.2,57,4.27,4.25,2.65,506
25233,0.71,Very Good,F,SI2,59.2,60,5.85,5.91,3.48,2134
25236,0.43,Fair,H,SI1,62.7,66,4.78,4.72,2.98,984
25238,0.52,Ideal,I,VVS2,62.2,57,5.18,5.11,3.2,1316
25239,1.5,Very Good,I,VS2,60.8,58,7.36,7.42,4.49,9804
25241,0.34,Premium,H,SI1,62.1,59,4.46,4.5,2.78,477
25243,1.06,Premium,I,SI2,61.5,58,6.59,6.55,4.04,3847
25254,0.72,Ideal,I,VVS2,62.8,57,5.69,5.74,3.59,2594
25255,0.45,Premium,I,VVS1,63,56,4.9,4.88,3.08,1013
25258,0.33,Ideal,E,VVS1,61.6,55,4.44,4.46,2.74,1130
25261,1.17,Fair,I,SI2,59.2,68,6.91,6.84,4.07,3833
25267,0.9,Ideal,E,SI1,62,56,6.18,6.2,3.84,5450
25268,0.91,Very Good,F,VS1,62.4,59,6.15,6.16,3.84,5302
25270,0.91,Good,E,SI2,64.3,57,6,6.04,3.87,3632
25272,1.51,Premium,E,SI1,58.3,59,7.52,7.47,4.37,12644
25275,0.42,Good,F,SI1,63.4,56,4.76,4.8,3.03,722
25276,0.6,Very Good,D,SI1,62.2,58,5.4,5.44,3.37,1750
25277,1.38,Very Good,H,SI2,62.3,60,7.07,7.12,4.42,6369
25281,0.3,Ideal,E,VS2,62,55,4.3,4.25,2.65,844
25284,0.31,Good,G,VS1,63.2,57,4.28,4.33,2.72,625
25285,0.42,Ideal,F,VVS1,61.5,56,4.85,4.87,2.99,1223
25286,0.74,Ideal,H,VVS1,61.1,56,5.84,5.91,3.59,3804
25288,0.33,Ideal,E,SI1,62,54,4.41,4.43,2.74,579
25289,1.01,Good,F,VS2,63.6,59,6.32,6.36,4.03,5988
25291,2.04,Premium,H,SI1,63,58,8.1,8.03,5.08,18115
25292,0.52,Ideal,E,VS2,61.9,56,5.16,5.12,3.18,1815
25293,1.2,Very Good,H,SI1,61.4,63,6.76,6.72,4.14,4603
25296,0.3,Ideal,D,VS1,61.2,59,4.29,4.31,2.63,742
25297,1.01,Ideal,G,VS2,61,56,6.46,6.49,3.95,6855
25298,0.42,Ideal,D,VS2,61.5,55,4.83,4.86,2.98,961
25301,0.33,Ideal,I,IF,61.4,56,4.45,4.41,2.72,891
25302,0.51,Very Good,F,VVS2,60.3,55,5.22,5.26,3.16,2633
25307,1.01,Ideal,E,VVS2,61.4,56,6.49,6.45,3.97,10283
25309,0.41,Ideal,J,VVS1,61.2,57,4.82,4.79,2.94,994
25311,0.5,Premium,E,VS2,60.5,60,5.13,5.09,3.09,1699
25314,0.91,Fair,D,VS2,65.7,56,6.1,6.05,3.99,4107
25316,0.78,Ideal,F,SI1,61,55,6,5.96,3.65,3036
25317,0.55,Ideal,F,SI2,61.2,56,5.23,5.29,3.22,1175
25322,0.31,Ideal,D,VVS2,62,56,4.35,4.37,2.7,1034
25324,2.09,Premium,H,SI2,60.6,59,8.27,8.22,5,17805
25325,1.01,Premium,H,VS2,61.3,59,6.44,6.48,3.96,4959
25330,1.12,Ideal,G,VS1,61.1,56,6.7,6.73,4.1,8080
25331,1.01,Good,E,I1,61.5,65,6.28,6.21,3.84,3484
25332,0.31,Premium,I,VS1,62.3,59,4.29,4.35,2.69,489
25338,0.53,Ideal,H,VVS1,61.3,56,5.21,5.23,3.2,1781
25339,0.71,Ideal,G,VVS2,61.5,57,5.74,5.78,3.54,3909
25341,0.75,Good,E,SI2,62.3,58,5.78,5.81,3.61,2702
25342,0.91,Fair,E,VVS2,,55,6.13,6,3.83,5430
25346,1.18,Premium,I,SI2,60.8,58,6.84,6.78,4.14,4579
25351,0.74,Good,D,VVS1,59.2,62.6,5.85,5.87,3.47,4274
25353,0.7,Premium,E,SI2,62,60,5.72,5.67,3.53,2376
25354,1.2,Premium,G,VS1,63,61,6.62,6.59,4.16,8938
25357,0.91,Premium,D,SI2,61.2,58,6.25,6.21,3.81,3889
25358,1.67,Ideal,I,VS1,61.6,59,7.64,7.61,4.7,11975
25360,0.51,Premium,G,VS1,62.1,60,5.11,5.1,3.17,1781
25361,0.71,Ideal,H,SI1,61.1,57,5.71,5.75,3.5,2313
25365,1,Premium,E,SI2,60.5,61,6.38,6.31,3.84,4077
25366,0.52,Ideal,E,SI1,61.1,57,5.2,5.17,3.16,1656
25367,1.33,Fair,F,I1,62,56,7.05,7.01,4.36,4698
25370,0.32,Ideal,E,VS1,61.9,56,4.41,4.38,2.72,972
25371,0.71,Premium,E,SI2,61.4,59,5.74,5.7,3.51,2306
25372,0.74,Ideal,I,VVS1,62.3,55,5.77,5.82,3.61,2715
25378,1.01,Premium,G,VVS2,63,59,6.38,6.25,3.98,7366
25380,0.5,Very Good,D,VS1,62.3,57,5.04,5.07,3.15,1847
25382,1.21,Ideal,H,VS2,62.9,55,6.77,6.8,4.27,7513
25383,0.93,Very Good,H,VS2,62.8,59,6.13,6.16,3.86,4351
25384,0.41,Ideal,F,IF,62.2,54,4.76,4.79,2.97,1151
25385,1.05,Premium,E,SI2,60.9,61,6.61,6.55,4.01,3951
25393,1.53,Premium,F,SI1,62,56,7.47,7.39,4.61,11370
25396,0.37,Ideal,E,SI1,61.9,56,4.57,4.6,2.84,649
25397,1.22,Premium,I,VS2,60.3,59,6.93,6.87,4.16,6217
25402,0.73,Ideal,H,IF,62.2,54,5.76,5.82,3.6,3301
25404,0.57,Good,E,SI2,58.5,61,5.4,5.43,3.17,1214
25405,0.3,Ideal,H,VVS1,62.3,57,4.25,4.28,2.65,650
25409,0.9,Very Good,H,SI2,61.7,60,6.17,6.24,3.83,3301
25410,0.36,Premium,E,VS1,60.4,58,4.67,4.64,2.81,1094
25411,0.46,Ideal,J,IF,61.8,56,4.98,4.95,3.07,1221
25413,0.3,Very Good,E,VVS2,61.9,59,4.27,4.32,2.66,789
25414,0.7,Ideal,F,VVS2,62,57,5.68,5.74,3.54,3160
25415,1.01,Very Good,J,VS2,60.6,59,6.42,6.45,3.9,4337
25419,0.75,Ideal,G,VVS2,61.3,55,5.85,5.89,3.59,3525
25420,1.05,Very Good,I,SI1,62.6,56,6.49,6.45,4.05,4688
25423,0.71,Very Good,F,SI1,64,58,5.59,5.66,3.6,2345
25427,1.5,Premium,G,SI1,62.3,58,7.33,7.27,4.55,10618
25428,1.72,Premium,F,SI1,62,58,7.68,7.65,4.75,14892
25430,1.03,Very Good,G,SI2,62.2,56,6.46,6.49,4.03,4374
25432,2.01,Premium,F,SI2,62.4,58,8.08,8.05,5.03,14279
25437,0.7,Premium,F,SI1,62.9,59,5.67,5.62,3.55,2423
25439,0.4,Very Good,D,VS2,60.8,59,4.71,4.77,2.88,868
25440,0.42,Ideal,J,VS1,61.4,55,4.83,4.85,2.97,664
25441,0.53,Premium,F,VS2,61.4,60,5.21,5.18,3.19,1753
25444,2.32,Premium,J,VS2,62.4,57,8.48,8.4,5.27,17053
25446,0.44,Ideal,E,VVS2,60.9,57,4.9,4.95,3,1274
25449,2.28,Premium,I,SI1,61.6,58,8.43,8.46,5.2,17673
25454,0.31,Ideal,F,IF,61.4,56,4.38,4.41,2.7,1061
25455,0.3,Premium,G,VS1,62.4,58,4.24,4.22,2.64,776
25456,1.68,Ideal,E,SI2,60.4,55,7.79,7.7,4.68,11888
25460,0.56,Very Good,F,SI1,62.9,56,5.25,5.27,3.31,1436
25461,0.7,Premium,F,SI1,59.4,60,5.77,5.74,3.42,2239
25464,0.36,Ideal,E,VS2,61.7,55,4.57,4.63,2.84,789
25465,1.04,Premium,G,SI2,62.9,58,6.47,6.43,4.06,4277
25466,2,Good,G,VS2,64.1,55,7.94,7.88,5.07,17898
25469,1.26,Ideal,I,SI2,59.6,57,7.04,7.01,4.19,4704
25471,1,Ideal,F,SI1,62.4,55,6.45,6.37,4,4939
25473,0.54,Ideal,H,VVS1,60.3,56,5.33,5.28,3.2,1944
25474,1.02,Very Good,G,VS2,60.5,54,6.48,6.57,3.95,6058
25479,0.48,Premium,H,VS1,60.7,61,5.04,5.01,3.05,1270
25482,1.5,Very Good,D,VS2,63.6,55,7.17,7.24,4.58,14368
25483,0.5,Premium,E,VS2,61.4,58,5.12,5.07,3.13,1746
25487,0.5,Very Good,E,SI1,,56,5.06,5.07,3.17,1222
25489,1.25,Very Good,G,VS2,63.5,60,6.74,6.64,4.25,8575
25490,1.05,Premium,E,SI2,61.5,59,6.52,6.58,4.03,4139
25491,1.37,Ideal,J,VS2,63,57,7.11,7.05,4.46,5831
25495,0.38,Ideal,G,SI1,61.3,56,4.63,4.67,2.85,666
25500,1.12,Premium,I,VS2,62.4,58,6.63,6.59,4.13,4321
25505,0.32,Ideal,D,VVS1,61.9,56,4.39,4.36,2.71,1140
25507,0.41,Very Good,H,VVS1,62,56,4.77,4.81,2.97,1166
25508,2.2,Ideal,I,SI1,61.7,55,8.41,8.37,5.18,18059
25509,0.4,Very Good,E,VS1,60.1,58,4.72,4.76,2.85,1053
25511,1.01,Good,G,VS2,60.2,65,6.55,6.48,3.92,5050
25515,0.31,Ideal,G,VVS2,62,56,4.33,4.35,2.69,726
25518,0.43,Good,J,SI2,63.7,57,4.79,4.76,3.04,629
25521,0.3,Very Good,G,VS2,59.3,59,4.38,4.42,2.61,491
25522,0.55,Ideal,F,VS1,61.4,55,5.28,5.24,3.23,1901
25524,1.37,Very Good,I,SI2,63,57,6.98,7.05,4.42,5584
25532,0.92,Very Good,D,SI2,63.7,57,6.12,6.21,3.93,3707
25533,0.34,Ideal,H,SI1,62.6,56,4.46,4.48,2.8,490
25535,1.02,Premium,H,SI2,59.2,59,6.57,6.54,3.88,3769
25539,0.38,Premium,F,VVS1,61.6,58,4.66,4.63,2.86,1257
25546,0.24,Very Good,F,VS1,62.5,58,3.95,3.96,2.47,419
25548,0.69,Ideal,G,SI1,62.4,56,5.66,5.69,3.55,2297
25554,0.7,Good,J,VS2,63.2,61,5.59,5.62,3.54,1843
25556,1.36,Premium,I,SI2,62.7,58,7.08,7.01,4.42,5963
25559,1.21,Premium,F,SI1,61.1,61,6.78,6.74,4.13,5720
25567,0.76,Very Good,E,IF,61.9,56,5.83,5.85,3.62,4798
25571,0.51,Very Good,G,VS1,62.9,58,5.05,5.1,3.19,1656
25573,0.92,Good,E,SI1,63.3,57,6.17,6.22,3.92,3649
25574,0.31,Premium,E,SI1,58.3,60,4.51,4.48,2.62,698
25576,0.7,Very Good,F,VVS2,58.5,60,5.82,5.94,3.44,3028
25583,0.32,Ideal,H,SI2,60.9,56,4.41,4.45,2.7,434
25584,2.01,Premium,F,SI2,61.3,58,8.14,8.07,4.97,14067
25585,1.03,Premium,G,VS2,62.3,59,6.38,6.42,3.99,6214
25589,0.71,Premium,D,SI2,61.7,59,5.71,5.67,3.51,2768
25592,0.32,Ideal,E,VS2,62.6,53,4.37,4.38,2.74,702
25593,1.62,Ideal,I,VS2,62.4,57,7.45,7.51,4.67,9604
25594,0.3,Very Good,I,VS1,61.8,63,4.26,4.29,2.64,442
25603,0.53,Very Good,F,VS2,62.7,57,5.1,5.14,3.21,1592
25608,1.6,Ideal,H,SI2,62.1,56,7.43,7.51,4.64,9275
25610,0.7,Ideal,H,VS2,61.5,56,5.71,5.73,3.52,3038
25611,1.01,Ideal,E,SI1,62.1,54,6.5,6.41,4.01,5599
25616,1.34,Very Good,H,SI2,61.1,63,7.08,7.01,4.3,4352
25617,1.24,Premium,D,SI2,61.4,59,6.87,6.91,4.23,6840
25619,1.01,Premium,F,VVS2,59.9,58,6.54,6.49,3.9,8905
25622,1,Premium,E,VS1,58.7,62,6.6,6.55,3.86,7392
25623,0.43,Ideal,H,VVS2,62.3,55,4.82,4.85,3.01,943
25628,1.06,Ideal,D,SI1,62.7,54,6.55,6.52,4.1,6055
25636,1.06,Ideal,I,VS2,61.6,57,6.53,6.58,4.04,5748
25637,0.36,Ideal,I,VS2,61.8,55,4.58,4.61,2.84,505
25638,0.6,Ideal,D,VS2,62,55,5.39,5.42,3.35,2444
25642,1.09,Very Good,I,SI1,61.4,58,6.61,6.69,4.08,4640
25643,0.31,Ideal,G,IF,61.9,55,4.35,4.38,2.7,891
25645,0.33,Premium,E,VS1,61.5,59,4.42,4.46,2.73,781
25646,0.31,Ideal,E,VS1,61.6,56,4.35,4.38,2.69,734
25653,0.36,Premium,I,VS2,,58,4.57,4.52,2.8,648
25654,1,Fair,J,SI2,56.3,64,6.58,6.54,3.69,3199
25656,0.85,Ideal,H,SI1,,57,6.13,6.18,3.74,3183
25659,0.7,Premium,E,VVS2,60.6,60,5.74,5.72,3.47,3377
25662,0.53,Ideal,G,VS2,61,55,5.23,5.24,3.2,1625
25665,0.3,Ideal,H,VVS1,62.3,57,4.27,4.3,2.67,665
25668,1.17,Premium,F,SI2,59.6,60,6.88,6.85,4.09,4324
25674,0.37,Ideal,E,VVS1,61.5,56,4.64,4.59,2.84,1179
25680,1.01,Premium,G,VS2,62.4,59,6.45,6.41,4.01,5787
25683,0.23,Very Good,E,VVS2,63,58,3.95,3.99,2.5,505
25684,0.31,Premium,I,SI1,61.3,58,4.34,4.37,2.67,408
25686,1.75,Very Good,I,SI1,62.8,59,7.62,7.66,4.8,10635
25689,0.7,Very Good,H,SI2,63.4,55,5.59,5.64,3.56,2094
25690,1.01,Ideal,D,SI2,62.5,57,6.39,6.35,3.98,5206
25691,0.31,Ideal,D,VVS2,62.2,54,4.34,4.38,2.71,840
25699,0.3,Ideal,G,SI1,62,55,4.28,4.3,2.66,545
25700,2.1,Very Good,J,SI2,59.1,58,8.4,8.46,4.98,12381
25705,0.3,Premium,E,VS2,62.1,58,4.31,4.29,2.67,844
25707,1,Premium,E,SI2,58.5,61,6.52,6.48,3.8,4202
25717,0.41,Good,E,VS2,63.1,64,4.63,4.66,2.93,910
25718,0.31,Good,E,VS2,63.4,55,4.32,4.35,2.75,544
25725,0.32,Ideal,F,VVS2,62,55,4.41,4.39,2.73,1008
25726,0.3,Very Good,G,VVS2,63.2,57,4.28,4.23,2.69,878
25727,0.41,Ideal,D,VVS1,61.7,55,4.77,4.8,2.95,1376
25729,0.91,Very Good,E,SI2,63.8,60,6.05,6.09,3.87,3751
25736,1,Premium,F,SI1,61.2,58,6.4,6.44,3.93,5197
25738,0.36,Good,F,VS1,63.9,54,4.52,4.5,2.88,905
25739,1,Very Good,I,VS2,64,54,6.28,6.34,4.04,4739
25742,0.32,Premium,E,VS2,61.3,59,4.39,4.35,2.68,900
25745,0.3,Premium,G,VVS1,62.4,59,4.31,4.25,2.67,905
25748,0.34,Ideal,F,SI1,62.8,56,4.46,4.42,2.79,727
25752,1.22,Ideal,F,VS1,61.5,56,6.84,6.89,4.22,9581
25753,1.2,Premium,H,SI1,,60,6.9,6.85,4.18,6282
25755,0.3,Premium,G,VVS1,61.7,58,4.3,4.26,2.64,1013
25756,0.52,Ideal,D,SI1,61.5,55,5.19,5.22,3.2,1600
25760,1.44,Premium,I,I1,62.7,55,7.21,7.18,4.51,4387
25762,0.51,Good,H,VS2,61.8,65,5.07,5.02,3.12,1128
25766,0.4,Good,E,SI1,63.6,57,4.65,4.69,2.97,687
25772,0.46,Fair,D,VS1,67.3,61,4.81,4.71,3.21,1166
25775,1.01,Very Good,G,VS2,62.5,60,6.31,6.37,3.96,5519
25780,2,Premium,H,SI2,58.9,57,8.09,58.9,8.06,12210
25783,0.4,Premium,G,SI1,61.4,60,4.67,4.71,2.88,702
25784,0.7,Good,H,VS2,63.8,60,5.59,5.51,3.54,2083
25786,0.9,Very Good,H,VS1,62.7,56,6.15,6.2,3.87,3964
25787,1.12,Premium,G,IF,60.9,57,6.79,6.68,4.1,9126
25790,0.78,Premium,F,SI2,60.6,57,5.98,5.94,3.61,2340
25791,1.53,Premium,G,SI1,58.4,59,7.62,7.55,4.43,9476
25792,0.35,Ideal,E,VVS1,61.8,56,4.53,4.5,2.79,967
25793,0.56,Ideal,G,VS2,62.1,56,5.29,5.31,3.29,1580
25794,0.59,Very Good,F,VS2,60.1,57,5.44,5.48,3.28,1813
25795,1.03,Ideal,G,SI2,61.8,55,6.46,6.51,4.01,4582
25796,1.54,Premium,E,SI1,62.7,58,7.37,7.3,4.6,10314
25798,0.43,Ideal,E,VS2,62,57,4.85,4.82,3,1048
25801,0.39,Very Good,E,VS1,60,59,4.76,4.8,2.87,900
25807,0.35,Ideal,F,VS2,61.5,57,4.52,4.56,2.79,706
25811,1.02,Premium,G,SI2,61.7,58,6.46,6.41,3.97,3027
25813,2.03,Ideal,I,VS2,59.9,60,8.17,8.27,4.92,15826
25818,1.5,Fair,E,SI2,59.9,68,7.39,7.3,4.4,8190
25819,0.9,Very Good,I,IF,62.6,59,6.12,6.15,3.84,4596
25820,0.34,Ideal,G,VS2,61,55,4.56,4.58,2.79,628
25828,0.72,Ideal,F,SI2,62,55,5.76,5.79,3.58,2422
25831,1,Premium,G,SI2,62.2,59,6.39,6.35,3.96,4480
25832,0.28,Ideal,D,VVS1,61.7,57,4.2,4.23,2.6,608
25833,0.73,Premium,D,VS1,60,58,5.86,5.9,3.53,3620
25838,1.05,Good,H,IF,64.3,58,6.5,6.35,4.13,6703
25839,0.54,Ideal,F,VS1,61.1,55,5.26,5.32,3.23,2083
25840,0.31,Ideal,G,VVS2,61.7,57,4.36,4.39,2.7,671
25843,0.61,Premium,F,VVS1,61.8,59,5.48,5.4,3.36,2753
25844,0.56,Ideal,F,VVS2,61.9,56,5.28,5.32,3.28,2298
25845,0.81,Premium,F,SI1,61.3,60,6,5.94,3.66,2926
25847,0.97,Good,J,VS2,60,56,6.4,6.46,3.86,3717
25851,1.34,Premium,D,SI2,60.3,59,7.16,7.11,4.3,5756
25856,0.32,Premium,E,VVS1,60.5,58,4.47,4.42,2.69,1020
25857,0.39,Good,F,VVS2,57.7,61,4.91,4.8,2.8,1058
25859,2.03,Ideal,G,SI2,61.5,57,8.15,8.07,4.99,12154
25860,0.42,Very Good,E,SI1,63.4,56,4.82,4.74,3.03,992
25861,0.3,Very Good,F,VS1,59.8,59,4.3,4.43,2.61,704
25862,1.27,Ideal,E,SI2,60.8,57,7,7.02,4.26,7023
25866,0.73,Ideal,H,SI1,61.5,55,5.79,5.84,3.57,2605
25870,1.56,Premium,D,SI2,61.1,56,7.54,7.45,4.58,8858
25871,0.48,Ideal,F,IF,62,54,5,5.05,3.11,2059
25874,1.01,Fair,G,VS2,65.7,54,6.32,6.28,4.14,4072
25877,2.3,Ideal,J,SI1,62.3,57,8.41,8.34,5.22,12316
25879,1.23,Ideal,H,IF,61.3,57,6.87,6.92,4.23,8431
25880,1.07,Good,J,VS2,61.7,57.7,6.55,6.58,4.05,4602
25881,0.71,Ideal,G,VS2,60.6,56,5.76,5.8,3.5,2911
25885,0.72,Fair,G,VS1,66.4,57,5.6,5.51,3.69,2396
25886,0.53,Premium,G,VVS2,60.8,58,5.25,5.18,3.17,1914
25889,1.54,Fair,I,SI2,65,56,7.22,7.14,4.67,6375
25890,0.32,Ideal,G,IF,61.8,55,4.41,4.43,2.73,954
25892,1.2,Ideal,E,VVS2,61.5,57,6.79,6.89,4.21,11883
25893,1.32,Ideal,G,VS2,62.4,57,7.05,6.98,4.38,8728
25900,1.27,Ideal,G,VS2,62,58,6.89,6.95,4.29,8915
25901,0.42,Premium,F,VS1,61.9,55,4.82,4.78,2.97,1103
25902,0.55,Ideal,D,VS2,62.8,57,5.27,5.24,3.3,1894
25905,1.52,Premium,H,VS2,59.4,59,7.45,7.49,4.44,11105
25906,0.52,Ideal,E,VS2,61.2,56,5.2,5.16,3.17,1947
25907,2.01,Very Good,G,SI1,63.5,60,7.98,7.89,5.04,15038
25908,1.07,Ideal,G,VS1,62,56,6.58,6.52,4.06,7198
25913,1.21,Premium,G,SI2,62.7,59,6.74,6.66,4.2,5405
25916,0.56,Ideal,G,VS2,61.2,56,5.33,5.29,3.25,1698
25917,0.31,Ideal,E,VVS2,61.6,55,4.38,4.35,2.69,1046
25919,0.31,Premium,F,VS2,62.9,58,4.31,4.27,2.7,802
25920,1.01,Premium,E,SI1,62.4,58,6.42,6.37,3.99,4480
25925,0.46,Ideal,E,SI1,62,54,4.97,4.99,3.09,905
25926,0.3,Very Good,H,SI1,63.4,58,4.24,4.21,2.68,540
25927,1.02,Ideal,F,IF,62,58,6.44,6.49,4.01,11116
25928,0.9,Ideal,G,SI1,62.5,55,6.17,6.21,3.87,4260
25929,0.53,Ideal,I,VS2,62.1,54,5.2,5.24,3.24,1046
25933,0.42,Premium,F,VS1,61.8,59,4.83,4.81,2.98,1103
25939,0.92,Ideal,G,SI2,61.9,57,6.23,6.25,3.86,4406
25949,1.02,Premium,F,SI2,60.3,59,6.53,6.5,3.93,4318
25951,1.53,Premium,F,SI2,60.9,60,7.5,7.37,4.53,7685
25952,1.17,Ideal,H,SI1,61.1,57,6.77,6.83,4.16,6368
25957,0.34,Ideal,G,VVS1,60.5,55,4.53,4.56,2.75,844
25959,0.57,Ideal,I,VS2,61.5,56,5.32,5.35,3.28,1326
25963,0.41,Very Good,E,SI1,62.4,55,4.74,4.78,2.97,755
25964,1.22,Ideal,I,VS2,62.5,57,6.83,6.9,4.29,5960
25965,0.62,Ideal,F,SI2,62,58,5.44,5.49,3.39,1446
25966,0.76,Premium,J,VS1,61.1,58,5.85,5.91,3.59,2148
25968,1.06,Ideal,H,SI2,60.6,59,6.63,6.6,4.01,4267
25970,0.9,Very Good,H,VS1,62.1,57,6.17,6.23,3.85,4455
25971,1.01,Ideal,F,VVS2,61,57,6.52,6.46,3.96,8688
25976,0.71,Premium,F,VS1,61.8,59,5.73,5.69,3.53,2790
25980,0.47,Good,F,VS1,59,60.2,5.04,5.09,2.99,1243
25981,0.9,Good,G,SI1,63.9,60,6.1,6.07,3.89,3512
25982,0.4,Ideal,F,SI2,61,56,4.76,4.81,2.92,731
25983,0.37,Good,H,SI1,64,55,4.53,4.57,2.91,528
25987,1.09,Ideal,H,VS2,61.4,57,6.61,6.65,4.07,6419
25988,0.23,Very Good,E,VVS2,61.2,58,3.93,3.98,2.42,530
25990,0.9,Very Good,H,VS2,63.1,60,6.12,6.08,3.85,3919
25992,0.41,Very Good,G,SI1,63.4,57,4.73,4.7,2.99,861
25993,2.02,Very Good,J,SI2,63.5,57,7.94,8.02,5.07,11475
25998,0.3,Ideal,F,VVS1,62.4,56,4.28,4.31,2.68,868
25999,1.04,Ideal,H,SI2,60.5,57,6.55,6.51,3.95,3786
26001,0.3,Ideal,E,VS2,62.4,57,4.29,4.24,2.66,844
26004,0.73,Ideal,H,IF,61.6,55,5.8,5.82,3.58,3378
26006,0.72,Ideal,F,VS1,61.1,56,5.79,5.76,3.53,3294
26007,0.43,Premium,E,VS1,,58,4.82,4.78,2.99,1209
26008,1.01,Premium,D,SI1,,59,6.4,6.43,3.96,5210
26009,1.02,Ideal,G,VVS2,62.1,54,6.54,6.51,4.05,8847
26010,0.33,Ideal,I,SI1,61,57,4.45,4.47,2.72,463
26014,0.4,Very Good,F,VS1,61.2,58,4.74,4.86,2.94,847
26016,0.26,Ideal,H,VVS1,61.2,56,4.11,4.16,2.53,468
26017,0.52,Ideal,D,VS2,62.1,57,5.13,5.17,3.2,1774
26020,0.73,Very Good,E,SI2,63.3,57,5.72,5.69,3.61,2409
26022,1.76,Ideal,I,VVS2,60.2,58,7.84,7.87,4.73,14065
26030,0.9,Very Good,D,SI1,62.5,63,6.14,6.11,3.83,3997
26031,0.41,Very Good,D,VS1,62.9,57,4.73,4.75,2.98,1151
26032,0.7,Very Good,I,VS1,61.4,57,5.71,5.74,3.52,2405
26034,1.29,Premium,J,VS2,60.5,58,7.07,6.99,4.25,5815
26035,0.61,Premium,E,SI1,60.1,59,5.51,5.48,3.3,1812
26038,0.53,Very Good,G,SI1,63.4,54,5.09,5.13,3.24,1161
26039,1.11,Ideal,J,SI1,62.4,57,6.57,6.6,4.11,4497
26040,0.31,Premium,E,VVS2,61.4,58,4.33,4.36,2.67,816
26045,0.3,Ideal,G,VVS1,61.7,55,4.31,4.35,2.67,747
26046,0.31,Premium,H,VVS1,60.6,59,4.36,4.38,2.65,707
26048,0.34,Ideal,H,VS2,61.2,55,4.49,4.53,2.76,517
26051,1.02,Ideal,G,VS1,62.2,56,6.46,6.4,4,6683
26053,0.4,Ideal,E,VS1,61.7,55,4.76,4.73,2.93,1125
26055,1.01,Premium,F,VS2,62.5,58,6.43,6.4,4.01,6271
26056,0.3,Ideal,F,VS2,62,54,4.31,4.34,2.68,605
26058,0.7,Fair,I,SI1,65,56,5.6,5.5,3.61,1720
26059,0.23,Very Good,E,VVS1,61.8,59,3.89,3.91,2.41,472
26060,0.5,Very Good,F,SI1,61.4,57,5.08,5.12,3.13,1295
26062,0.3,Ideal,F,IF,62.2,57,4.3,4.32,2.68,886
26065,0.55,Ideal,F,SI2,62.3,57,5.22,5.27,3.27,1175
26067,0.34,Ideal,E,VS1,60.8,57,4.49,4.53,2.74,805
26068,1.23,Premium,D,VS2,59.3,59,7.03,6.96,4.15,9836
26071,1.19,Very Good,I,VS1,59.9,61,6.85,6.91,4.12,5644
26072,0.33,Ideal,H,VS1,61.9,56,4.48,4.44,2.76,743
26076,0.5,Ideal,E,SI2,60.7,56,5.16,5.19,3.14,1359
26078,1.7,Good,G,VS1,63.5,56,7.53,7.64,4.82,14445
26079,1.07,Premium,D,VS1,62,60,6.55,6.49,4.04,8359
26081,1.19,Premium,I,SI2,62.6,58,6.75,6.7,4.21,4745
26083,0.37,Premium,D,VVS2,60.7,59,4.63,4.66,2.82,971
26086,0.3,Premium,G,VVS2,60.8,58,4.34,4.38,2.65,684
26088,1.1,Premium,H,SI1,60.4,60,6.72,6.68,4.05,5056
26090,1.2,Ideal,E,SI2,61.3,56,6.8,6.71,4.14,5268
26091,1.21,Good,E,VS1,61.7,58,6.73,6.78,4.17,8902
26097,0.9,Good,F,SI2,64.3,57,6.06,6.16,3.93,3267
26099,0.52,Ideal,F,SI2,60.9,57,5.22,5.2,3.17,1226
26102,1,Premium,F,VVS1,62.6,58,6.45,6.33,4,8736
26104,1,Very Good,G,VS2,63.1,61,6.38,6.33,4.01,5806
26105,0.56,Ideal,G,VS2,61.9,55,5.32,5.28,3.28,1698
26106,0.32,Premium,G,VS2,61.5,58,4.4,4.35,2.69,720
26108,0.32,Ideal,D,VVS1,62.1,54,4.43,4.4,2.74,988
26110,0.4,Ideal,E,VVS1,61.5,56,4.75,4.78,2.93,1333
26114,1.02,Good,F,SI1,63.7,61,6.27,6.23,3.98,4678
26115,1.53,Premium,H,VS2,60.1,58,7.6,7.57,4.71,11087
26119,0.43,Very Good,G,SI1,58.9,60,4.94,4.97,2.92,774
26124,1,Very Good,E,SI1,63.5,61,6.33,6.24,3.99,5174
26135,0.3,Very Good,E,VS2,62.4,56,4.26,4.33,2.68,658
26137,0.41,Very Good,D,VS2,62.3,58,4.75,4.76,2.96,932
26138,0.72,Very Good,I,VS2,63.3,55,5.7,5.74,3.62,2337
26139,0.44,Ideal,H,SI1,61.9,56,4.91,4.87,3.03,1069
26141,2.05,Ideal,H,SI1,62.4,57,8.14,8.08,5.06,17294
26142,0.7,Ideal,I,VS2,62.2,55,5.69,5.73,3.55,2154
26143,1.51,Good,I,SI1,63.9,59,7.18,7.26,4.61,9069
26144,0.71,Premium,F,SI2,60.2,60,5.8,5.77,3.48,2331
26147,0.3,Very Good,H,VVS1,63.4,55,4.3,4.28,2.72,878
26148,0.9,Fair,F,SI2,69,59,5.89,5.82,4.04,2536
26149,0.76,Ideal,H,VS2,61.9,55,5.85,5.88,3.64,3016
26151,0.73,Ideal,D,VVS2,61.3,56,5.79,5.82,3.56,4372
26154,0.3,Ideal,G,SI1,62,58,4.27,4.29,2.65,477
26155,0.35,Ideal,F,SI1,62.2,56,4.52,4.48,2.8,748
26158,0.3,Premium,H,VS2,61.1,61,4.32,4.29,2.63,608
26159,1.02,Good,D,SI1,61,63,6.48,6.54,3.97,5219
26160,0.7,Ideal,F,VS1,61.6,55,5.75,5.71,3.53,2874
26168,0.78,Ideal,J,VS2,62.3,55,5.88,5.91,3.67,2456
26172,0.42,Premium,D,SI1,59.8,59,4.86,4.91,2.92,810
26176,2.01,Premium,I,SI2,58.2,61,8.24,8.2,4.78,13052
26177,0.72,Ideal,I,VVS1,61.3,57,5.75,5.77,3.53,2654
26180,0.31,Ideal,D,VS2,62.1,55,4.35,4.32,2.69,942
26181,1.14,Premium,E,VVS2,59.7,58,6.91,6.83,4.1,10446
26188,0.53,Good,E,SI2,63,60,5.11,5.14,3.23,1127
26189,1.23,Good,I,SI1,60.7,61,6.91,6.93,4.2,6165
26193,0.54,Ideal,E,SI2,62.7,57,5.2,5.23,3.27,1111
26194,1.25,Ideal,H,SI2,61.6,54,6.94,6.88,4.25,4900
26209,1.59,Very Good,I,SI1,62.4,56,7.46,7.48,4.66,9925
26211,1,Premium,D,SI1,60.3,60,6.31,6.26,3.79,5645
26214,0.31,Ideal,G,VVS1,62,56,4.38,4.4,2.72,789
26215,0.31,Ideal,G,VVS1,61.7,54,4.36,4.39,2.7,789
26217,1.02,Ideal,H,VS2,61.8,55,6.48,6.51,4.01,6065
26219,0.41,Ideal,D,SI1,62.7,56,4.78,4.73,2.98,1015
26224,0.52,Ideal,H,VVS1,62.4,55,5.11,5.15,3.2,1695
26227,1.02,Very Good,F,SI2,59.6,59,6.51,6.54,3.89,3974
26228,0.74,Very Good,F,SI2,63.1,55,5.77,5.74,3.63,2261
26234,0.32,Ideal,E,IF,61.1,58,4.42,4.45,2.71,1018
26235,0.41,Ideal,E,VVS2,61.4,53.9,4.79,4.81,2.95,1186
26237,0.42,Ideal,G,IF,62.4,57,4.79,4.82,3,1394
26238,0.41,Ideal,H,SI1,62.6,55,4.79,4.77,2.99,876
26240,0.71,Premium,E,VS2,59.6,60,5.85,5.8,3.47,2902
26244,1,Premium,G,I1,59,60,6.49,6.43,3.82,2264
26246,1.61,Ideal,J,VS2,61.6,56,7.52,7.54,4.64,9141
26247,0.54,Premium,D,SI1,62.1,56,5.25,5.22,3.25,1786
26249,0.5,Very Good,E,VVS2,59.1,61,5.19,5.23,3.08,2106
26252,1.02,Very Good,F,SI1,62.5,57,6.35,6.41,3.99,4948
26255,0.78,Very Good,G,SI2,63.8,56,5.81,5.85,3.72,2759
26258,1.05,Very Good,E,VS1,61.6,58,6.53,6.56,4.03,7521
26259,1,Good,D,VS1,64,58,6.27,6.21,3.99,6250
26263,0.98,Ideal,G,SI1,62.3,56,6.37,6.34,3.96,4665
26264,1.19,Premium,G,VS2,58.9,61,6.88,6.81,4.03,7397
26266,0.8,Fair,E,I1,65.5,54,5.84,5.68,3.78,1232
26268,1.18,Ideal,E,SI2,60.8,57,6.89,6.83,4.17,4885
26269,1.01,Very Good,E,SI1,62.8,57,6.37,6.41,4.01,5499
26270,0.64,Ideal,H,SI1,61.8,55,5.56,5.57,3.44,1880
26275,0.59,Ideal,F,SI2,59.5,57,5.5,5.54,3.28,1221
26276,1.24,Ideal,H,VS1,61.6,56,6.95,6.87,4.26,7743
26277,0.5,Very Good,D,VS2,62.8,58,5.05,5.08,3.18,1752
26278,1.19,Ideal,G,VVS2,60.7,57,6.8,6.85,4.14,9587
26279,0.36,Very Good,E,VS2,62.3,58,4.51,4.55,2.82,789
26290,1.7,Very Good,J,SI1,59.1,61,7.79,7.85,4.62,7713
26293,1.24,Very Good,I,VS1,59.4,58,7.04,7.09,4.2,6754
26294,0.28,Ideal,H,VS1,62.2,54,4.19,4.23,2.62,462
26298,1.21,Ideal,F,SI2,61.8,57,6.82,6.87,4.23,5996
26303,1.05,Ideal,H,SI2,61.2,57,6.59,6.54,4.02,4410
26305,1,Fair,I,VS2,65.7,58,6.25,6.2,4.09,3265
26307,0.42,Ideal,E,VS2,62.3,55,4.83,4.77,2.99,1024
26309,0.72,Very Good,D,VS1,59.4,56,5.85,5.9,3.49,3619
26311,0.71,Good,I,SI1,63.6,63,5.61,5.64,3.58,1651
26312,0.78,Ideal,I,VS2,60.9,57,5.92,5.97,3.62,2400
26313,0.35,Good,F,SI2,,56,4.48,4.45,2.85,591
26314,1.22,Ideal,G,VS1,61.3,56,6.93,6.88,4.23,8313
26315,0.31,Premium,D,SI1,62,58,4.3,4.35,2.68,571
26317,1.48,Very Good,H,SI2,62.3,58,7.18,7.23,4.49,7244
26319,2.03,Ideal,F,SI2,61.6,55,8.19,8.14,5.03,18578
26320,0.8,Premium,J,SI1,60,60,6.1,5.97,3.66,2088
26322,1.63,Good,I,SI1,63.7,58,7.4,7.48,4.74,9556
26324,0.59,Ideal,E,VS2,61.4,58,5.38,5.4,3.31,1657
26325,1.24,Very Good,F,VS1,59,60,7,7.07,4.15,9885
26326,0.7,Very Good,J,SI1,60.2,61,5.69,5.73,3.44,1817
26327,1.01,Good,E,VS2,62.6,58,6.33,6.36,3.97,6221
26328,0.33,Ideal,D,VS2,61.8,56,4.4,4.44,2.73,781
26329,0.36,Ideal,D,VS2,61,56,4.63,4.59,2.81,1094
26330,0.26,Ideal,F,VVS1,60.3,56,4.15,4.17,2.51,733
26332,0.7,Very Good,E,SI1,63.2,57,5.63,5.61,3.55,2518
26334,1.32,Very Good,H,SI1,62.8,56,6.94,7,4.38,7283
26339,0.7,Ideal,E,VS2,61,56,5.76,5.79,3.52,3376
26342,0.24,Very Good,F,VVS1,60.6,60,4.03,4.06,2.45,478
26343,0.7,Very Good,E,SI2,62.6,57,5.64,5.67,3.54,2514
26347,0.9,Premium,H,VS1,63,59,6.13,6.1,3.85,4064
26349,0.81,Premium,D,SI2,61.7,58,5.97,5.93,3.67,2994
26350,1.02,Premium,E,VS2,61.9,62,6.47,6.38,3.98,6215
26352,0.32,Premium,G,SI1,62.6,58,4.35,4.31,2.71,612
26353,0.71,Very Good,D,SI1,63.2,58,5.65,5.68,3.58,2681
26357,2.12,Ideal,I,SI1,62.2,57,8.21,8.14,5.08,12284
26358,1.28,Ideal,H,SI2,62.8,57,6.92,6.87,4.33,6451
26359,0.97,Premium,F,VVS2,58.1,60,6.53,6.49,3.78,6768
26361,0.59,Ideal,H,SI1,61.1,57,5.39,5.41,3.3,1445
26362,0.32,Very Good,I,SI2,63.1,58,4.41,4.34,2.76,480
26363,1.09,Good,D,IF,58.7,61,6.75,6.85,3.99,16406
26364,1.14,Ideal,G,VVS2,62.3,55,6.64,6.72,4.18,8743
26366,0.74,Very Good,G,SI2,63.3,57,5.73,5.7,3.62,2398
26370,0.31,Very Good,H,VS2,60,60,4.4,4.43,2.65,489
26378,1.06,Very Good,F,IF,60.6,56,6.62,6.69,4.03,9433
26383,1.14,Ideal,D,SI2,61.4,56,6.69,6.77,4.13,5548
26388,0.52,Ideal,G,VS1,61.8,55,5.17,5.21,3.21,1689
26392,1.15,Ideal,I,VS2,61.7,59,6.68,6.73,4.14,5038
26393,0.41,Ideal,H,VVS2,62,56,4.74,4.78,2.95,899
26397,0.31,Ideal,E,VS1,61.3,55,4.36,4.38,2.68,692
26398,0.38,Ideal,E,SI1,61.7,58,4.71,4.63,2.88,658
26404,0.4,Ideal,F,VS2,62.6,56,4.71,4.72,2.95,790
26407,1.5,Very Good,D,SI1,63.1,57,7.31,7.24,4.59,11863
26408,0.42,Good,F,VVS1,61.2,64,4.75,4.8,2.92,1164
26410,0.57,Ideal,E,VS2,61.9,57,5.29,5.31,3.28,1851
26414,0.32,Very Good,F,VVS1,62.2,55,4.39,4.43,2.74,886
26423,0.31,Very Good,E,SI1,63.1,55,4.36,4.33,2.74,698
26424,0.35,Ideal,G,VVS2,61,57,4.58,4.54,2.78,1024
26425,1.02,Premium,E,SI2,62.9,56,6.43,6.36,4.02,4478
26426,1.1,Very Good,E,SI2,60.9,60,6.61,6.66,4.04,4539
26429,1.54,Very Good,I,SI2,59.4,61,7.49,7.56,4.47,7589
26431,0.4,Ideal,G,VS2,60.5,57,4.74,4.8,2.89,1003
26435,0.53,Ideal,F,VS1,61.5,56,5.26,5.22,3.22,1856
26436,1.86,Premium,H,SI2,62.3,57,7.85,7.82,4.88,11520
26441,1.01,Ideal,I,SI1,62.5,56,6.4,6.44,4.01,4413
26447,0.51,Very Good,J,SI1,63.2,56,5.06,5.1,3.21,977
26448,0.33,Ideal,H,VS2,60.7,57,4.45,4.48,2.71,521
26451,0.7,Fair,G,SI1,68.4,58,5.59,5.55,3.61,1915
26452,0.7,Good,H,VVS1,62.7,56,5.6,5.66,3.53,2877
26454,1.27,Ideal,F,VVS2,62.2,54,6.92,6.95,4.31,12576
26455,0.33,Ideal,G,VS2,61.6,55,4.46,4.43,2.74,743
26456,1.04,Ideal,F,SI1,62.1,56,6.54,6.47,4.04,4426
26457,1.71,Very Good,I,SI1,62.4,59,7.63,7.6,4.75,10681
26458,1.51,Ideal,H,SI1,62.7,56,7.32,7.38,4.61,9694
26463,0.34,Very Good,D,SI1,62,59,4.42,4.48,2.76,626
26468,0.9,Premium,E,VS2,,59,6.14,6.06,3.82,4687
26476,1.71,Very Good,J,SI1,62.9,58,7.58,7.64,4.79,8690
26481,0.71,Ideal,H,VVS2,61.9,56,5.72,5.76,3.55,3371
26482,1.03,Ideal,F,IF,61.3,56,6.53,6.55,4.01,11365
26485,1,Premium,H,SI2,60.2,61,6.48,6.44,3.89,3920
26486,0.33,Very Good,E,SI1,62.7,56,4.39,4.45,2.77,579
26491,0.33,Ideal,D,VS2,60.3,55,4.52,4.5,2.72,855
26493,1.34,Ideal,H,VS2,61.9,55,7.05,7.08,4.37,8771
26496,1.5,Premium,G,VS1,61.2,59,7.32,7.36,4.49,14105
26498,0.41,Premium,G,VS2,60.9,58,4.83,4.8,2.93,1061
26499,0.41,Ideal,F,VVS2,62.9,54,4.74,4.7,2.97,1192
26500,1.01,Very Good,F,VVS2,61.1,58,6.43,6.47,3.94,9065
26501,0.4,Very Good,E,SI1,62.8,59,4.64,4.69,2.93,737
26504,0.81,Very Good,F,SI1,62.2,56,5.97,5.99,3.72,3308
26505,0.75,Premium,D,SI2,60.6,56,5.94,5.9,3.59,2415
26506,0.4,Good,H,SI2,63.7,59,4.64,4.69,2.97,561
26507,0.4,Ideal,F,VS2,62,57,4.68,4.74,2.92,842
26508,0.3,Ideal,E,I1,60.3,57,4.39,4.36,2.64,495
26510,1.2,Ideal,G,VS1,62.4,57,6.8,6.78,4.24,8701
26511,2.04,Fair,I,SI2,66.6,56,7.8,7.77,5.19,9802
26512,0.52,Ideal,F,SI2,62.1,55,5.14,5.17,3.2,1191
26514,0.71,Ideal,D,VS1,60.4,60,5.77,5.82,3.5,3576
26518,1.09,Ideal,G,I1,61,56,6.66,6.62,4.05,3614
26527,1.2,Ideal,D,SI1,61.8,58,6.76,6.83,4.2,7508
26528,0.24,Ideal,G,VVS1,62,56,3.97,4.01,2.47,559
26531,0.9,Premium,E,SI2,61.3,60,6.17,6.23,3.8,3662
26532,1.06,Ideal,G,VS2,61.9,55,6.54,6.57,4.06,6728
26534,0.97,Very Good,F,VVS2,,60,6.49,6.53,3.78,6889
26535,0.41,Premium,D,SI2,61.2,59,4.77,4.8,2.93,683
26537,0.7,Premium,I,I1,62.3,58,5.69,5.55,3.51,1107
26541,1.51,Good,I,VS2,62.9,57,7.23,7.27,4.56,8720
26542,0.5,Very Good,G,VVS2,60.9,61,5.11,5.13,3.12,1838
26548,0.4,Ideal,F,SI1,62.1,57,4.69,4.65,2.9,882
26549,0.23,Very Good,H,VVS2,59.2,61,4,4.04,2.38,389
26551,0.7,Very Good,F,VS2,63,58,5.59,5.62,3.53,2507
26552,0.39,Very Good,J,VS1,63.5,58,4.64,4.59,2.93,790
26561,0.34,Very Good,D,VS2,62.9,55,4.43,4.47,2.8,805
26565,0.51,Premium,G,VS2,62.9,58,5.11,5.06,3.2,1546
26573,0.54,Very Good,H,SI2,60.7,55,5.31,5.34,3.23,1194
26575,0.71,Ideal,E,VS2,62.3,56,5.7,5.73,3.56,3026
26577,1.01,Ideal,E,SI2,61.1,59,6.53,6.47,3.97,4787
26580,0.71,Premium,F,SI1,60.3,60,5.76,5.79,3.48,2262
26581,1,Premium,H,VS1,60.7,59,6.44,6.4,3.9,5387
26584,0.51,Ideal,G,VS2,62.9,54,5.12,5.08,3.21,1546
26585,0.31,Premium,E,IF,61,59,4.36,4.39,2.67,1060
26586,1.04,Premium,G,VS2,61.8,58,6.51,6.46,4.01,6709
26587,2.14,Ideal,E,SI2,62.7,55,8.26,8.21,5.16,13065
26588,0.7,Ideal,E,SI1,61.7,55,5.71,5.74,3.53,2745
26591,0.52,Very Good,G,VS1,61.1,58,5.16,5.19,3.16,1689
26593,1.02,Ideal,E,SI2,62.9,57,6.44,6.38,4.03,4798
26597,0.26,Very Good,F,VS2,61.4,56,4.09,4.12,2.53,499
26598,0.35,Ideal,G,VS2,61.3,56,4.55,4.58,2.8,807
26599,0.32,Premium,H,VS2,60.7,60,4.39,4.41,2.67,505
26602,0.31,Very Good,D,SI1,62.1,58,4.3,4.33,2.68,571
26603,0.41,Ideal,I,VS1,61.8,53,4.81,4.84,2.98,753
26604,1.06,Ideal,E,SI1,59.6,54,6.64,6.62,3.95,5250
26605,0.9,Premium,G,SI1,61.3,60,6.17,6.14,3.77,3774
26607,0.75,Very Good,D,SI1,63.9,56,5.73,5.75,3.67,3085
26610,0.32,Premium,H,VVS1,61.4,58,4.42,4.37,2.7,936
26613,1.11,Ideal,F,VS2,61.6,57,6.65,6.67,4.1,7740
26614,1.01,Very Good,F,VS2,59.2,59,6.49,6.61,3.88,6257
26615,1.69,Very Good,I,VVS2,60.4,59,7.7,7.73,4.66,12394
26618,0.32,Ideal,D,VS2,62.1,53,4.42,4.44,2.75,671
26621,0.26,Ideal,I,VS1,62.1,55,4.11,4.13,2.56,434
26623,0.32,Very Good,J,VVS1,60.2,60,4.42,4.49,2.68,544
26624,1.5,Ideal,G,VS2,61.4,59,7.37,7.32,4.5,13428
26625,1.1,Premium,D,SI2,62.4,58,6.57,6.6,4.11,4640
26631,0.3,Very Good,G,VS2,63.5,54,4.28,4.25,2.71,675
26632,1.63,Premium,E,VS2,61.8,58,7.57,7.49,4.65,13678
26634,2.21,Premium,J,SI2,60.6,62,8.45,8.37,5.1,12327
26635,0.31,Premium,H,VS1,62.9,58,4.34,4.31,2.72,698
26638,1.19,Premium,I,SI2,60.1,59,6.9,6.82,4.12,4498
26640,1.16,Fair,G,SI1,65.9,55,6.54,6.51,4.3,4612
26643,1.26,Very Good,G,SI1,63.3,58,6.88,6.84,4.34,7910
26644,1.17,Ideal,G,SI2,62.6,55,6.74,6.78,4.23,5743
26647,0.9,Very Good,E,SI2,63.4,60,6.07,6.02,3.83,3342
26650,0.58,Ideal,E,VVS2,60.9,56,5.41,5.43,3.3,2808
26653,1.01,Premium,G,SI2,60.1,58,6.54,6.39,3.89,3173
26654,1.02,Very Good,D,VS2,62.7,58,6.35,6.44,4.01,6974
26656,0.58,Premium,D,VS1,59.2,60,5.46,5.41,3.22,2401
26664,1.3,Premium,H,SI1,62.9,60,6.95,6.88,4.35,5671
26668,0.34,Ideal,E,VVS1,62.2,56,4.44,4.46,2.77,1014
26672,0.4,Ideal,F,VVS1,61.1,56,4.78,4.81,2.93,1908
26673,0.5,Very Good,G,SI1,60.6,56,5.13,5.16,3.12,1202
26680,0.31,Very Good,I,VS2,61.6,56,4.36,4.39,2.69,468
26682,1.51,Very Good,H,SI2,60.8,56,7.41,7.46,4.52,8372
26686,0.32,Ideal,G,SI1,62.6,55,4.38,4.41,2.75,445
26688,0.31,Good,H,VS2,63.1,57,4.28,4.31,2.71,489
26693,0.32,Ideal,H,VS2,61.3,56,4.42,4.45,2.72,523
26694,1.06,Ideal,E,SI2,62.2,55,6.54,6.51,4.06,5319
26696,0.4,Ideal,F,VVS2,61.6,56,4.73,4.77,2.93,1196
26697,1.05,Premium,G,SI2,62.7,54,6.51,6.48,4.07,4018
26698,0.34,Very Good,H,VS2,63.1,56,4.46,4.41,2.8,689
26702,0.51,Very Good,D,VS1,62.2,59,5.1,5.13,3.18,1959
26706,0.92,Premium,H,VVS2,62.5,58,6.25,6.16,3.88,4637
26708,1.16,Ideal,G,SI2,,54,6.75,6.78,4.16,5206
26711,1.5,Very Good,F,VS1,61.6,58,7.35,7.43,4.55,15022
26713,1.3,Good,J,VS2,63.6,59,6.87,6.9,4.38,5175
26716,0.5,Good,E,VVS1,58.3,62,5.16,5.23,3.03,2008
26718,0.38,Ideal,F,SI1,61.1,57,4.7,4.72,2.88,660
26720,0.5,Premium,F,VS1,60.6,59,5.19,5.14,3.13,1764
26724,1.01,Good,F,SI2,63.1,58,6.34,6.38,4.01,3768
26731,0.31,Very Good,G,VS1,63.3,57,4.31,4.28,2.72,749
26732,1.52,Premium,H,VVS2,62.8,57,7.38,7.27,4.6,12232
26736,1.18,Premium,I,VS1,62.1,58,6.76,6.7,4.18,5921
26737,0.37,Very Good,E,VVS2,61.2,55,4.63,4.68,2.85,779
26738,0.34,Good,E,SI2,63.1,56,4.46,4.51,2.83,445
26741,1,Premium,G,SI2,61.8,59,6.38,6.33,3.93,4368
26746,0.65,Ideal,G,VS1,60.6,60,5.58,5.61,3.39,2242
26749,0.7,Ideal,E,SI1,61.9,55,5.74,5.77,3.56,2537
26752,0.51,Ideal,H,SI2,62.1,55,5.12,5.14,3.18,1016
26753,0.4,Very Good,F,SI1,63.1,58,4.69,4.66,2.95,882
26759,1.02,Ideal,J,VS2,62,56,6.42,6.45,3.99,4485
26760,0.4,Ideal,F,VS2,63.4,54,4.73,4.68,2.99,1059
26761,1.21,Premium,I,SI1,61.8,59,6.85,6.81,4.22,5276
26764,1.21,Premium,G,VS2,61.5,58,6.84,6.81,4.2,7792
26767,1,Very Good,I,SI1,60.4,63,6.44,6.37,3.87,4032
26768,0.57,Ideal,D,VS2,62.1,56,5.34,5.29,3.3,1963
26769,0.3,Premium,E,VS2,62,60,4.23,4.26,2.63,658
26770,0.3,Ideal,G,VS1,61.8,54,4.29,4.32,2.66,605
26773,0.3,Ideal,F,IF,62.1,55,4.32,4.35,2.69,886
26774,0.36,Good,F,VS1,63.6,60,4.52,4.47,2.86,945
26775,0.31,Ideal,F,VS2,61.9,57,4.34,4.32,2.68,749
26776,1.56,Very Good,F,SI1,60.7,59,7.45,7.55,4.55,11794
26780,0.77,Premium,H,VS1,61.3,60,5.9,5.88,3.61,2789
26781,0.33,Ideal,G,IF,62.2,56,4.45,4.43,2.76,1052
26783,0.34,Premium,G,VVS2,61.4,59,4.52,4.47,2.76,995
26784,0.7,Ideal,D,VS1,62,57,5.69,5.76,3.55,3335
26785,0.52,Premium,E,VS2,62.5,60,5.14,5.1,3.2,1694
26790,1.02,Ideal,I,VS2,60.8,57,6.42,6.5,3.93,4281
26798,0.72,Ideal,E,SI1,60.3,57,5.83,5.85,3.52,2847
26799,0.54,Ideal,I,VS1,61.6,54,5.26,5.3,3.25,1216
26801,0.9,Good,E,SI1,63.8,56,6.09,6.17,3.91,3510
26809,0.41,Premium,F,SI1,61,60,4.77,4.81,2.92,755
26810,0.7,Fair,E,SI1,65.2,58,5.57,5.54,3.62,2318
26811,0.64,Ideal,G,VVS2,,54,5.53,5.56,3.42,2587
26812,1.24,Premium,H,SI2,59.9,60,7.02,7,4.2,5694
26820,2.01,Good,H,VS2,63.3,55,7.87,7.94,5,18640
26821,0.32,Very Good,G,VVS1,60.6,56,4.44,4.47,2.7,772
26822,1,Premium,F,VS1,62.7,55,6.39,6.34,3.99,7056
26823,0.41,Premium,I,VVS1,61.9,57,4.82,4.78,2.97,1107
26825,0.41,Very Good,D,VS2,59.2,58,4.83,4.87,2.87,995
26828,0.51,Very Good,D,VVS2,63.1,58,5.1,5.07,3.21,2289
26832,1.07,Premium,F,SI2,61.8,59,6.53,6.57,4.05,4560
26836,0.36,Premium,E,VS2,60.3,59,4.64,4.58,2.78,1013
26837,1.62,Good,I,VS1,59.6,65,7.69,7.59,4.55,9526
26840,1,Premium,G,VS1,62.9,60,6.36,6.29,3.98,6989
26841,0.71,Ideal,E,VS2,62.7,57,5.66,5.64,3.54,2817
26842,0.7,Ideal,F,SI1,62,55,5.72,5.7,3.54,2415
26843,2.04,Ideal,J,SI1,62.6,55,8.08,8.12,5.07,12696
26844,2.01,Premium,G,SI2,59.4,58,8.19,8.15,4.85,15562
26845,1.11,Very Good,G,VS2,62.3,58,6.59,6.61,4.11,6311
26848,0.32,Premium,G,VS2,60.5,58,4.42,4.41,2.67,720
26849,0.71,Premium,E,SI2,61.1,58,5.76,5.73,3.51,2306
26851,0.31,Premium,F,VS2,61.6,58,4.35,4.38,2.69,625
26853,0.9,Very Good,G,SI2,63.1,58,6.08,6.02,3.82,2857
26856,0.5,Good,D,SI1,61.1,64,5.05,5.07,3.09,1374
26860,0.26,Ideal,E,VS1,62.3,57,4.05,4.08,2.53,556
26861,0.45,Very Good,G,VVS1,60.1,58,4.95,4.97,2.98,1263
26863,0.73,Very Good,E,SI1,61.6,59,5.77,5.78,3.56,2760
26866,0.37,Ideal,F,VS2,60.6,56,4.63,4.64,2.81,746
26868,0.5,Ideal,H,SI1,61.3,54,5.12,5.16,3.15,1666
26869,0.6,Ideal,G,VS1,61.1,57,5.41,5.45,3.32,2147
26870,1.42,Ideal,I,VS2,60.4,55,7.28,7.38,4.43,8173
26871,0.3,Ideal,G,SI1,61.2,56,4.33,4.36,2.65,487
26876,0.34,Ideal,I,SI1,61.9,57,4.52,4.49,2.79,589
26879,1.2,Very Good,G,SI1,63.2,59,6.77,6.74,4.27,5665
26880,1.07,Very Good,F,VS1,62,56,6.51,6.55,4.05,7513
26881,0.42,Very Good,F,SI1,63.4,56,4.8,4.76,3.03,926
26884,0.41,Ideal,I,VVS1,61.8,55,4.79,4.76,2.95,1107
26886,1.3,Ideal,G,VS2,61.9,55,7.04,7.01,4.35,9225
26887,0.31,Premium,D,SI2,61.8,60,4.37,4.33,2.69,593
26888,0.72,Premium,J,SI2,60.3,58,5.81,5.73,3.48,1667
26890,1.2,Premium,I,SI1,61.4,57,6.87,6.8,4.2,5098
26892,0.66,Ideal,D,SI1,62.7,55,5.56,5.61,3.5,2079
26898,0.42,Ideal,D,VS2,61.2,56,4.84,4.8,2.95,1103
26907,0.71,Premium,H,SI1,62.4,59,5.65,5.6,3.51,2112
26915,1,Premium,F,SI1,61.6,61,6.37,6.3,3.9,5292
26918,1.5,Ideal,E,SI1,61.9,57,7.37,7.31,4.54,9828
26924,0.71,Ideal,H,VVS2,61.5,54,5.74,5.8,3.55,2594
26925,0.34,Ideal,H,IF,61.7,56,4.5,4.51,2.78,863
26927,1.2,Ideal,H,VS2,62,56,6.86,6.81,4.24,6666
26929,1.11,Ideal,E,VVS1,61.3,54,6.68,6.72,4.11,12725
26931,0.24,Good,F,IF,65.1,58,3.86,3.88,2.52,492
26932,0.8,Ideal,D,VS2,61,57,5.96,6,3.65,4170
26939,2.14,Premium,I,VS2,59.3,59,8.39,8.43,5,15418
26940,0.5,Very Good,E,VS2,62.4,57,5.01,5.03,3.13,1568
26943,0.54,Ideal,F,VS2,62.2,57,5.21,5.24,3.25,1662
26945,1.22,Premium,H,VS2,62.7,59,6.82,6.81,4.27,6184
26946,1.1,Good,I,SI1,57.7,60,6.82,6.77,3.92,4312
26947,1.57,Very Good,I,VS1,59.7,61,7.51,7.62,4.52,10336
26948,1.56,Very Good,J,SI2,62,57,7.37,7.44,4.59,6662
26951,1.63,Ideal,F,VS1,61.6,57,7.53,7.61,4.66,18179
26955,0.3,Ideal,D,VS2,62.3,56,4.29,4.32,2.68,710
26959,0.7,Good,F,VS1,62.8,61,5.57,5.61,3.51,2810
26962,1.1,Ideal,I,VS1,61.7,57,6.65,6.62,4.09,5544
26965,0.9,Very Good,G,SI2,63.2,58,6.05,6.1,3.84,3787
26967,0.37,Good,H,VS2,63.7,55,4.54,4.56,2.9,584
